Metric,Mean,Standard Deviation
Overall F1,0.9590413771129345,0.00963416204930293
Overall Precision,0.9604267660408798,0.009033406611569523
Overall Recall,0.9590750000000001,0.009611486972273436
Authentic F1,0.9601429,0.009123232558316777
Authentic Precision,1.0,0.0
Authentic Recall,0.9845,0.008149487187188009
Synthetic F1,0.9579400655567484,0.01015720763977888
Synthetic Precision,0.9837378901558408,0.008398293657607336
Synthetic Recall,0.93365,0.017535749919878656
