Metric,Mean,Standard Deviation
Overall F1,0.7398770026800654,0.020885863185775486
Overall Precision,0.7408056745298256,0.020905742992333266
Overall Recall,0.7400753768844222,0.020854342227194577
Authentic F1,0.7438213666666667,0.021116209939433805
Authentic Precision,1.0,0.0
Authentic Recall,0.755142378559464,0.030420670815101775
Synthetic F1,0.7359323820897752,0.022366683369532948
Synthetic Precision,0.7480520345458253,0.0242022065050135
Synthetic Recall,0.7250083752093801,0.031776418645181846
