Metric,Mean,Standard Deviation
Overall F1,0.41431151558607476,0.022952704813748954
Overall Precision,0.535364301861617,0.0422485148754633
Overall Recall,0.5116499999999999,0.01433377377758805
Authentic F1,0.6526471,0.011647753266253325
Authentic Precision,0.75,0.4351941398892446
Authentic Recall,0.91795,0.027653109127988556
Synthetic F1,0.1759766262596588,0.043231918603279726
Synthetic Precision,0.5642844790141213,0.07695768283594769
Synthetic Recall,0.10534999999999999,0.029252082719600385
