Metric,Mean,Standard Deviation
Overall F1,0.3930124808969635,0.020577097072316943
Overall Precision,0.46888533997289555,0.044343903301275266
Overall Recall,0.48747499999999994,0.016596423948513354
Authentic F1,0.6318584,0.016125862076713036
Authentic Precision,0.23,0.4229525846816507
Authentic Recall,0.88055,0.03733478757990147
Synthetic F1,0.15416681996589743,0.039351912659102664
Synthetic Precision,0.4448903190207145,0.07977681041545857
Synthetic Recall,0.09440000000000001,0.027425565010799978
