Metric,Mean,Standard Deviation
Overall F1,0.8845489829275449,0.015195297772384453
Overall Precision,0.8906142058186028,0.014172566714624782
Overall Recall,0.8849624060150376,0.015039703488232248
Authentic F1,0.8780358000000001,0.016984803914087437
Authentic Precision,1.0,0.0
Authentic Recall,0.8272499999999999,0.025891917930918388
Synthetic F1,0.891095061226586,0.013569761081205913
Synthetic Precision,0.8449372126256623,0.019659174471750248
Synthetic Recall,0.942964824120603,0.01602470876829296
