Metric,Mean,Standard Deviation
Overall F1,0.8912919188745021,0.016379416422936065
Overall Precision,0.894007676643414,0.015835761019699496
Overall Recall,0.8914749999999999,0.01630708698261544
Authentic F1,0.8953649,0.01530029005435762
Authentic Precision,1.0,0.0
Authentic Recall,0.9281,0.01913244639481591
Synthetic F1,0.8872192279251502,0.017650940367020546
Synthetic Precision,0.9227544808299387,0.019023285263137197
Synthetic Recall,0.8548499999999999,0.026925401997505503
