Metric,Mean,Standard Deviation
Overall F1,0.3632502999415653,0.057219960710243975
Overall Precision,0.3636034852211782,0.06363437569010554
Overall Recall,0.39425,0.04420381513769227
Authentic F1,0.49596239999999997,0.03168943274527286
Authentic Precision,0.01,0.09999999999999999
Authentic Recall,0.5974999999999999,0.061185675355322086
Synthetic F1,0.230538291310226,0.10748206707226511
Synthetic Precision,0.3010471581420997,0.10254888948152387
Synthetic Recall,0.19100000000000006,0.10689133536333792
