Metric,Mean,Standard Deviation
Overall F1,0.9426959844998959,0.007830886432217186
Overall Precision,0.9445311961566617,0.007404532770430524
Overall Recall,0.9427581329561526,0.007805489880866036
Authentic F1,0.9445490999999998,0.007342864755542062
Authentic Precision,1.0,0.0
Authentic Recall,0.9731920903954803,0.008709067262815982
Synthetic F1,0.9408378743919763,0.00834878213832224
Synthetic Precision,0.9714702521686125,0.008961742543721429
Synthetic Recall,0.9122379603399432,0.014377202219944738
