Metric,Mean,Standard Deviation
Overall F1,0.8276884706537495,0.01958984528938804
Overall Precision,0.836860963785307,0.018794648205910952
Overall Recall,0.8287499999999999,0.019297969223771083
Authentic F1,0.8146201000000001,0.022474223416432373
Authentic Precision,1.0,0.0
Authentic Recall,0.7537,0.03217392758370692
Synthetic F1,0.8407572959176933,0.01728097433215985
Synthetic Precision,0.7863840738556465,0.0222700720269025
Synthetic Recall,0.9037999999999999,0.02300768426751236
