Metric,Mean,Standard Deviation
Overall F1,0.38427160871766014,0.023206838682205168
Overall Precision,0.47814442741406277,0.06293129842739105
Overall Recall,0.4935749999999999,0.01774985773168195
Authentic F1,0.6434093,0.0142724005225739
Authentic Precision,0.3,0.4605661864718382
Authentic Recall,0.91415,0.02865728352426131
Synthetic F1,0.12513382680733764,0.039415611439441355
Synthetic Precision,0.4598145200180189,0.1166590182335954
Synthetic Recall,0.073,0.02443296332763787
