Metric,Mean,Standard Deviation
Overall F1,0.33862639777739356,0.007562384783399529
Overall Precision,0.4120957252198757,0.11956478446208278
Overall Recall,0.49379999999999996,0.007415176901790574
Authentic F1,0.6589368,0.006388057493906461
Authentic Precision,0.15,0.3588702812826367
Authentic Recall,0.9780999999999999,0.014138206706965674
Synthetic F1,0.018316816831709593,0.012960232681962974
Synthetic Precision,0.3273609168609169,0.2362175641887879
Synthetic Recall,0.009500000000000001,0.006797949780052897
