Metric,Mean,Standard Deviation
Overall F1,0.961416390352949,0.00838445525813603
Overall Precision,0.961816436942104,0.008308697801934248
Overall Recall,0.961425,0.008380585729632347
Authentic F1,0.9618592000000001,0.008220535837434529
Authentic Precision,1.0,0.0
Authentic Recall,0.9725499999999999,0.011492092142781575
Synthetic F1,0.9609732770920083,0.008565308885013
Synthetic Precision,0.9720712032512586,0.0113647667157517
Synthetic Recall,0.9502999999999997,0.01370357175293647
