Metric,Mean,Standard Deviation
Overall F1,0.9688221964495446,0.009565542339299689
Overall Precision,0.968981288154403,0.009530634922203997
Overall Recall,0.9688249999999998,0.00956407815260264
Authentic F1,0.9689388999999999,0.009509915282312858
Authentic Precision,1.0,0.0
Authentic Recall,0.9721999999999998,0.011898561155692641
Synthetic F1,0.9687056059548754,0.00963037228922548
Synthetic Precision,0.9721261733969176,0.011652615170511233
Synthetic Recall,0.9654499999999999,0.013690205154478781
