Metric,Mean,Standard Deviation
Overall F1,0.9414647050259574,0.012125838057245396
Overall Precision,0.9458971251929703,0.010524350868145613
Overall Recall,0.9416279069767441,0.01203166361054637
Authentic F1,0.9445501666666667,0.010926359445916108
Authentic Precision,1.0,0.0
Authentic Recall,0.9891611479028698,0.008575869817037172
Synthetic F1,0.9383592427313908,0.013357521341517086
Synthetic Precision,0.9880471784334607,0.009342491183365248
Synthetic Recall,0.8937777777777778,0.023523406961786057
