Metric,Mean,Standard Deviation
Overall F1,0.8749241988284178,0.016088491836383466
Overall Precision,0.8755483011658373,0.01590141749003607
Overall Recall,0.8749747474747476,0.016065577669113002
Authentic F1,0.8734414000000003,0.016769390767319804
Authentic Precision,1.0,0.0
Authentic Recall,0.8635353535353534,0.02488747466754362
Synthetic F1,0.8764069208998444,0.015669965955390636
Synthetic Precision,0.8670397504758364,0.02120679627800345
Synthetic Recall,0.8864141414141413,0.020322756750501676
