Metric,Mean,Standard Deviation
Overall F1,0.8538437326378496,0.017141413319350117
Overall Precision,0.8557562678527436,0.017020509652419188
Overall Recall,0.8540250000000001,0.017092643434997397
Authentic F1,0.8581046999999999,0.01659167702113736
Authentic Precision,1.0,0.0
Authentic Recall,0.88295,0.02486422727493857
Synthetic F1,0.849583391470734,0.01819186606323837
Synthetic Precision,0.8763318634157522,0.022700936685750503
Synthetic Recall,0.8251,0.027173033275174428
