Metric,Mean,Standard Deviation
Overall F1,0.4092327881982169,0.03658646442201275
Overall Precision,0.4132720037539517,0.038325908273529295
Overall Recall,0.420075,0.03399245125648108
Authentic F1,0.4848582999999999,0.03389683481111653
Authentic Precision,0.01,0.09999999999999999
Authentic Recall,0.5472,0.05188526580909852
Synthetic F1,0.33360780147506325,0.05615921192999135
Synthetic Precision,0.3903335834124065,0.05208823983487721
Synthetic Recall,0.29295000000000004,0.0594252565085849
