,Key,Count,Mean Score
0,PRP,100,0.0752087180741738
1,of,100,0.06782626822188313
2,sentiment,100,0.0604474132973395
3,VB,100,0.053060823165643124
4,NN,100,0.053656120109077825
6,DT,98,0.038088309728020006
5,IN,97,0.038994759142683896
9,have,60,0.03421722353600754
7,to,59,0.0359055949830945
10,NNS,41,0.032696210166558014
8,the,40,0.03277931516312647
12,mean_sen_len,32,0.031527841993609654
13,RB,32,0.032295810465809184
11,i,24,0.03228947514915774
14,which,17,0.031220452285962663
