Metric,Mean,Standard Deviation
Overall F1,0.9709902978688755,0.008584950242878791
Overall Precision,0.971640559098191,0.008277324777068868
Overall Recall,0.9710016835016836,0.008576509448655272
Authentic F1,0.9704775666666666,0.008870663107048503
Authentic Precision,1.0,0.0
Authentic Recall,0.9547138047138048,0.015187132743240725
Synthetic F1,0.9715031365392095,0.008306327153081055
Synthetic Precision,0.9563473911449141,0.014014040450246562
Synthetic Recall,0.9872895622895623,0.008317395035465474
