Metric,Mean,Standard Deviation
Overall F1,0.8459800115829844,0.017362241927084052
Overall Precision,0.8517069165212895,0.016784487063730324
Overall Recall,0.8465822784810126,0.017193063241487207
Authentic F1,0.8553491000000001,0.01573849017279586
Authentic Precision,1.0,0.0
Authentic Recall,0.9046464646464645,0.02141881890110704
Synthetic F1,0.8365633874038223,0.01944941870431734
Synthetic Precision,0.8920528263126037,0.02159521663683909
Synthetic Recall,0.788223350253807,0.028697587885479096
