Metric,Mean,Standard Deviation
Overall F1,0.3894385849223178,0.020676386517821627
Overall Precision,0.4923861424183344,0.05343153605443686
Overall Recall,0.49760000000000004,0.014813316422541694
Authentic F1,0.6461381,0.012042490572212136
Authentic Precision,0.39,0.4902071300001973
Authentic Recall,0.9177000000000001,0.025970262714392105
Synthetic F1,0.13273915652968193,0.036900747588577525
Synthetic Precision,0.4860955020800465,0.09907050206590072
Synthetic Recall,0.0775,0.02347898264965129
