Metric,Mean,Standard Deviation
Overall F1,0.9193884478011413,0.014034009884167463
Overall Precision,0.9276088277720852,0.011915258174706907
Overall Recall,0.919779005524862,0.013853501371257092
Authentic F1,0.9249044999999999,0.012278720393222961
Authentic Precision,1.0,0.0
Authentic Recall,0.98646408839779,0.008897316790359803
Synthetic F1,0.9138730464626217,0.01582236104710966
Synthetic Precision,0.9844351942344401,0.010163412961229908
Synthetic Recall,0.8530939226519338,0.02517882440877607
