Metric,Mean,Standard Deviation
Overall F1,0.8904091265839178,0.014893976838425678
Overall Precision,0.893196289924232,0.014435869739731507
Overall Recall,0.8906109324758842,0.014816111486550102
Authentic F1,0.8947890000000001,0.0139004305216374
Authentic Precision,1.0,0.0
Authentic Recall,0.9270512820512822,0.020891750624530078
Synthetic F1,0.8860017992187172,0.01618443372757219
Synthetic Precision,0.9213483906121285,0.02000307515857853
Synthetic Recall,0.8539354838709677,0.026930864169915872
