Metric,Mean,Standard Deviation
Overall F1,0.4260733485220458,0.02556099428109447
Overall Precision,0.53648000381482,0.04995573385933687
Overall Recall,0.523598971722365,0.016886366999117827
Authentic F1,0.6650196000000002,0.013345753224577223
Authentic Precision,0.98,0.14070529413628965
Authentic Recall,0.9202000000000001,0.02954982096717201
Synthetic F1,0.17321997276354978,0.04781934932305337
Synthetic Precision,0.553080419425632,0.09339066624973284
Synthetic Recall,0.10391534391534388,0.03226308311048783
