Metric,Mean,Standard Deviation
Overall F1,0.33607381166474865,0.004435810154687406
Overall Precision,0.4118796272144112,0.19694200136768558
Overall Recall,0.499475,0.0029579331782291244
Authentic F1,0.6654397999999999,0.002266320820317835
Authentic Precision,0.25,0.4351941398892446
Authentic Recall,0.9955499999999998,0.004969350505291863
Synthetic F1,0.006709050643565081,0.00802320515396989
Synthetic Precision,0.3240238095238095,0.39279411143307597
Synthetic Recall,0.0034000000000000002,0.0040750534482458765
