Metric,Mean,Standard Deviation
Overall F1,0.4959447968254777,0.030531333004384716
Overall Precision,0.5225582240790637,0.0318391667627742
Overall Recall,0.51885,0.026482365010807793
Authentic F1,0.6018818,0.022379917195936398
Authentic Precision,0.72,0.4512608598542128
Authentic Recall,0.7279999999999999,0.03920291681582746
Synthetic F1,0.39000768634135924,0.04813419437031045
Synthetic Precision,0.5315653612813835,0.04489921339362442
Synthetic Recall,0.3097,0.049363729374691474
