Metric,Mean,Standard Deviation
Overall F1,0.37708923157324425,0.042219938992509795
Overall Precision,0.48343752026567044,0.0925870610105505
Overall Recall,0.5,0.019361656369581023
Authentic F1,0.6521985000000001,0.014638191391774542
Authentic Precision,0.4,0.49236596391733095
Authentic Recall,0.9386500000000001,0.046752383399516144
Synthetic F1,0.10197968567984597,0.08622587953896164
Synthetic Precision,0.46660559887282527,0.17765897562813363
Synthetic Recall,0.06135000000000001,0.06122014836356218
