Metric,Mean,Standard Deviation
Overall F1,0.4915612167888553,0.028192173127367305
Overall Precision,0.5009003894186392,0.029574861524420907
Overall Recall,0.5005250000000001,0.027428269627292844
Authentic F1,0.43509,0.052253317018098856
Authentic Precision,0.49,0.5024183937956913
Authentic Recall,0.39005,0.07362371914133392
Synthetic F1,0.5480321121372805,0.041886032951589255
Synthetic Precision,0.5000088570849546,0.023177497054003217
Synthetic Recall,0.611,0.08155991786423158
