Metric,Mean,Standard Deviation
Overall F1,0.9450459941051418,0.010916905155156892
Overall Precision,0.949160469886776,0.009508430060650743
Overall Recall,0.9451776649746193,0.010846394440119493
Authentic F1,0.9476664000000004,0.009935186782544172
Authentic Precision,1.0,0.0
Authentic Recall,0.9910659898477158,0.007036668555702142
Synthetic F1,0.9424262830384359,0.011914161714865496
Synthetic Precision,0.9902287768752427,0.0076100524984835894
Synthetic Recall,0.8992893401015231,0.021019064968872864
