Metric,Mean,Standard Deviation
Overall F1,0.3240041920805502,0.012131471748911854
Overall Precision,0.30730206033001745,0.03635684672216148
Overall Recall,0.44645,0.018996876404591183
Authentic F1,0.6112594,0.01924516761174192
Authentic Precision,0.0,0.0
Authentic Recall,0.8714999999999997,0.04136863106707349
Synthetic F1,0.03674972203303032,0.020099712021764207
Synthetic Precision,0.14379356443921015,0.06681055819581445
Synthetic Recall,0.021400000000000002,0.012412929069353778
