Metric,Mean,Standard Deviation
Overall F1,0.33909892149632953,0.008307755342586768
Overall Precision,0.41362661569548137,0.12388508808657771
Overall Recall,0.4947249999999999,0.006531731018727735
Authentic F1,0.6597710000000001,0.005267920161532707
Authentic Precision,0.17,0.3775251680686369
Authentic Recall,0.9798999999999998,0.011458753435824968
Synthetic F1,0.01842641619952851,0.014597574290078285
Synthetic Precision,0.3299397546897547,0.24513946832682806
Synthetic Recall,0.009550000000000001,0.007690181330039552
