Metric,Mean,Standard Deviation
Overall F1,0.6180158295193238,0.041554437014620804
Overall Precision,0.7043260300397263,0.029805601610257193
Overall Recall,0.6463,0.03166961708743328
Authentic F1,0.7207517000000003,0.0188013199114887
Authentic Precision,1.0,0.0
Authentic Recall,0.9114,0.026525002499071658
Synthetic F1,0.5152794724640262,0.06671348581903412
Synthetic Precision,0.8118617937815212,0.04375237061740052
Synthetic Recall,0.3812,0.06954077359304534
