Metric,Mean,Standard Deviation
Overall F1,0.9487778519125961,0.011679845867805827
Overall Precision,0.952216875717016,0.010260927230330615
Overall Recall,0.9488888888888888,0.011610082028437546
Authentic F1,0.9511463,0.010669113455034025
Authentic Precision,1.0,0.0
Authentic Recall,0.9903900709219859,0.007140275623923932
Synthetic F1,0.9463964400842337,0.012711197472204835
Synthetic Precision,0.9895259279092998,0.007701766409564138
Synthetic Recall,0.9071657754010695,0.02250830052142735
