Metric,Mean,Standard Deviation
Overall F1,0.9356234370116137,0.01403478529564161
Overall Precision,0.937087637370374,0.01360050112375426
Overall Recall,0.9356800000000001,0.014003520480885689
Authentic F1,0.9371083,0.013459115498802333
Authentic Precision,1.0,0.0
Authentic Recall,0.95768,0.01973710037754104
Synthetic F1,0.9341381447769477,0.014717270696205915
Synthetic Precision,0.9562390901620909,0.019400533291157606
Synthetic Recall,0.91368,0.025761485621255253
