Metric,Mean,Standard Deviation
Overall F1,0.9667383091828146,0.012670425209890765
Overall Precision,0.968459943184651,0.01152693745745584
Overall Recall,0.9667767295597484,0.012632379293684538
Authentic F1,0.9677792333333332,0.011937212708012849
Authentic Precision,1.0,0.0
Authentic Recall,0.993993710691824,0.007894841630835958
Synthetic F1,0.9656978852801233,0.013414338018344664
Synthetic Precision,0.9937258073661682,0.008137857236191046
Synthetic Recall,0.9395597484276732,0.024547387293252988
