Metric,Mean,Standard Deviation
Overall F1,0.9135011170770165,0.014729743805120868
Overall Precision,0.9185846410511885,0.013633219523145092
Overall Recall,0.913779264214047,0.014617575684559316
Authentic F1,0.9184021999999997,0.013314816883700082
Authentic Precision,1.0,0.0
Authentic Recall,0.9660666666666665,0.013098778654694077
Synthetic F1,0.9085676426930265,0.01621858535410215
Synthetic Precision,0.9619891013693304,0.01433935208179897
Synthetic Recall,0.8611409395973155,0.025069997357549025
