Metric,Mean,Standard Deviation
Overall F1,0.8714780758045511,0.011995449972296084
Overall Precision,0.880018686046551,0.01065771389413643
Overall Recall,0.8721720733427364,0.011784640923009614
Authentic F1,0.8808417,0.010246141235222227
Authentic Precision,1.0,0.0
Authentic Recall,0.9430985915492959,0.012044626496394047
Synthetic F1,0.8620884417288284,0.013933118822974976
Synthetic Precision,0.9336868071866027,0.012925161354252498
Synthetic Recall,0.8010451977401131,0.022138548549427588
