Metric,Mean,Standard Deviation
Overall F1,0.8617765985165714,0.015672829473356843
Overall Precision,0.8640327927008855,0.015543298210818277
Overall Recall,0.861975,0.015627833076491016
Authentic F1,0.8569928,0.016629802873033693
Authentic Precision,1.0,0.0
Authentic Recall,0.8276,0.023273516400762584
Synthetic F1,0.866560060981925,0.015010975270482866
Synthetic Precision,0.8390237755676558,0.018634242032098118
Synthetic Recall,0.8963499999999999,0.020509359775084134
