Metric,Mean,Standard Deviation
Overall F1,0.8951503927062275,0.014107855370652577
Overall Precision,0.8961093071826736,0.013976975321404135
Overall Recall,0.8952116402116402,0.014088764648549327
Authentic F1,0.8968688000000001,0.013720185327252008
Authentic Precision,1.0,0.0
Authentic Recall,0.9112169312169311,0.02084875548224769
Synthetic F1,0.8934320046371588,0.014743898904140011
Synthetic Precision,0.9087344744975142,0.018992028956686245
Synthetic Recall,0.8792063492063494,0.024369219511196968
