Metric,Mean,Standard Deviation
Overall F1,0.7749286671196597,0.02054684830733196
Overall Precision,0.7759302418093574,0.02050342941542786
Overall Recall,0.77510101010101,0.020492692557687143
Authentic F1,0.7781099,0.021071041955271406
Authentic Precision,1.0,0.0
Authentic Recall,0.7893434343434342,0.03220164325059474
Synthetic F1,0.7717478132666312,0.021461429600244126
Synthetic Precision,0.7838975754879169,0.026160493297345752
Synthetic Recall,0.7608585858585859,0.030255165748901653
