Metric,Mean,Standard Deviation
Overall F1,0.3373056395092411,0.00438675273754005
Overall Precision,0.4921710519959038,0.21002764964258536
Overall Recall,0.5003500000000001,0.0028871886993853584
Authentic F1,0.6660091,0.002068286313044529
Authentic Precision,0.4,0.49236596391733095
Authentic Recall,0.9963500000000001,0.004135031420495481
Synthetic F1,0.008603295468399079,0.007635176568689019
Synthetic Precision,0.4841666666666667,0.41888215706082316
Synthetic Recall,0.004350000000000001,0.00387004815567878
