Metric,Mean,Standard Deviation
Overall F1,0.8434157666884958,0.017632789394510486
Overall Precision,0.8550993812954827,0.016629636483572807
Overall Recall,0.8445982905982906,0.01731937605153261
Authentic F1,0.8567167000000001,0.015283599493846153
Authentic Precision,1.0,0.0
Authentic Recall,0.9287179487179488,0.019967452225498467
Synthetic F1,0.8301149723063026,0.020397556507015704
Synthetic Precision,0.9147573675294018,0.02177364885767834
Synthetic Recall,0.7604786324786325,0.029618873736081977
