Metric,Mean,Standard Deviation
Overall F1,0.9066887654558904,0.01360455185895264
Overall Precision,0.9080757838065279,0.013351617071314088
Overall Recall,0.9067666666666666,0.013574770231758593
Authentic F1,0.9042808333333333,0.014312440818375016
Authentic Precision,1.0,0.0
Authentic Recall,0.8814333333333334,0.02089019442143708
Synthetic F1,0.9090968913146696,0.01300356383531373
Synthetic Precision,0.8874585726197057,0.017760093411874928
Synthetic Recall,0.9321,0.0161994776743905
