Metric,Mean,Standard Deviation
Overall F1,0.7595172551826866,0.01962545663003482
Overall Precision,0.7604806693428023,0.019546673568807297
Overall Recall,0.7597008547008547,0.01958211289309154
Authentic F1,0.7561406,0.021445770832388317
Authentic Precision,1.0,0.0
Authentic Recall,0.7459145299145299,0.032620664740244325
Synthetic F1,0.7628938693913754,0.019438831534738917
Synthetic Precision,0.7533833579513936,0.023605125444367398
Synthetic Recall,0.7734871794871794,0.02886411221954773
