Metric,Mean,Standard Deviation
Overall F1,0.9158760683521677,0.01526172552450306
Overall Precision,0.9206619756019624,0.014217480642427581
Overall Recall,0.9161315496098106,0.015152338124079406
Authentic F1,0.9204367,0.013900028588430938
Authentic Precision,1.0,0.0
Authentic Recall,0.9658888888888888,0.01610499121326795
Synthetic F1,0.9112853919105413,0.016737383624116156
Synthetic Precision,0.9621731434225477,0.017170190496392897
Synthetic Recall,0.8660402684563757,0.026917145677692222
