Metric,Mean,Standard Deviation
Overall F1,0.9345520140408583,0.012206268802418454
Overall Precision,0.9364548619911708,0.011723754541494723
Overall Recall,0.9346249999999999,0.01217182850236187
Authentic F1,0.9365612999999997,0.011523801688836727
Authentic Precision,1.0,0.0
Authentic Recall,0.9643499999999997,0.013901802077791965
Synthetic F1,0.9325426528438417,0.012943080221159869
Synthetic Precision,0.9623103928794852,0.014134998797674445
Synthetic Recall,0.9049,0.021177222373926843
