Metric,Mean,Standard Deviation
Overall F1,0.8858945703825444,0.016075329517754436
Overall Precision,0.8984907810653509,0.012948118519155
Overall Recall,0.886775,0.015692334711153357
Authentic F1,0.8957301,0.013254941788181516
Authentic Precision,1.0,0.0
Authentic Recall,0.9711500000000001,0.01132296763042252
Synthetic F1,0.8760585916224644,0.019000610663660565
Synthetic Precision,0.9654805981534094,0.01312909646672947
Synthetic Recall,0.8024,0.03066996029743866
