Metric,Mean,Standard Deviation
Overall F1,0.8707335436917416,0.0161445427486219
Overall Precision,0.8713162638600803,0.01608522694807003
Overall Recall,0.87078125,0.016131160844982843
Authentic F1,0.8708624000000001,0.01652452055295453
Authentic Precision,1.0,0.0
Authentic Recall,0.8719444444444444,0.025785646940367498
Synthetic F1,0.8706045017279314,0.016155833171355667
Synthetic Precision,0.8722266530043618,0.022148684611454188
Synthetic Recall,0.8696180555555556,0.02405814682334532
