Metric,Mean,Standard Deviation
Overall F1,0.33603962924352726,0.015058579472004268
Overall Precision,0.34181223652682446,0.04202103125005236
Overall Recall,0.45209999999999995,0.019249557255829407
Authentic F1,0.6131489,0.019346458914104966
Authentic Precision,0.0,0.0
Authentic Recall,0.8695000000000002,0.041423533056815565
Synthetic F1,0.05893028936312225,0.02589591181858519
Synthetic Precision,0.20996561039906925,0.07706179930374268
Synthetic Recall,0.0347,0.016109160453141265
