Metric,Mean,Standard Deviation
Overall F1,0.34081068629105543,0.005950429955975872
Overall Precision,0.5534351364824454,0.18373238018081528
Overall Recall,0.5017999999999998,0.003428195626349991
Authentic F1,0.6665658999999998,0.002384285291976477
Authentic Precision,0.53,0.5016135580465918
Authentic Recall,0.99595,0.005009838804640813
Synthetic F1,0.015056877066215063,0.010792735545861375
Synthetic Precision,0.6059642857142857,0.3661397446001623
Synthetic Recall,0.0076500000000000005,0.005525651842346591
