Metric,Mean,Standard Deviation
Overall F1,0.9581543282562092,0.010536291364110615
Overall Precision,0.960304143770633,0.009581487096896716
Overall Recall,0.9582080924855491,0.010500682163936553
Authentic F1,0.9595797,0.009848622059696855
Authentic Precision,1.0,0.0
Authentic Recall,0.9901156069364163,0.007806981470193661
Synthetic F1,0.9567289610119881,0.01123435811242871
Synthetic Precision,0.989527704512894,0.008154641729320292
Synthetic Recall,0.9263005780346819,0.02057855622532111
