Metric,Mean,Standard Deviation
Overall F1,0.9675893400595129,0.009771913778832148
Overall Precision,0.9687416344273603,0.009038254647652535
Overall Recall,0.9676158192090395,0.009747191672629631
Authentic F1,0.9684772,0.009233343649141617
Authentic Precision,1.0,0.0
Authentic Recall,0.9893468468468469,0.008938235140688453
Synthetic F1,0.9666958186717332,0.010326784296002063
Synthetic Precision,0.9889163820755917,0.009157232872534294
Synthetic Recall,0.945736961451247,0.019807153232696106
