Metric,Mean,Standard Deviation
Overall F1,0.8846649548516801,0.018110094368134495
Overall Precision,0.887831648170562,0.017339635211500382
Overall Recall,0.8848963730569946,0.018002474877285415
Authentic F1,0.8893184,0.016656578566300866
Authentic Precision,1.0,0.0
Authentic Recall,0.9240932642487047,0.021054782852835612
Synthetic F1,0.8800124703352319,0.01981463693533307
Synthetic Precision,0.9180627809358232,0.020760662668921508
Synthetic Recall,0.8456994818652851,0.030997057997266302
