Metric,Mean,Standard Deviation
Overall F1,0.9745268844543447,0.007449754870765425
Overall Precision,0.974709115450388,0.007354240576533913
Overall Recall,0.974529702970297,0.007447422971128418
Authentic F1,0.9746659405940594,0.007358082383096536
Authentic Precision,1.0,0.0
Authentic Recall,0.9794554455445545,0.009997524446056892
Synthetic F1,0.9743879221330569,0.007549668163781772
Synthetic Precision,0.979361783183757,0.00979990093926224
Synthetic Recall,0.9696039603960396,0.012423428840638802
