domain,mean,min,max,std
GPA2Bench_overall,0.9745297029702971,0.9575,0.99,0.007447422971128418
