Metric,Mean,Standard Deviation
Overall F1,0.8109174245421376,0.02291971573564611
Overall Precision,0.8136810105985433,0.02234498483794629
Overall Recall,0.811270358306189,0.022771651763034105
Authentic F1,0.8047053666666667,0.025575387445919924
Authentic Precision,1.0,0.0
Authentic Recall,0.7767316017316017,0.03905668930782675
Synthetic F1,0.8171700703599534,0.021229636709920927
Synthetic Precision,0.7911144268493966,0.02898316425772424
Synthetic Recall,0.8460348583877995,0.029146523870763674
