Metric,Mean,Standard Deviation
Overall F1,0.8332706703505134,0.01933117895630107
Overall Precision,0.8425645768636185,0.0185145896910552
Overall Recall,0.8343,0.019049642749639398
Authentic F1,0.8459044,0.017081171175515823
Authentic Precision,1.0,0.0
Authentic Recall,0.9092500000000001,0.023369830763165365
Synthetic F1,0.820637296524807,0.022158732288514504
Synthetic Precision,0.8938279331593775,0.024152667927660004
Synthetic Recall,0.7593499999999999,0.03247885870264322
