Metric,Mean,Standard Deviation
Overall F1,0.8427364752324688,0.014447140188946052
Overall Precision,0.8443131394466299,0.014680516699795934
Overall Recall,0.8428892005610099,0.014446724887017887
Authentic F1,0.8469631999999998,0.014499385558559287
Authentic Precision,1.0,0.0
Authentic Recall,0.8710955056179777,0.02178357528072955
Synthetic F1,0.8385218194017712,0.014760797361091935
Synthetic Precision,0.8641363416499042,0.020115817781052363
Synthetic Recall,0.8147619047619048,0.019274185084639565
