Metric,Mean,Standard Deviation
Overall F1,0.8964895198502566,0.01565073520927428
Overall Precision,0.897510675132411,0.015466181576489674
Overall Recall,0.8965544041450777,0.01562779463563219
Authentic F1,0.8983705999999999,0.015270532845115046
Authentic Precision,1.0,0.0
Authentic Recall,0.9143523316062173,0.021438698402900552
Synthetic F1,0.8946086289909921,0.016243145262745704
Synthetic Precision,0.9116125746738293,0.019889805449880178
Synthetic Recall,0.8787564766839376,0.02473401622548622
