Metric,Mean,Standard Deviation
Overall F1,0.9589824810126752,0.008932316708332888
Overall Precision,0.9596976172214836,0.008693529042892648
Overall Recall,0.9589974937343357,0.008923562933161131
Authentic F1,0.958345,0.009260114481042893
Authentic Precision,1.0,0.0
Authentic Recall,0.9420499999999997,0.01582886699366159
Synthetic F1,0.9596231946499003,0.00861539714490653
Synthetic Precision,0.9439160635391666,0.014589776540470854
Synthetic Recall,0.9760301507537689,0.00936322393305854
