Metric,Mean,Standard Deviation
Overall F1,0.9530457866008382,0.00832477387723694
Overall Precision,0.9536488465612526,0.008174810331754288
Overall Recall,0.9530617977528089,0.008317920810543961
Authentic F1,0.9538301000000001,0.008075499608649166
Authentic Precision,1.0,0.0
Authentic Recall,0.9692696629213483,0.009224542222196392
Synthetic F1,0.9522614297817813,0.008589694685801192
Synthetic Precision,0.9683149846724394,0.009246634932006479
Synthetic Recall,0.9368539325842699,0.013376321804258278
