,Key,Count,Mean Score
0,TTR,100,0.20033077202340735
1,sentiment,100,0.04848837683106063
2,just,100,0.0372294676998953
3,so,100,0.03428438655630341
5,VBD,99,0.02398387025684183
4,is,98,0.025342738964060627
6,any,81,0.022206712341212097
11,the,72,0.019681188811587497
9,don,70,0.019386409835206328
10,mean_sen_len,53,0.018898211778035016
8,not,45,0.020114546094029816
13,a,32,0.018676905626413737
7,because,22,0.019020089441522912
15,VBG,10,0.01852514494161239
16,have,9,0.018980513502062514
14,of,6,0.01772121291854088
12,or,1,0.0178862063218239
17,am,1,0.019172728949404985
18,VBP,1,0.016424094018308646
