Metric,Mean,Standard Deviation
Overall F1,0.44188660699339294,0.030659839219995915
Overall Precision,0.44862876317557204,0.031622048638233535
Overall Recall,0.452875,0.028861772189860305
Authentic F1,0.5145037000000001,0.03439591315443265
Authentic Precision,0.06,0.238683256575942
Authentic Recall,0.5822499999999999,0.059545309969752776
Synthetic F1,0.36926948779805374,0.05099091533105037
Synthetic Precision,0.43493387758965196,0.041153515709934314
Synthetic Recall,0.3235,0.060584276387975
