Metric,Mean,Standard Deviation
Overall F1,0.4197066162258163,0.050371729411858635
Overall Precision,0.5796381289414608,0.07450164916144221
Overall Recall,0.523375,0.023391094631949327
Authentic F1,0.6630499000000001,0.013141784889843121
Authentic Precision,0.85,0.3588702812826367
Authentic Recall,0.9383999999999999,0.04499652062867603
Synthetic F1,0.17636395085850606,0.09876383130062848
Synthetic Precision,0.6458761620828575,0.14113938581541108
Synthetic Recall,0.10834999999999999,0.07364621613847619
