Metric,Mean,Standard Deviation
Overall F1,0.8441293250700244,0.0174043931324073
Overall Precision,0.8447344908086191,0.01735947009218601
Overall Recall,0.8441919191919192,0.017387244198385336
Authentic F1,0.8437961000000002,0.01808440429538843
Authentic Precision,1.0,0.0
Authentic Recall,0.8423063973063973,0.027816580240938384
Synthetic F1,0.8444627373597065,0.01728416484759296
Synthetic Precision,0.8435083563576495,0.02313673320239094
Synthetic Recall,0.8460774410774409,0.024829806509731066
