Metric,Mean,Standard Deviation
Overall F1,0.6845672455586032,0.02682318234440554
Overall Precision,0.7264137557986936,0.021296915548133018
Overall Recall,0.695575,0.02280199962434626
Authentic F1,0.7422259,0.015970099023430686
Authentic Precision,1.0,0.0
Authentic Recall,0.8760999999999999,0.03075300757238998
Synthetic F1,0.6269087244165247,0.04139308742356423
Synthetic Precision,0.8081520865611617,0.03377168753847687
Synthetic Recall,0.51505,0.05481140760863931
