Metric,Mean,Standard Deviation
Overall F1,0.4314213173492821,0.02451026658214943
Overall Precision,0.549442665850687,0.03818428240172967
Overall Recall,0.5191749999999999,0.014945418371629165
Authentic F1,0.6543958000000001,0.010501880560791545
Authentic Precision,0.87,0.3379976689896311
Authentic Recall,0.9106000000000002,0.023637412564138077
Synthetic F1,0.2084473477983728,0.04482402964306348
Synthetic Precision,0.5880529851987292,0.0684493123318688
Synthetic Recall,0.12775,0.03164173659819408
