Metric,Mean,Standard Deviation
Overall F1,0.3973386162019538,0.019172968172446698
Overall Precision,0.5096880728159615,0.0418290981931034
Overall Recall,0.50265,0.012577135740475387
Authentic F1,0.6489285000000001,0.010910447719706303
Authentic Precision,0.55,0.5
Authentic Recall,0.9196999999999999,0.02612924365031206
Synthetic F1,0.1457487057490269,0.03661272770143773
Synthetic Precision,0.5179470100524519,0.07696252811236742
Synthetic Recall,0.08560000000000001,0.024050452021204143
