Metric,Mean,Standard Deviation
Overall F1,0.5357348410610528,0.03059262327879363
Overall Precision,0.6449508778104839,0.033436561279301454
Overall Recall,0.584425,0.021995910432568502
Authentic F1,0.6853930000000001,0.014957546286376357
Authentic Precision,1.0,0.0
Authentic Recall,0.90535,0.028939635886661146
Synthetic F1,0.386076653649047,0.05155266318534966
Synthetic Precision,0.7381761976269872,0.05655835743544468
Synthetic Recall,0.26349999999999996,0.04565184453109106
