Metric,Mean,Standard Deviation
Overall F1,0.9395144950518843,0.008995626454260174
Overall Precision,0.9408966248071536,0.008565784020033744
Overall Recall,0.9395652173913045,0.008970787544239087
Authentic F1,0.9411916000000001,0.008476489973015141
Authentic Precision,1.0,0.0
Authentic Recall,0.965266106442577,0.01000893165129185
Synthetic F1,0.9378333695089666,0.00955386379237626
Synthetic Precision,0.9634021432251548,0.010063855343227918
Synthetic Recall,0.9137921348314609,0.01644558370549833
