Metric,Mean,Standard Deviation
Overall F1,0.9022334539350985,0.01042140888048538
Overall Precision,0.9135409682265357,0.008471760365932004
Overall Recall,0.9028792134831461,0.01022462984853805
Authentic F1,0.9101155,0.008809604191454967
Authentic Precision,1.0,0.0
Authentic Recall,0.9826404494382023,0.006720970675823402
Synthetic F1,0.8943513134244451,0.012072358943585807
Synthetic Precision,0.9793987710979002,0.007822063716908061
Synthetic Recall,0.8231179775280897,0.0193974778787213
