Metric,Mean,Standard Deviation
Overall F1,0.9170708388804175,0.01595012922845389
Overall Precision,0.9253456483879742,0.01301363134965801
Overall Recall,0.9174869109947644,0.015717732022445963
Authentic F1,0.9228023000000002,0.013773049577220208
Authentic Precision,1.0,0.0
Authentic Recall,0.9840314136125657,0.008164548690341986
Synthetic F1,0.91133904703613,0.018162477518032676
Synthetic Precision,0.9816410839978639,0.009325596014965295
Synthetic Recall,0.8509424083769633,0.030213607381429693
