Metric,Mean,Standard Deviation
Overall F1,0.8918458446488807,0.017060394155039696
Overall Precision,0.8991713918103876,0.015348596818090164
Overall Recall,0.8923355263157896,0.016832459354501807
Authentic F1,0.8988205999999999,0.014951947121218664
Authentic Precision,1.0,0.0
Authentic Recall,0.9552192982456142,0.017546188163258054
Synthetic F1,0.8848712124798866,0.019366128619787152
Synthetic Precision,0.9491807330043843,0.018762539156576066
Synthetic Recall,0.829451754385965,0.03130796319522016
