Metric,Mean,Standard Deviation
Overall F1,0.38484572645397913,0.02807147439083015
Overall Precision,0.47539591073531945,0.0692072413815907
Overall Recall,0.4925500000000001,0.02052954264498167
Authentic F1,0.6417532,0.016520579751120465
Authentic Precision,0.33,0.4725815626252608
Authentic Recall,0.9096,0.03457300868152682
Synthetic F1,0.12793812815776126,0.049365411785071325
Synthetic Precision,0.45488128305496167,0.12781666580864806
Synthetic Recall,0.0755,0.031984055371071976
