Metric,Mean,Standard Deviation
Overall F1,0.8546284411925457,0.017889000096352484
Overall Precision,0.8555030661625791,0.017871391035573815
Overall Recall,0.8547105263157895,0.017868977143693485
Authentic F1,0.8553376999999999,0.017676609429389794
Authentic Precision,1.0,0.0
Authentic Recall,0.859315789473684,0.02797886864355531
Synthetic F1,0.8539192579673741,0.018745152378956714
Synthetic Precision,0.8587097509874891,0.023661151814125137
Synthetic Recall,0.8501052631578948,0.03066623600513665
