Metric,Mean,Standard Deviation
Overall F1,0.457538397692789,0.026192735295053157
Overall Precision,0.5873934520524619,0.039124264767923925
Overall Recall,0.536675,0.01713749728318908
Authentic F1,0.6643686999999998,0.011645980938946409
Authentic Precision,0.99,0.09999999999999999
Authentic Recall,0.9171999999999998,0.022888839854806744
Synthetic F1,0.2507079991957046,0.04569199649051138
Synthetic Precision,0.6538580051462652,0.06938585132315733
Synthetic Recall,0.15615,0.032935926471336016
