Metric,Mean,Standard Deviation
Overall F1,0.9663990459971834,0.009144541919139635
Overall Precision,0.9666703285039241,0.009044923887373687
Overall Recall,0.9664043993231811,0.00914077667245439
Authentic F1,0.9662312666666666,0.009278834208912089
Authentic Precision,1.0,0.0
Authentic Recall,0.9619120135363789,0.01553099823362135
Synthetic F1,0.9665669741330796,0.009029197051651927
Synthetic Precision,0.9625068832008318,0.014615751819947155
Synthetic Recall,0.9708967851099828,0.013163404250037519
