Metric,Mean,Standard Deviation
Overall F1,0.992531539148473,0.004283156726655443
Overall Precision,0.9925950509128133,0.004239820791549699
Overall Recall,0.9925318761384335,0.0042828068455722035
Authentic F1,0.9925008666666667,0.0043122827509300575
Authentic Precision,1.0,0.0
Authentic Recall,0.9891621129326048,0.007363425600652585
Synthetic F1,0.992564140063068,0.004254835489851551
Synthetic Precision,0.9892894510417493,0.007204008548600158
Synthetic Recall,0.9959016393442622,0.004938904200866527
