,Key,Count,Mean Score
0,TTR,300,0.22171802408135632
1,the,300,0.0797698441037949
2,mean_sen_len,300,0.06070369754717226
3,RB,300,0.045312686223439244
4,DT,300,0.043395947342689305
5,a,300,0.04342205501156468
7,and,300,0.0291013561289315
6,VBG,299,0.02864132795398193
9,lex_density,245,0.020744410654769976
8,i,194,0.019885267959816266
10,IN,130,0.0197083334157307
13,or,15,0.01917857148490684
11,to,13,0.01880074483085573
12,was,4,0.018011937421172963
