Metric,Mean,Standard Deviation
Overall F1,0.7838134406202065,0.021327618683473295
Overall Precision,0.7944660639075336,0.020547034122530877
Overall Recall,0.7854941373534339,0.020901840413239576
Authentic F1,0.7653887,0.025170688439101696
Authentic Precision,1.0,0.0
Authentic Recall,0.7010217755443886,0.035142246436136095
Synthetic F1,0.8022378642604419,0.018517480135683547
Synthetic Precision,0.7448093308549943,0.022756688561751413
Synthetic Recall,0.869966499162479,0.025706199236221056
