Metric,Mean,Standard Deviation
Overall F1,0.3996477632829775,0.018508361740897643
Overall Precision,0.7313213032353798,0.03330987937027364
Overall Recall,0.5302250000000001,0.009468815110453879
Authentic F1,0.6795718,0.00465550491571022
Authentic Precision,1.0,0.0
Authentic Recall,0.9962000000000001,0.0046666666666666705
Synthetic F1,0.11972372146726107,0.03277277087762539
Synthetic Precision,0.9469511519188797,0.06493007819513297
Synthetic Recall,0.06425,0.018914680846240876
