Metric,Mean,Standard Deviation
Overall F1,0.9544648414322823,0.009937265285670004
Overall Precision,0.957006069495439,0.008949614793779875
Overall Recall,0.9545326278659612,0.009895663411896351
Authentic F1,0.9561515333333334,0.009219418595897297
Authentic Precision,1.0,0.0
Authentic Recall,0.9898589065255732,0.0075257602164613
Synthetic F1,0.9527775874074111,0.010668050971508873
Synthetic Precision,0.9891677957812313,0.007972361726871803
Synthetic Recall,0.9192063492063492,0.019243452094811604
