Metric,Mean,Standard Deviation
Overall F1,0.3821029061528187,0.013759580329539169
Overall Precision,0.6695549986734208,0.0736071425367753
Overall Recall,0.5267352185089974,0.006966265250263308
Authentic F1,0.6833475000000001,0.0038275683593444244
Authentic Precision,1.0,0.0
Authentic Recall,0.9932000000000001,0.006093546843285379
Synthetic F1,0.06332650316454908,0.025298867103745376
Synthetic Precision,0.8268993090243089,0.14905486170084295
Synthetic Recall,0.03312169312169307,0.01373604280010966
