Metric,Mean,Standard Deviation
Overall F1,0.6554599841301498,0.022835895677992935
Overall Precision,0.6566112436347197,0.023094507766103067
Overall Recall,0.6558585858585859,0.022867359533572086
Authentic F1,0.6622281,0.025066682249148924
Authentic Precision,1.0,0.0
Authentic Recall,0.6756565656565658,0.03787337988126669
Synthetic F1,0.6486918580438208,0.024461646181975116
Synthetic Precision,0.6629835289130905,0.026785583018628118
Synthetic Recall,0.636060606060606,0.03428291299742057
