Metric,Mean,Standard Deviation
Overall F1,0.77365049149386,0.036539074251049644
Overall Precision,0.7995509469173695,0.026195786817873934
Overall Recall,0.7781625,0.033567674743545196
Authentic F1,0.8039323500000001,0.02401406076760553
Authentic Precision,1.0,0.0
Authentic Recall,0.906025,0.02789200953642279
Synthetic F1,0.743368430727464,0.05023660608655013
Synthetic Precision,0.8749030428444498,0.029793302884680902
Synthetic Recall,0.6503,0.07463249995981146
