Metric,Mean,Standard Deviation
Overall F1,0.40619251997590067,0.021792313337147734
Overall Precision,0.7225978137183996,0.03590729595689846
Overall Recall,0.5329499999999999,0.011000344347227319
Authentic F1,0.6804551,0.005245495517319814
Authentic Precision,1.0,0.0
Authentic Recall,0.9944,0.004834639321990568
Synthetic F1,0.13193015989857682,0.038715277683375016
Synthetic Precision,0.9279924824363006,0.06963908310361328
Synthetic Recall,0.07150000000000001,0.022501402874335
