Metric,Mean,Standard Deviation
Overall F1,0.9407249244124063,0.009115236410253143
Overall Precision,0.9408838996526718,0.009075123716973001
Overall Recall,0.9407303370786516,0.009113102692291626
Authentic F1,0.9408054999999999,0.009112066633499418
Authentic Precision,1.0,0.0
Authentic Recall,0.9420224719101123,0.012735584441446075
Synthetic F1,0.9406445673485551,0.009155527110170885
Synthetic Precision,0.9420170770288092,0.011978084695588996
Synthetic Recall,0.939438202247191,0.013315647067139457
