Metric,Mean,Standard Deviation
Overall F1,0.9599767640020926,0.010646158174184748
Overall Precision,0.9605298613082237,0.010453342588719024
Overall Recall,0.9599913867355726,0.010637150934937683
Authentic F1,0.9606731333333335,0.010343787474289406
Authentic Precision,1.0,0.0
Authentic Recall,0.9740893470790378,0.0120934286231177
Synthetic F1,0.9592770046554971,0.01096709830809804
Synthetic Precision,0.9733305171856002,0.012151280615732072
Synthetic Recall,0.9458203799654576,0.016733067422326508
