Metric,Mean,Standard Deviation
Overall F1,0.8329094553517562,0.019073936666604615
Overall Precision,0.8342158990449474,0.018899249731288134
Overall Recall,0.8330694810905893,0.019027063715007102
Authentic F1,0.8370716999999999,0.018354279975564415
Authentic Precision,1.0,0.0
Authentic Recall,0.8553859649122806,0.02507151070332184
Synthetic F1,0.8287250710294887,0.020378625408911222
Synthetic Precision,0.8483962373981863,0.02252648270195746
Synthetic Recall,0.8106349206349207,0.02987999258694941
