Metric,Mean,Standard Deviation
Overall F1,0.9608703360671434,0.008430767699717921
Overall Precision,0.9621790352822162,0.007939846687740195
Overall Recall,0.9609,0.0084118486270507
Authentic F1,0.9618789666666668,0.007995868075857095
Authentic Precision,1.0,0.0
Authentic Recall,0.9854916666666668,0.008419643611859397
Synthetic F1,0.9598622084542348,0.008878730671942241
Synthetic Precision,0.9848352564853671,0.008632985419113533
Synthetic Recall,0.9363083333333335,0.01593965723590741
