Metric,Mean,Standard Deviation
Overall F1,0.9451697579481985,0.012769607068979286
Overall Precision,0.9468658590912536,0.01210072334911391
Overall Recall,0.9452258064516127,0.012734739880523567
Authentic F1,0.9435678666666667,0.013522621457611001
Authentic Precision,1.0,0.0
Authentic Recall,0.9176774193548387,0.022648265811336648
Synthetic F1,0.9467716507645506,0.01204909911620516
Synthetic Precision,0.9223944330017916,0.019814327661906706
Synthetic Recall,0.972774193548387,0.01219024912538838
