Metric,Mean,Standard Deviation
Overall F1,0.9344151566825034,0.01049753782958459
Overall Precision,0.9346532928615509,0.010450430110844107
Overall Recall,0.9344241573033709,0.01049451719123679
Authentic F1,0.9340520000000001,0.010584525487615388
Authentic Precision,1.0,0.0
Authentic Recall,0.9289606741573034,0.014934890532000216
Synthetic F1,0.9347781691604404,0.010457210670644247
Synthetic Precision,0.929909946007882,0.013807466647190203
Synthetic Recall,0.9398876404494384,0.014295238818679416
