Metric,Mean,Standard Deviation
Overall F1,0.3896458506295986,0.03406303738817479
Overall Precision,0.39051225780880694,0.03479184149815857
Overall Recall,0.39245,0.034285602302606924
Authentic F1,0.3755016,0.040294334206328726
Authentic Precision,0.0,0.0
Authentic Recall,0.36785,0.05703204397883737
Synthetic F1,0.40379030273443406,0.06123365115990246
Synthetic Precision,0.3940070507585027,0.04262307241744203
Synthetic Recall,0.41705,0.08482035383233451
