,Key,Count,Mean Score
0,of,100,0.06833744031980413
1,PRP,100,0.07465455442590406
2,sentiment,100,0.059470339285536154
3,VB,100,0.051874065520761355
5,NN,100,0.05348612586733384
4,IN,99,0.039430118888412295
6,DT,95,0.038500982548237306
10,to,66,0.03577129213343337
12,have,59,0.03463540520082299
8,RB,48,0.032570599956286805
9,NNS,36,0.03343741737032066
13,the,32,0.033344107581554684
7,mean_sen_len,23,0.03298501431853111
14,i,23,0.03214394918093468
11,which,19,0.03204523602350908
