Metric,Mean,Standard Deviation
Overall F1,0.9485834606607783,0.010670610869452148
Overall Precision,0.9508861010502282,0.009855620909011993
Overall Recall,0.9486481947942906,0.01063215320615259
Authentic F1,0.9469163333333334,0.011381711429853763
Authentic Precision,1.0,0.0
Authentic Recall,0.9152931323283081,0.019461873482485563
Synthetic F1,0.9502585254529395,0.009976631498915214
Synthetic Precision,0.9205398585506203,0.016818317880265048
Synthetic Recall,0.9821717171717171,0.00916553457577487
