Metric,Mean,Standard Deviation
Overall F1,0.9536625915419612,0.01001425493300219
Overall Precision,0.9550355372803603,0.009482094694269897
Overall Recall,0.9536999999999999,0.009990399431858607
Authentic F1,0.952441,0.010562916981190149
Authentic Precision,1.0,0.0
Authentic Recall,0.92855,0.017912455459988166
Synthetic F1,0.95488422104176,0.009484676846588448
Synthetic Precision,0.9322400830640442,0.01581168372666708
Synthetic Recall,0.9788499999999999,0.009740444683188893
