Metric,Mean,Standard Deviation
Overall F1,0.48478825299163053,0.03727792733580577
Overall Precision,0.49567594724607,0.04356044051218228
Overall Recall,0.4946249999999999,0.03998954250927373
Authentic F1,0.4212795999999999,0.04222073462366111
Authentic Precision,0.43,0.497569851956243
Authentic Recall,0.36965000000000003,0.05280636918272857
Synthetic F1,0.5482969877287721,0.05420963131128259
Synthetic Precision,0.49386021130107133,0.03315553737825808
Synthetic Recall,0.6196000000000002,0.090505538644066
