Metric,Mean,Standard Deviation
Overall F1,0.9685969497583581,0.00965629039613328
Overall Precision,0.9690816803608354,0.009400548212644032
Overall Recall,0.9686064030131828,0.009648471371360592
Authentic F1,0.9690278333333333,0.009385746735244322
Authentic Precision,1.0,0.0
Authentic Recall,0.9808851224105462,0.010419186746149523
Synthetic F1,0.9681663825060154,0.009938012974922583
Synthetic Precision,0.9805225907440493,0.010446409786342804
Synthetic Recall,0.9563276836158191,0.016987309743621386
