Metric,Mean,Standard Deviation
Overall F1,0.8592630167416114,0.013524908254799451
Overall Precision,0.859873959029547,0.013496191062090813
Overall Recall,0.8593210749646392,0.013513607022183185
Authentic F1,0.8614579999999998,0.013211930252998647
Authentic Precision,1.0,0.0
Authentic Recall,0.8735310734463276,0.01814289501342584
Synthetic F1,0.8570624099255592,0.014117213980265404
Synthetic Precision,0.8697599280387233,0.01650037437972606
Synthetic Recall,0.8450708215297453,0.020577088429551166
