Metric,Mean,Standard Deviation
Overall F1,0.909669104747626,0.009280294212223976
Overall Precision,0.9141898316615182,0.008473173414560567
Overall Recall,0.9099153737658675,0.009201272115353282
Authentic F1,0.9143427999999999,0.008318834669749496
Authentic Precision,1.0,0.0
Authentic Recall,0.959774647887324,0.009725781198602805
Synthetic F1,0.9049824865820166,0.010319817571585553
Synthetic Precision,0.9553213859701924,0.010249406239490971
Synthetic Recall,0.8599152542372882,0.017524775255273174
