Metric,Mean,Standard Deviation
Overall F1,0.8954966966658479,0.015565579386613529
Overall Precision,0.8962514478440518,0.015549557188371766
Overall Recall,0.8955440414507769,0.015552238727578138
Authentic F1,0.8944461000000001,0.015796759921904963
Authentic Precision,1.0,0.0
Authentic Recall,0.8853367875647666,0.02353922845740065
Synthetic F1,0.8965474973065468,0.015595422321042697
Synthetic Precision,0.8881053632351811,0.01999063700902114
Synthetic Recall,0.9057512953367874,0.024927263263212145
