Metric,Mean,Standard Deviation
Overall F1,0.40059254288794605,0.0327489438763977
Overall Precision,0.4858713867586375,0.05755923029053635
Overall Recall,0.49722500000000003,0.019961753202288893
Authentic F1,0.6407937000000001,0.01271002568205052
Authentic Precision,0.42,0.49604496374885826
Authentic Recall,0.8969000000000001,0.023950496083093215
Synthetic F1,0.16039173090924258,0.058136566275742076
Synthetic Precision,0.4731407244259701,0.10436049059088784
Synthetic Recall,0.09755000000000001,0.0388827231764464
