Metric,Mean,Standard Deviation
Overall F1,0.48050846267616115,0.027707418517011313
Overall Precision,0.48913355846781975,0.030650729109952597
Overall Recall,0.489375,0.02862676707086032
Authentic F1,0.41812410000000005,0.038921383546343974
Authentic Precision,0.33,0.4725815626252608
Authentic Recall,0.36900000000000005,0.050065613514323946
Synthetic F1,0.5428927403030737,0.038184938457320454
Synthetic Precision,0.49074071232540284,0.023504617975388352
Synthetic Recall,0.60975,0.06672866435396894
