Metric,Mean,Standard Deviation
Overall F1,0.9015643036809157,0.010982683443954548
Overall Precision,0.9026717951665233,0.010876523532877831
Overall Recall,0.9016292134831461,0.01096658144895039
Authentic F1,0.9038467000000001,0.010587253633735732
Authentic Precision,1.0,0.0
Authentic Recall,0.9245786516853934,0.014083903517313971
Synthetic F1,0.8992823479283412,0.011484414979421351
Synthetic Precision,0.9211286508951482,0.013695504109793755
Synthetic Recall,0.8786797752808992,0.016984395559054507
