Metric,Mean,Standard Deviation
Overall F1,0.8181028523005095,0.01750684592100216
Overall Precision,0.8194571731203945,0.017378298735779913
Overall Recall,0.818275,0.01745374478645505
Authentic F1,0.822328,0.01705089849227715
Authentic Precision,1.0,0.0
Authentic Recall,0.8412999999999999,0.0253323365035141
Synthetic F1,0.8138783892725568,0.01874432248379466
Synthetic Precision,0.8341473470655666,0.021998114997218626
Synthetic Recall,0.7952500000000002,0.027828615096368296
