Metric,Mean,Standard Deviation
Overall F1,0.9298080683892793,0.009326094881296423
Overall Precision,0.9303288364548495,0.009206326422760822
Overall Recall,0.9298307475317347,0.0093156936867449
Authentic F1,0.9308837,0.009086685081352651
Authentic Precision,1.0,0.0
Authentic Recall,0.9436338028169015,0.012758744547505068
Synthetic F1,0.928729866866113,0.009627286364473055
Synthetic Precision,0.9420424435466793,0.012338206069695257
Synthetic Recall,0.9159887005649716,0.014859157399681664
