Metric,Mean,Standard Deviation
Overall F1,0.9188130676241053,0.01397496662845226
Overall Precision,0.9202174331368826,0.013770787551889303
Overall Recall,0.9188802083333334,0.01394979052082309
Authentic F1,0.9208282,0.013416218014708239
Authentic Precision,1.0,0.0
Authentic Recall,0.9431770833333336,0.017906444675247178
Synthetic F1,0.9167977533644038,0.01463295858335187
Synthetic Precision,0.9405837048940504,0.017607063238981605
Synthetic Recall,0.8945833333333334,0.022135741604863982
