Metric,Mean,Standard Deviation
Overall F1,0.33355631947574105,0.003013359770017632
Overall Precision,0.3174223356058826,0.13456803635717146
Overall Recall,0.49737499999999996,0.0030437674356001945
Authentic F1,0.6639658,0.0026910811090254394
Authentic Precision,0.06,0.23868325657594203
Authentic Recall,0.99315,0.0062625631309949316
Synthetic F1,0.003148055937247239,0.005559441106288124
Synthetic Precision,0.13616666666666666,0.26848135700126197
Synthetic Recall,0.0016,0.0028319961193832913
