Metric,Mean,Standard Deviation
Overall F1,0.8672092911634904,0.016292340965682345
Overall Precision,0.8821875551615446,0.013309324975642713
Overall Recall,0.8684143222506393,0.015809184404859823
Authentic F1,0.8549796999999999,0.019562004114087993
Authentic Precision,1.0,0.0
Authentic Recall,0.7755102040816328,0.030127404943867668
Synthetic F1,0.8795024181610768,0.013202104408413967
Synthetic Precision,0.8104861317847927,0.020229506887497382
Synthetic Recall,0.9617948717948718,0.013388108951332266
