Metric,Mean,Standard Deviation
Overall F1,0.346868568289732,0.01022601557443782
Overall Precision,0.49522666110194147,0.1049132580650206
Overall Recall,0.499925,0.005745606578029411
Authentic F1,0.6629953,0.004325170039280163
Authentic Precision,0.42,0.49604496374885826
Authentic Recall,0.9838499999999998,0.010245841728587893
Synthetic F1,0.03074281487078463,0.019353280451911103
Synthetic Precision,0.4904911526382114,0.20728700580751044
Synthetic Recall,0.016,0.010347497623614468
