Metric,Mean,Standard Deviation
Overall F1,0.873002055254897,0.015455004972917701
Overall Precision,0.8789038076773181,0.014318028022982019
Overall Recall,0.8734750000000001,0.015262414221832268
Authentic F1,0.8804053000000002,0.013617696853207538
Authentic Precision,1.0,0.0
Authentic Recall,0.9308000000000001,0.017762746170430704
Synthetic F1,0.8655987947733585,0.017575914836487655
Synthetic Precision,0.922218715424056,0.01823086605593031
Synthetic Recall,0.8161499999999999,0.028130782233896517
