Metric,Mean,Standard Deviation
Overall F1,0.967888577256901,0.009362440046896655
Overall Precision,0.9681694799872496,0.009354824605142418
Overall Recall,0.9678934010152284,0.009361160102623457
Authentic F1,0.9677329999999997,0.00944469949150572
Authentic Precision,1.0,0.0
Authentic Recall,0.9632487309644671,0.015101765208061597
Synthetic F1,0.9680443395708869,0.009295171074311619
Synthetic Precision,0.9638294879422741,0.014341788545909577
Synthetic Recall,0.9725380710659899,0.014195148991536932
