Metric,Mean,Standard Deviation
Overall F1,0.3812215527452784,0.017894939894590095
Overall Precision,0.47752628636973316,0.04838940133521577
Overall Recall,0.49347499999999994,0.012909431013445523
Authentic F1,0.6444682,0.011544217878411788
Authentic Precision,0.3,0.4605661864718382
Authentic Recall,0.9186000000000001,0.02696874359908393
Synthetic F1,0.11797527802498951,0.03395438093706455
Synthetic Precision,0.4586211180130523,0.09009356133153357
Synthetic Recall,0.06835,0.021297021653581782
