Metric,Mean,Standard Deviation
Overall F1,0.9585911163840304,0.011556948062704351
Overall Precision,0.9616731562765592,0.010028196376774231
Overall Recall,0.9586689814814815,0.011500636039426403
Authentic F1,0.9603260666666668,0.010663424117448578
Authentic Precision,1.0,0.0
Authentic Recall,0.9975462962962964,0.0039867856205310324
Synthetic F1,0.9568560125809167,0.01245562074877934
Synthetic Precision,0.9973580126141396,0.004279023701152342
Synthetic Recall,0.9197916666666667,0.02271214321411758
