Metric,Mean,Standard Deviation
Overall F1,0.9517153220417349,0.011541778612092199
Overall Precision,0.9537879574960456,0.01070638435800459
Overall Recall,0.9517749999999999,0.011504802466708404
Authentic F1,0.9533261999999999,0.010823690606416754
Authentic Precision,1.0,0.0
Authentic Recall,0.9832999999999998,0.00913479307069649
Synthetic F1,0.950105739828288,0.0122767144849461
Synthetic Precision,0.9822541692633269,0.009573062093663378
Synthetic Recall,0.92025,0.02084545102133383
