,Key,Count,Mean Score
0,TTR,100,0.15121117508567042
1,to,100,0.05564816749598021
2,of,100,0.046407977845369056
3,the,100,0.04499291727209602
4,and,100,0.04599009798723532
5,a,100,0.039537776192743214
6,i,100,0.023959402027837286
9,is,91,0.01969028076036311
7,me,75,0.019786993604511447
8,DT,61,0.01835455266903155
10,RB,42,0.018658771752679132
14,NNS,12,0.018067383930795523
13,VB,7,0.01686797530450882
12,my,7,0.017981476932939448
16,lex_density,2,0.017188703656757273
11,don,1,0.015732329477572037
15,just,1,0.020467137741008997
17,VBP,1,0.01966708478688695
