Metric,Mean,Standard Deviation
Overall F1,0.9113416206418367,0.013786430511683124
Overall Precision,0.9125030991865279,0.013400972671742638
Overall Recall,0.9114099216710183,0.013752264639715083
Authentic F1,0.9134106000000002,0.013082947480895838
Authentic Precision,1.0,0.0
Authentic Recall,0.9315625000000002,0.0179968816470509
Synthetic F1,0.9092623348918972,0.014649718647517448
Synthetic Precision,0.9286914060514314,0.017063406487378033
Synthetic Recall,0.8911518324607327,0.024751385144391246
