Metric,Mean,Standard Deviation
Overall F1,0.8879522781707646,0.016537383956099303
Overall Precision,0.8892196832302227,0.01643589533942642
Overall Recall,0.8880462724935732,0.01650957770217889
Authentic F1,0.8907448333333335,0.01606541815538103
Authentic Precision,1.0,0.0
Authentic Recall,0.9104444444444444,0.02217872337668971
Synthetic F1,0.8851457562580852,0.017233010876501493
Synthetic Precision,0.9062243678229921,0.02119323848024925
Synthetic Recall,0.86553264604811,0.024501876907094922
