Metric,Mean,Standard Deviation
Overall F1,0.3846034663164881,0.03363172396055381
Overall Precision,0.38529476362038695,0.03388597967155053
Overall Recall,0.3873250000000001,0.033599796701525415
Authentic F1,0.40193369999999995,0.04792173298444374
Authentic Precision,0.0,0.0
Authentic Recall,0.4152499999999999,0.06915936434618003
Synthetic F1,0.36727278928697055,0.052515161760565233
Synthetic Precision,0.37867076879064726,0.03882557669071553
Synthetic Recall,0.3594000000000001,0.06934134569088073
