Metric,Mean,Standard Deviation
Overall F1,0.8880258635824647,0.01399705981397922
Overall Precision,0.8894477495893973,0.01369473680967698
Overall Recall,0.8881249999999998,0.013955082163205564
Authentic F1,0.8908974,0.013234356774408158
Authentic Precision,1.0,0.0
Authentic Recall,0.9132500000000001,0.0175
Synthetic F1,0.8851544861369018,0.014954166655110856
Synthetic Precision,0.9089414206135796,0.016803729115618084
Synthetic Recall,0.863,0.023126791494897974
