Metric,Mean,Standard Deviation
Overall F1,0.358586227377542,0.013319206678522124
Overall Precision,0.5396667200403642,0.09226111702896125
Overall Recall,0.5031999999999999,0.008257839862331987
Authentic F1,0.6630808999999998,0.006022821093913784
Authentic Precision,0.6,0.49236596391733095
Authentic Recall,0.9778,0.012837759960681655
Synthetic F1,0.05409201209512658,0.024027112018884876
Synthetic Precision,0.5776908249988746,0.18078606931200927
Synthetic Recall,0.028600000000000004,0.013067037718912223
