Metric,Mean,Standard Deviation
Overall F1,0.3395146434134149,0.008939610168497331
Overall Precision,0.41735045597539555,0.12442222060330123
Overall Recall,0.49487499999999995,0.007198265433597544
Authentic F1,0.6597955999999999,0.0060576823784331746
Authentic Precision,0.15,0.3588702812826367
Authentic Recall,0.9797499999999999,0.01365844172308944
Synthetic F1,0.019234223917221526,0.016211125409993116
Synthetic Precision,0.33731744463266206,0.24620732161200526
Synthetic Recall,0.01,0.008616404368553291
