Metric,Mean,Standard Deviation
Overall F1,0.7369588608316953,0.02025356382290702
Overall Precision,0.7379638304372698,0.02016691994915431
Overall Recall,0.7371929824561404,0.020192087489105715
Authentic F1,0.7417457000000001,0.02044409224166871
Authentic Precision,1.0,0.0
Authentic Recall,0.7534000000000001,0.03062381723133455
Synthetic F1,0.7321478804715862,0.022127144105639634
Synthetic Precision,0.7447115928395789,0.0235247796305001
Synthetic Recall,0.7209045226130653,0.03288934845210823
