Metric,Mean,Standard Deviation
Overall F1,0.9866635736368747,0.007084005353413021
Overall Precision,0.986955533660954,0.006792915645362539
Overall Recall,0.9866666666666667,0.007079545234387271
Authentic F1,0.9868326,0.006910624502172974
Authentic Precision,1.0,0.0
Authentic Recall,0.9962420382165604,0.005345188212344678
Synthetic F1,0.9864957519803943,0.007259849416204391
Synthetic Precision,0.9962061292653838,0.005359209879731747
Synthetic Recall,0.9770912951167728,0.013763790445434316
