Metric,Mean,Standard Deviation
Overall F1,0.6682089569761929,0.026931153328893637
Overall Precision,0.6875295505261617,0.030266967184778282
Overall Recall,0.6740000000000002,0.02625871668646817
Authentic F1,0.6275521000000001,0.03616599760015119
Authentic Precision,1.0,0.0
Authentic Recall,0.55195,0.05544537306159454
Synthetic F1,0.7088662821262562,0.02716869242914068
Synthetic Precision,0.6407202347040755,0.02396791312571412
Synthetic Recall,0.7960499999999997,0.0566100207069777
