Metric,Mean,Standard Deviation
Overall F1,0.7696495151162973,0.025107674035413252
Overall Precision,0.7826466861904666,0.022622769863268125
Overall Recall,0.7719318181818181,0.024211167244157363
Authentic F1,0.7914595000000001,0.020196529573621842
Authentic Precision,1.0,0.0
Authentic Recall,0.8649242424242425,0.028913965979233687
Synthetic F1,0.7478393446472984,0.03163059046198654
Synthetic Precision,0.8348969363082275,0.028175476224696103
Synthetic Recall,0.678939393939394,0.047228175893942737
