Metric,Mean,Standard Deviation
Overall F1,0.9558049828333386,0.012244813967452447
Overall Precision,0.9564742759073132,0.01197028228563583
Overall Recall,0.9558229166666669,0.012232447915950578
Authentic F1,0.9550857333333332,0.012666174628828639
Authentic Precision,1.0,0.0
Authentic Recall,0.9408541666666668,0.020067939146247195
Synthetic F1,0.9565246341511747,0.01184418918488678
Synthetic Precision,0.9429107277656544,0.01839763939586149
Synthetic Recall,0.9707916666666667,0.013052118213342704
