Metric,Mean,Standard Deviation
Overall F1,0.9537065112528177,0.010531617321745394
Overall Precision,0.9572235967159715,0.009084056762882639
Overall Recall,0.9538023952095811,0.010469359828828151
Authentic F1,0.9557553,0.009628485668718996
Authentic Precision,1.0,0.0
Authentic Recall,0.9959281437125749,0.005168641205844312
Synthetic F1,0.9516589586798628,0.011442757054967912
Synthetic Precision,0.9955858584051432,0.005575417985427277
Synthetic Recall,0.9116766467065868,0.020433064080321996
