Metric,Mean,Standard Deviation
Overall F1,0.9674078767353963,0.00848304494115742
Overall Precision,0.9690902649082122,0.007685633554488759
Overall Recall,0.9674404761904764,0.008459744197184224
Authentic F1,0.9683971999999998,0.007994236897409678
Authentic Precision,1.0,0.0
Authentic Recall,0.9958843537414968,0.0048553659973440775
Synthetic F1,0.9664181848848481,0.008976573944208142
Synthetic Precision,0.9956674338759376,0.005084737243250268
Synthetic Recall,0.9389965986394558,0.01655601515426996
