Metric,Mean,Standard Deviation
Overall F1,0.9526986697033375,0.0115535450499778
Overall Precision,0.9557756594628182,0.010300791484483134
Overall Recall,0.952785234899329,0.011499116854931603
Authentic F1,0.9546537999999998,0.010671073406005767
Authentic Precision,1.0,0.0
Authentic Recall,0.9918791946308724,0.0069639294927397784
Synthetic F1,0.9507439201214574,0.012445930105156428
Synthetic Precision,0.991237108426109,0.007504237034562023
Synthetic Recall,0.9136912751677851,0.021732174260794747
