Metric,Mean,Standard Deviation
Overall F1,0.4706465845966168,0.025947907219489842
Overall Precision,0.47414274075529006,0.025874386718296793
Overall Recall,0.475125,0.025003471981129153
Authentic F1,0.5122477,0.02872861308535588
Authentic Precision,0.17,0.3775251680686369
Authentic Recall,0.55295,0.049732085247155104
Synthetic F1,0.42904544650900867,0.04332395138467659
Synthetic Precision,0.46955786835149665,0.030267685753794803
Synthetic Recall,0.3973,0.058691196662332294
