,Key,Count,Mean Score
0,of,100,0.06712150615005952
1,PRP,100,0.0759272485454955
2,sentiment,100,0.061886710952380304
3,NN,100,0.05475127895268904
4,VB,100,0.053277675316614134
5,DT,97,0.03725587920305982
6,IN,96,0.03805514664662961
11,to,61,0.03532366746585085
10,have,57,0.035007729801227044
9,NNS,55,0.03320359466992328
7,RB,34,0.03227908376271577
12,the,34,0.03176389667815357
13,i,27,0.03242835784903731
8,mean_sen_len,26,0.03219570860073696
14,which,13,0.03130721282650686
