Metric,Mean,Standard Deviation
Overall F1,0.48596196860276936,0.024922841611124676
Overall Precision,0.49179138986580667,0.025007415747720776
Overall Recall,0.492225,0.023934081928868246
Authentic F1,0.43831600000000004,0.046455503789359906
Authentic Precision,0.36,0.4824181513244218
Authentic Recall,0.40035000000000004,0.06676982548995913
Synthetic F1,0.53360767392272,0.032898554891922394
Synthetic Precision,0.4935783288198127,0.020926001740708737
Synthetic Recall,0.5841,0.0632310977065219
