Metric,Mean,Standard Deviation
Overall F1,0.9484331753315003,0.011982403316944895
Overall Precision,0.9508449574628234,0.010988230907758245
Overall Recall,0.9485016286644951,0.011936313891810699
Authentic F1,0.9467730999999999,0.012813731877808415
Authentic Precision,1.0,0.0
Authentic Recall,0.9151948051948053,0.022866368452900798
Synthetic F1,0.9501038140654878,0.011173079977320727
Synthetic Precision,0.9204732103633714,0.01974139156283437
Synthetic Recall,0.9820261437908496,0.010927851549464965
