Metric,Mean,Standard Deviation
Overall F1,0.9176845521479216,0.01470022203939176
Overall Precision,0.9233686761971338,0.013352399239570751
Overall Recall,0.9179629629629631,0.014572967821978706
Authentic F1,0.9223204333333335,0.013238809983459596
Authentic Precision,1.0,0.0
Authentic Recall,0.9727886710239652,0.013401087351237503
Synthetic F1,0.9130487153391986,0.016234148126771982
Synthetic Precision,0.9696257876136565,0.014549271375130098
Synthetic Recall,0.8631372549019608,0.02574986853367887
