Metric,Mean,Standard Deviation
Overall F1,0.33771255066038725,0.035011072286710986
Overall Precision,0.33707212700886324,0.04170956688800224
Overall Recall,0.37115000000000004,0.03047481987583597
Authentic F1,0.48247539999999994,0.034172012365842795
Authentic Precision,0.0,0.0
Authentic Recall,0.5886,0.061315873667724605
Synthetic F1,0.19295015526310505,0.06497441710513589
Synthetic Precision,0.2644616425088947,0.0688972983169214
Synthetic Recall,0.1537,0.06017910976846743
