Metric,Mean,Standard Deviation
Overall F1,0.8774460153310146,0.015204181950838983
Overall Precision,0.8920720735159129,0.01216872333199692
Overall Recall,0.8785427135678393,0.014794517565662683
Authentic F1,0.8660043999999999,0.018127751999783552
Authentic Precision,1.0,0.0
Authentic Recall,0.7866331658291458,0.02825016598349662
Synthetic F1,0.8888877217544778,0.012380904515545209
Synthetic Precision,0.8202195003156615,0.01952953300133673
Synthetic Recall,0.9704522613065325,0.010357222551941724
