Metric,Mean,Standard Deviation
Overall F1,0.9763322434952907,0.007599390263586935
Overall Precision,0.9773456291727867,0.007001861329624819
Overall Recall,0.9763471502590672,0.007586302974528345
Authentic F1,0.9768994333333334,0.0072547002417431
Authentic Precision,1.0,0.0
Authentic Recall,0.9980829015544042,0.0029652749862536945
Synthetic F1,0.9757658745386731,0.00794557435166657
Synthetic Precision,0.9980024274214897,0.0030852630607648033
Synthetic Recall,0.9546113989637305,0.014724497628562065
