Metric,Mean,Standard Deviation
Overall F1,0.9238761744038273,0.012548735155060317
Overall Precision,0.9254134729433072,0.012191509334706542
Overall Recall,0.923950953678474,0.012514149653314348
Authentic F1,0.9259982000000001,0.011900990314450579
Authentic Precision,1.0,0.0
Authentic Recall,0.9485326086956524,0.01767336528247689
Synthetic F1,0.9217425837737331,0.013326024988677198
Synthetic Precision,0.9459896181547174,0.017187380158883606
Synthetic Recall,0.8992349726775954,0.023523760114140934
