Metric,Mean,Standard Deviation
Overall F1,0.9868544055080144,0.005618243962878138
Overall Precision,0.9869111077550798,0.005600868252905513
Overall Recall,0.9868548387096775,0.005617969702455924
Authentic F1,0.9868718709677421,0.0056091310977329
Authentic Precision,1.0,0.0
Authentic Recall,0.988032258064516,0.0073964008049885515
Synthetic F1,0.986836622657956,0.005628321002960285
Synthetic Precision,0.9880531106854833,0.007288845356489595
Synthetic Recall,0.9856774193548388,0.007999135898033454
