Metric,Mean,Standard Deviation
Overall F1,0.9405341341431306,0.014281863912741334
Overall Precision,0.9434516069954558,0.012771040479008735
Overall Recall,0.940642857142857,0.014193243287550004
Authentic F1,0.9428501999999999,0.013048663771521678
Authentic Precision,1.0,0.0
Authentic Recall,0.9769285714285714,0.013347819897700083
Synthetic F1,0.9382184509956262,0.015570165871940031
Synthetic Precision,0.9753968404254408,0.013692739121506196
Synthetic Recall,0.904357142857143,0.028442983287429825
