Metric,Mean,Standard Deviation
Overall F1,0.9350605190807442,0.012810015972920634
Overall Precision,0.935447740480295,0.012755893199279953
Overall Recall,0.9350750000000001,0.012804153169336816
Authentic F1,0.9345473999999999,0.012913228329855779
Authentic Precision,1.0,0.0
Authentic Recall,0.92715,0.017699155375613274
Synthetic F1,0.9355732695497524,0.012765167832026665
Synthetic Precision,0.9285316807160505,0.016162545051429614
Synthetic Recall,0.943,0.017936476011668815
