,Key,Count,Mean Score
0,i,100,0.07806983938803817
1,you,100,0.04515279769674934
5,but,89,0.027840406761144246
2,here,88,0.02949619799931332
6,just,76,0.026353807522882734
12,VBP,76,0.024699757435875762
3,so,72,0.02661016125325668
4,or,67,0.0253899001603823
14,do,59,0.025406455190667122
13,mean_sen_len,53,0.022405466225321833
11,can,43,0.02432903727279689
10,JJR,35,0.02298924624199702
8,an,22,0.021345975732086634
15,what,19,0.022071718592317716
18,VBG,18,0.020933466114108568
20,there,15,0.02197150275518443
19,is,13,0.02108184698143876
16,some,13,0.021670643475957603
17,we,10,0.021110982461661904
9,your,7,0.0209008146037154
21,with,7,0.020567089659687787
22,at,6,0.021805114332718107
23,the,5,0.020410769824089552
24,if,4,0.01989450317133375
25,all,2,0.019609856813727046
7,have,1,0.023174398405216057
