Metric,Mean,Standard Deviation
Overall F1,0.5139739413434223,0.02507140793238423
Overall Precision,0.5158143376088594,0.02483700496771331
Overall Recall,0.5156749999999999,0.024491946212845762
Authentic F1,0.5309087000000001,0.027403224416005123
Authentic Precision,0.72,0.45126085985421294
Authentic Recall,0.5497,0.04742255781691862
Synthetic F1,0.49703959749566445,0.04037361274894184
Synthetic Precision,0.5162410927361433,0.02649150936621907
Synthetic Recall,0.48164999999999997,0.059709122359395746
