,Key,Count,Mean Score
0,PRP,100,0.0743560910806916
1,of,100,0.06674853996744994
2,VB,100,0.05320938465546041
3,NN,100,0.05211600543883224
4,sentiment,100,0.06084845972805034
6,DT,99,0.03851355368938971
5,IN,98,0.03862623141861861
11,have,67,0.03554553103536687
7,to,57,0.03598205805066501
10,RB,40,0.033924638871750484
8,the,33,0.03252863859279558
14,i,29,0.03201087348429102
13,NNS,29,0.03345315882964703
12,mean_sen_len,26,0.03235626866235549
9,which,22,0.03207450203681173
