Metric,Mean,Standard Deviation
Overall F1,0.7376460774309851,0.02336986647192137
Overall Precision,0.7389303805730334,0.02292882705882503
Overall Recall,0.7379396984924624,0.02320319154870042
Authentic F1,0.7430245,0.022023538618551476
Authentic Precision,1.0,0.0
Authentic Recall,0.7578391959798997,0.030350546944378207
Synthetic F1,0.7322674896352797,0.026690028695395756
Synthetic Precision,0.7481823801059708,0.024554926515202375
Synthetic Recall,0.7180402010050251,0.03910682275651947
