Metric,Mean,Standard Deviation
Overall F1,0.9535896696370324,0.009939331797700375
Overall Precision,0.9539662830378888,0.009790094637202817
Overall Recall,0.9536,0.009932346910550154
Authentic F1,0.9540622999999999,0.009723790657844074
Authentic Precision,1.0,0.0
Authentic Recall,0.9632999999999998,0.012816104137081806
Synthetic F1,0.9531171898596204,0.010182720379478259
Synthetic Precision,0.9627373951916595,0.012513846720302669
Synthetic Recall,0.9439,0.015931989292874947
