Metric,Mean,Standard Deviation
Overall F1,0.9011826638688961,0.014352854149011144
Overall Precision,0.9071703044567433,0.0133349425463196
Overall Recall,0.9015378006872853,0.014220515174073826
Authentic F1,0.9069157333333332,0.012921851050738844
Authentic Precision,1.0,0.0
Authentic Recall,0.958556701030928,0.015321088722720184
Synthetic F1,0.8954498113095262,0.015916186573499233
Synthetic Precision,0.9534948835427017,0.016394780949451838
Synthetic Recall,0.8445189003436425,0.02484984748347552
