Metric,Mean,Standard Deviation
Overall F1,0.8555752847735119,0.018034871657040027
Overall Precision,0.8567347600797448,0.018094619223029764
Overall Recall,0.8556818181818181,0.018023328407943406
Authentic F1,0.8533255000000001,0.01843202594821187
Authentic Precision,1.0,0.0
Authentic Recall,0.84,0.027987059402861447
Synthetic F1,0.857825519655761,0.01822310191645957
Synthetic Precision,0.8454574532510643,0.022366678913058578
Synthetic Recall,0.8713636363636362,0.0292108660141788
