Metric,Mean,Standard Deviation
Overall F1,0.3444957282169405,0.00913250856497306
Overall Precision,0.6292471235867702,0.1848518791460239
Overall Recall,0.5042499999999999,0.00482653649581711
Authentic F1,0.6680878,0.0027869361838637934
Authentic Precision,0.74,0.44084400227680803
Authentic Recall,0.9978500000000001,0.004337701760801058
Synthetic F1,0.020905096884365874,0.016148069040382074
Synthetic Precision,0.7563492063492064,0.36804756742516764
Synthetic Recall,0.010650000000000001,0.008307687811158817
