,Key,Count,Mean Score
0,PRP,100,0.07647268391439081
1,VB,100,0.05317709815585169
2,sentiment,100,0.060059690458307065
3,NN,100,0.05407753813687706
4,of,100,0.06678326718656107
7,DT,98,0.03806564402732682
8,IN,98,0.03781061721594847
12,have,64,0.03568817743712164
5,to,57,0.03573214762534621
9,NNS,39,0.03340733233577472
10,RB,35,0.031825139366078
11,i,31,0.032860341539439404
14,the,29,0.03205443735499392
13,mean_sen_len,24,0.031805147955494405
6,which,23,0.03271981995969677
15,a,2,0.027523270953407758
