Metric,Mean,Standard Deviation
Overall F1,0.8525447500451575,0.010360576138226935
Overall Precision,0.8601882655612847,0.010139247049717
Overall Recall,0.8532584269662921,0.010252080188275442
Authentic F1,0.8626523,0.00938715432778951
Authentic Precision,1.0,0.0
Authentic Recall,0.9216011235955058,0.013825288367978077
Synthetic F1,0.8424369944377368,0.011621945458197974
Synthetic Precision,0.9094203063184071,0.01429654793582042
Synthetic Recall,0.7849157303370786,0.01736290732362675
