Metric,Mean,Standard Deviation
Overall F1,0.9199452699958114,0.01242394756179439
Overall Precision,0.9210844283603167,0.012103031246501817
Overall Recall,0.9199999999999998,0.012396511082027087
Authentic F1,0.9182511999999999,0.013151701144334864
Authentic Precision,1.0,0.0
Authentic Recall,0.8995897435897439,0.022538894821988308
Synthetic F1,0.9216395220628901,0.011809372932053168
Synthetic Precision,0.9039840310590648,0.019285429726107507
Synthetic Recall,0.9404102564102564,0.016359998149278975
