Metric,Mean,Standard Deviation
Overall F1,0.3786842817354345,0.018287573317374444
Overall Precision,0.600217871130473,0.06868441040993639
Overall Recall,0.513,0.009333874443188754
Authentic F1,0.6674083000000001,0.006521932547298781
Authentic Precision,0.91,0.2876234912646614
Authentic Recall,0.9773499999999999,0.015993290891350462
Synthetic F1,0.0899603444382128,0.03465592600070923
Synthetic Precision,0.6936744521660522,0.13342587159276026
Synthetic Recall,0.04864999999999999,0.020073790641208518
