Metric,Mean,Standard Deviation
Overall F1,0.7459675512249908,0.02231969888939838
Overall Precision,0.7468312000816776,0.022182464719614707
Overall Recall,0.7461499999999998,0.022254326556987756
Authentic F1,0.7461001000000002,0.023268888818733607
Authentic Precision,1.0,0.0
Authentic Recall,0.7465999999999998,0.03420732983062862
Synthetic F1,0.7458352950753828,0.02348323052795722
Synthetic Precision,0.7470242788121947,0.02525406691067305
Synthetic Recall,0.7456999999999999,0.03521234287730784
