Metric,Mean,Standard Deviation
Overall F1,0.8983536822029606,0.01404569763569544
Overall Precision,0.912084744619418,0.011249760025267333
Overall Recall,0.8991798941798942,0.013748466196822781
Authentic F1,0.9074207,0.011768010332329682
Authentic Precision,1.0,0.0
Authentic Recall,0.9868783068783067,0.008424087154857802
Synthetic F1,0.8892870340303962,0.016372228839324297
Synthetic Precision,0.9841632163640529,0.010111149634253247
Synthetic Recall,0.8114814814814815,0.02587308199546967
