,Key,Count,Mean Score
0,TTR,100,0.07993913032251805
1,of,100,0.050274092031039413
2,the,100,0.059559058479590546
3,i,100,0.039722842684286296
7,and,100,0.041855515700444386
4,to,98,0.039803119546681476
5,DT,97,0.0374223125482035
6,RB,96,0.03548080161217416
8,a,93,0.03462591338287769
10,is,75,0.03126414728147574
9,this,41,0.03150313710259172
