Metric,Mean,Standard Deviation
Overall F1,0.8942307264704092,0.015131685477497655
Overall Precision,0.8956901145061512,0.014939330154860948
Overall Recall,0.894325,0.01510006605778581
Authentic F1,0.8968218000000001,0.014532382049767477
Authentic Precision,1.0,0.0
Authentic Recall,0.9183499999999998,0.020548722588034505
Synthetic F1,0.8916398496648189,0.015946659801071246
Synthetic Precision,0.9146505097901795,0.019578814036086647
Synthetic Recall,0.8702999999999999,0.024841111248911734
