Metric,Mean,Standard Deviation
Overall F1,0.46604427796540904,0.02925911444917077
Overall Precision,0.4696901620379121,0.02892392458607569
Overall Recall,0.47104999999999997,0.027689156613002745
Authentic F1,0.5081815000000001,0.03186460362838269
Authentic Precision,0.13,0.3379976689896311
Authentic Recall,0.5488000000000001,0.05649313894159845
Synthetic F1,0.42390721150721555,0.05121676852620776
Synthetic Precision,0.4640745010756766,0.03466444430054025
Synthetic Recall,0.3933,0.0687302588737194
