,Key,Count,Mean Score
0,sentiment,100,0.059647095245093144
1,of,100,0.06886487419204564
2,PRP,100,0.07521407909136618
4,NN,100,0.05381259261521744
6,VB,100,0.052192506448013404
7,DT,99,0.038341881170523104
5,IN,97,0.04064359508873149
3,have,61,0.03540111087636374
11,to,58,0.03544975043905329
8,NNS,48,0.032936249602736646
9,the,39,0.032386124834788484
10,RB,32,0.03323156341777808
12,i,26,0.032577377645508984
14,mean_sen_len,23,0.03095077117858501
13,which,17,0.03079684374467307
