Metric,Mean,Standard Deviation
Overall F1,0.4717039870143435,0.0331396494980089
Overall Precision,0.4788409445242862,0.03387884367172304
Overall Recall,0.48050000000000004,0.031168327617385028
Authentic F1,0.5347139,0.03429550531245113
Authentic Precision,0.24,0.42923469599092784
Authentic Recall,0.59905,0.05661180499371544
Synthetic F1,0.40869400681619167,0.05056689220255614
Synthetic Precision,0.4734932890306275,0.043055765681211576
Synthetic Recall,0.36195,0.059407406095451594
