Metric,Mean,Standard Deviation
Overall F1,0.6939034038581242,0.030813775809811074
Overall Precision,0.7216641626241425,0.03285459705264358
Overall Recall,0.7010000000000001,0.02936190068986018
Authentic F1,0.6494183000000001,0.04086100205574993
Authentic Precision,1.0,0.0
Authentic Recall,0.55675,0.05684630617069613
Synthetic F1,0.7383884923713495,0.02692261212239963
Synthetic Precision,0.6569655212959405,0.026837591024586334
Synthetic Recall,0.8452500000000001,0.05120948756003732
