,Key,Count,Mean Score
0,PRP,100,0.07557237037436519
1,of,100,0.06724160577917998
2,sentiment,100,0.06020421182914763
3,VB,100,0.052148518798412445
4,NN,100,0.0536020209615973
7,DT,98,0.03722222262834095
5,IN,95,0.03924915967002582
8,have,66,0.034754551205745804
9,to,54,0.03627343121154364
6,RB,40,0.0325049830358433
10,the,36,0.033044111959903526
12,NNS,36,0.03454209645190806
14,i,33,0.03280493233154308
11,which,28,0.03263246022570248
13,mean_sen_len,14,0.031887478583244304
