Metric,Mean,Standard Deviation
Overall F1,0.9213513007455185,0.014466366179499207
Overall Precision,0.927507442941124,0.012800825973282172
Overall Recall,0.9216526610644259,0.014313205278196663
Authentic F1,0.9261782000000001,0.012877690785214405
Authentic Precision,1.0,0.0
Authentic Recall,0.978826815642458,0.012461552952074585
Synthetic F1,0.9164975485120348,0.016133055429548272
Synthetic Precision,0.9761169505479473,0.01349429511558228
Synthetic Recall,0.8641573033707866,0.02574332124038266
