Metric,Mean,Standard Deviation
Overall F1,0.7400070731215774,0.023950316758711284
Overall Precision,0.7407482158104601,0.02385701672492614
Overall Recall,0.7401754385964913,0.023904415586790687
Authentic F1,0.7428463000000001,0.024358218103999726
Authentic Precision,1.0,0.0
Authentic Recall,0.7492,0.033179341266346564
Synthetic F1,0.7371539500643519,0.025142518398460163
Synthetic Precision,0.7441573533750505,0.026836936200930774
Synthetic Recall,0.7311055276381908,0.0337926607551721
