,Key,Count,Mean Score
0,TTR,100,0.13451371223445374
1,mean_sen_len,100,0.030165252791680013
6,a,100,0.0287010499303382
2,JJ,99,0.027105223185350944
3,sentiment,99,0.026507777200255066
4,lex_density,93,0.024887917014043814
8,NN,92,0.025058556547141394
5,DT,87,0.02466680268462203
7,and,68,0.024949645816047923
9,IN,51,0.024088387126572776
11,the,48,0.024487377723558367
10,VBZ,40,0.024661371781770035
12,NNS,21,0.02389859734541458
13,is,1,0.021988076650686406
14,PRP,1,0.023900123956373774
