Metric,Mean,Standard Deviation
Overall F1,0.3415090873532066,0.007430713777034174
Overall Precision,0.463904543862491,0.11933838060703153
Overall Recall,0.49782499999999996,0.005931585970144247
Authentic F1,0.6623202,0.004622900611153782
Authentic Precision,0.34,0.47609522856952335
Authentic Recall,0.985,0.009534625892455932
Synthetic F1,0.020698826109361995,0.012452509321858953
Synthetic Precision,0.42891702741702736,0.23608131144622013
Synthetic Recall,0.01065,0.00646103316002553
