Metric,Mean,Standard Deviation
Overall F1,0.9402147661449953,0.011779966219842054
Overall Precision,0.940506813978631,0.01169918741450639
Overall Recall,0.9402250000000002,0.011774903761214282
Authentic F1,0.940495,0.011698656704377156
Authentic Precision,1.0,0.0
Authentic Recall,0.9447500000000001,0.016149162657718624
Synthetic F1,0.9399342951041166,0.011911270400640262
Synthetic Precision,0.9444793892928509,0.015345208822485568
Synthetic Recall,0.9357000000000001,0.017335372840384788
