Metric,Mean,Standard Deviation
Overall F1,0.9504761401951511,0.010295332495401825
Overall Precision,0.9532091906278272,0.009362853848968471
Overall Recall,0.9505597964376588,0.010250181816988786
Authentic F1,0.9524962000000001,0.00955182427760808
Authentic Precision,1.0,0.0
Authentic Recall,0.9874111675126903,0.008732132962759445
Synthetic F1,0.9484465096604737,0.011063599411834105
Synthetic Precision,0.9864386927625675,0.009240320836765894
Synthetic Recall,0.9135204081632654,0.01944997286022641
