Metric,Mean,Standard Deviation
Overall F1,0.3541765983335954,0.012228004928772426
Overall Precision,0.703714920937454,0.11511226277384483
Overall Recall,0.5090250000000001,0.006039589507089154
Authentic F1,0.6703914000000001,0.0030646429488670273
Authentic Precision,0.92,0.2726599243442907
Authentic Recall,0.99855,0.0034300366638203065
Synthetic F1,0.03796354454145806,0.02174574387741608
Synthetic Precision,0.9028543956043955,0.22862603344208052
Synthetic Recall,0.019499999999999997,0.01140396882889922
