,Key,Count,Mean Score
0,PRP,100,0.07551239462392544
1,of,100,0.06655673060931538
2,VB,100,0.0523033326624936
3,NN,100,0.05368269270387029
5,sentiment,100,0.06061616039187876
4,IN,98,0.038097434160700036
8,DT,97,0.03847716055542983
9,have,64,0.034711307197874894
10,to,57,0.03568478160042071
6,NNS,39,0.033414902498559794
13,RB,39,0.03247401510678672
7,i,35,0.03233426460369282
11,the,31,0.033425334728367
12,mean_sen_len,29,0.031728278472336065
14,which,11,0.0331583731937612
