Metric,Mean,Standard Deviation
Overall F1,0.3443881036467811,0.0076527086293727365
Overall Precision,0.5535976229447469,0.14331231905755726
Overall Recall,0.5021749999999998,0.004433216562599786
Authentic F1,0.6660071999999998,0.0029510043077302403
Authentic Precision,0.59,0.4943110704237103
Authentic Recall,0.9926999999999999,0.005748078291081646
Synthetic F1,0.022770648935431445,0.01361713392710105
Synthetic Precision,0.606095238095238,0.28474464090610846
Synthetic Recall,0.011649999999999995,0.007037238611325274
