Metric,Mean,Standard Deviation
Overall F1,0.9675715230000327,0.007488374843990126
Overall Precision,0.9692150828764692,0.006878351329011494
Overall Recall,0.9676020408163265,0.007470508785096902
Authentic F1,0.9685391,0.007079370241780121
Authentic Precision,1.0,0.0
Authentic Recall,0.9960714285714286,0.004520274261357817
Synthetic F1,0.9666038642589909,0.007899830127923837
Synthetic Precision,0.9958537718744309,0.004767154272471929
Synthetic Recall,0.9391326530612247,0.014122350525083307
