Metric,Mean,Standard Deviation
Overall F1,0.9550832510002556,0.009603829083430488
Overall Precision,0.9580882593031758,0.008437629393986684
Overall Recall,0.9551619047619047,0.009554668908449042
Authentic F1,0.9569069333333334,0.008844632742898076
Authentic Precision,1.0,0.0
Authentic Recall,0.9940190476190477,0.005886990400317174
Synthetic F1,0.9532599097632832,0.010373134213959563
Synthetic Precision,0.9935614387748373,0.006285989459496311
Synthetic Recall,0.9163047619047621,0.0185901164137199
