Metric,Mean,Standard Deviation
Overall F1,0.5378294988488979,0.026348697288488588
Overall Precision,0.6339685326669874,0.02866828174741746
Overall Recall,0.5825250000000001,0.01974744261667798
Authentic F1,0.6810883,0.013596604303867919
Authentic Precision,1.0,0.0
Authentic Recall,0.8915500000000002,0.024211765651426513
Synthetic F1,0.3945705931601825,0.043137658799895534
Synthetic Precision,0.7167201071710949,0.04666469684429779
Synthetic Recall,0.27349999999999997,0.03820796363127044
