Metric,Mean,Standard Deviation
Overall F1,0.9336986186331345,0.01206231709142663
Overall Precision,0.937736997909819,0.011021423446276284
Overall Recall,0.9338547008547008,0.011986963757843718
Authentic F1,0.9368185666666666,0.011040627115456988
Authentic Precision,1.0,0.0
Authentic Recall,0.9796239316239318,0.010576377126668226
Synthetic F1,0.9305790662283433,0.01312129956378118
Synthetic Precision,0.9776822481733177,0.011377790249280532
Synthetic Recall,0.8880854700854702,0.02117870553325192
