Metric,Mean,Standard Deviation
Overall F1,0.3408603168351224,0.006516342471416907
Overall Precision,0.4930745433035295,0.15214328355349335
Overall Recall,0.500625,0.0037161774375660136
Authentic F1,0.6653590999999999,0.002600996349497831
Authentic Precision,0.4,0.49236596391733095
Authentic Recall,0.9929000000000001,0.005558685986722938
Synthetic F1,0.016363005106313885,0.011899069192183614
Synthetic Precision,0.4858333333333333,0.30280255175625526
Synthetic Recall,0.00835,0.006115677816196268
