Metric,Mean,Standard Deviation
Overall F1,0.4132666406169593,0.0225888121830145
Overall Precision,0.49595786532752634,0.03920991880160072
Overall Recall,0.49827499999999986,0.015925548846448152
Authentic F1,0.6360995,0.013504518912593888
Authentic Precision,0.42,0.49604496374885826
Authentic Recall,0.8775,0.03041381265149112
Synthetic F1,0.1904345323227635,0.04156253206833899
Synthetic Precision,0.4929011619947021,0.06962961522525365
Synthetic Recall,0.11905000000000002,0.029955311833975404
