,Key,Count,Mean Score
0,PRP,100,0.0763832824240961
1,of,100,0.0684074161868446
2,sentiment,100,0.0600635609678179
3,NN,100,0.05379798277908496
4,VB,100,0.052994463112259
7,DT,97,0.03794719584145761
5,IN,95,0.03974479838607095
6,have,63,0.0347114022567025
10,to,59,0.035751558439283224
9,NNS,49,0.03371331254881612
13,RB,33,0.03239733756748011
8,mean_sen_len,28,0.03242742492297228
11,i,28,0.03293658276284907
12,the,28,0.033470572830557425
14,which,20,0.032255985944322704
