Metric,Mean,Standard Deviation
Overall F1,0.9537891072765113,0.010981947688900338
Overall Precision,0.9545561827419223,0.010790021056184105
Overall Recall,0.9538095238095237,0.010971790957078469
Authentic F1,0.952963,0.011333993786460059
Authentic Precision,1.0,0.0
Authentic Recall,0.9367195767195767,0.017763214549579062
Synthetic F1,0.9546152286040932,0.010653666776882375
Synthetic Precision,0.9390773201685185,0.016149521463240765
Synthetic Recall,0.9708994708994709,0.013014695445618542
