Metric,Mean,Standard Deviation
Overall F1,0.3951346046433599,0.02145914227487954
Overall Precision,0.49883280456923174,0.049376149825203476
Overall Recall,0.49962499999999993,0.014785396665137349
Authentic F1,0.6462292,0.01185346607281574
Authentic Precision,0.41,0.49431107042371025
Authentic Recall,0.91435,0.025747952747880175
Synthetic F1,0.14403980467160815,0.03865003225864502
Synthetic Precision,0.49787652532766175,0.0908809515105065
Synthetic Recall,0.0849,0.025065369083114002
