Metric,Mean,Standard Deviation
Overall F1,0.7732174108608847,0.02263013467550376
Overall Precision,0.7741313835781283,0.022643544186739036
Overall Recall,0.7733749999999999,0.022603228405328177
Authentic F1,0.776451,0.023455410803471258
Authentic Precision,1.0,0.0
Authentic Recall,0.7878499999999999,0.03319102196971252
Synthetic F1,0.7699838826804055,0.022944259569924335
Synthetic Precision,0.7822058432851254,0.027502452583009082
Synthetic Recall,0.7589,0.029827619225926652
