Metric,Mean,Standard Deviation
Overall F1,0.9833572052241202,0.006107185932207501
Overall Precision,0.9835113345602322,0.006009965612502681
Overall Recall,0.9833588435374149,0.006105711989384948
Authentic F1,0.9832303333333334,0.006205881924197327
Authentic Precision,1.0,0.0
Authentic Recall,0.9768707482993196,0.010690193418964338
Synthetic F1,0.9834848875776727,0.006011045377319648
Synthetic Precision,0.977274590416754,0.010285586368734086
Synthetic Recall,0.9898469387755102,0.0059377206347114
