Metric,Mean,Standard Deviation
Overall F1,0.3371406895858432,0.005086924351888349
Overall Precision,0.4579261118462065,0.19322458527080935
Overall Recall,0.49942499999999995,0.003690264970914077
Authentic F1,0.6651146999999998,0.0027804819199323595
Authentic Precision,0.32,0.4688261722621506
Authentic Recall,0.9941999999999999,0.005717243101956461
Synthetic F1,0.009167866380131931,0.008743211678929752
Synthetic Precision,0.4161428571428571,0.38501688447193777
Synthetic Recall,0.0046500000000000005,0.004452612443920712
