Metric,Mean,Standard Deviation
Overall F1,0.43650719766741863,0.028935476940662615
Overall Precision,0.4404027316053449,0.029571141355549422
Overall Recall,0.443325,0.028322312919161617
Authentic F1,0.49354989999999993,0.0324453209804627
Authentic Precision,0.04,0.19694638556693236
Authentic Recall,0.54415,0.051227631235693516
Synthetic F1,0.37946508557068426,0.043216606917014934
Synthetic Precision,0.4281560317767614,0.03585039072838219
Synthetic Recall,0.3425,0.05249098046620039
