Metric,Mean,Standard Deviation
Overall F1,0.8674084617246486,0.01710975521771304
Overall Precision,0.8712634711838126,0.016299055380369333
Overall Recall,0.8677380952380952,0.016965837518869698
Authentic F1,0.8734720666666665,0.015611506638608368
Authentic Precision,1.0,0.0
Authentic Recall,0.9126020408163265,0.021190736754671195
Synthetic F1,0.8613453797300933,0.018991796366619063
Synthetic Precision,0.9044611969350806,0.02069608960286914
Synthetic Recall,0.822874149659864,0.029786190285947273
