Metric,Mean,Standard Deviation
Overall F1,0.332110691223197,0.0023208032463317273
Overall Precision,0.2679122260212043,0.08976793399213048
Overall Recall,0.49667500000000003,0.0038771377290079566
Authentic F1,0.6636302999999999,0.0034250017931131593
Authentic Precision,0.03,0.17144660799776532
Authentic Recall,0.9930500000000001,0.007584373887983594
Synthetic F1,0.00059262510974539,0.0027385875026931907
Synthetic Precision,0.0375,0.17899480834410095
Synthetic Recall,0.0003,0.0013889898953170715
