Metric,Mean,Standard Deviation
Overall F1,0.4022004903033028,0.02418304369298777
Overall Precision,0.4792071223042005,0.04750655406117907
Overall Recall,0.49057500000000004,0.018380981469931897
Authentic F1,0.6311963,0.017728959055793997
Authentic Precision,0.31,0.46482319871173167
Authentic Recall,0.87295,0.04179129845150336
Synthetic F1,0.17320517199789642,0.046784802353170146
Synthetic Precision,0.4638551543518868,0.085139737723527
Synthetic Recall,0.10820000000000002,0.03401217844873044
