Metric,Mean,Standard Deviation
Overall F1,0.38025620630939416,0.022027416337425568
Overall Precision,0.44667397739259185,0.04655537830215998
Overall Recall,0.48,0.018083699898532982
Authentic F1,0.6281089,0.01798598971562324
Authentic Precision,0.09,0.2876234912646614
Authentic Recall,0.8794000000000001,0.04230886909432116
Synthetic F1,0.13240309844040665,0.04352441141708527
Synthetic Precision,0.40461490606334377,0.08358997616505498
Synthetic Recall,0.0806,0.02991806994261009
