Metric,Mean,Standard Deviation
Overall F1,0.9648838494557903,0.011542274446304533
Overall Precision,0.9661080119980432,0.010813011590470874
Overall Recall,0.9649115044247787,0.01151662714515459
Authentic F1,0.9657485333333333,0.010972370401283649
Authentic Precision,1.0,0.0
Authentic Recall,0.9868731563421828,0.010722029517886752
Synthetic F1,0.9640193676914237,0.012128213477291943
Synthetic Precision,0.9864225495306461,0.01087552969946624
Synthetic Recall,0.9429498525073745,0.0220847712020905
