Metric,Mean,Standard Deviation
Overall F1,0.909116656916767,0.013128839613846158
Overall Precision,0.9147953737144238,0.011850147665321395
Overall Recall,0.9094249999999999,0.012996964486317032
Authentic F1,0.9141786999999999,0.011713845874076378
Authentic Precision,1.0,0.0
Authentic Recall,0.9638999999999999,0.015449167216286053
Synthetic F1,0.9040541922540263,0.014691815978701474
Synthetic Precision,0.959869484686246,0.016104833579593972
Synthetic Recall,0.8549500000000001,0.02600985632914236
