Metric,Mean,Standard Deviation
Overall F1,0.9416931148363791,0.014308657597205952
Overall Precision,0.9472886434984976,0.0117620816224115
Overall Recall,0.9418918918918919,0.014169187571683551
Authentic F1,0.9449992999999999,0.012723904350838738
Authentic Precision,1.0,0.0
Authentic Recall,0.9954054054054053,0.004569554867997799
Synthetic F1,0.9383871672857134,0.015902805560937306
Synthetic Precision,0.9948641168697806,0.00507893266174051
Synthetic Recall,0.8883783783783784,0.027630446508378877
