Metric,Mean,Standard Deviation
Overall F1,0.6938765184498155,0.02563702648282127
Overall Precision,0.7330271745109974,0.0190457347177529
Overall Recall,0.7037750000000002,0.02194602826403121
Authentic F1,0.7477244000000001,0.014853549065404665
Authentic Precision,1.0,0.0
Authentic Recall,0.8773999999999998,0.02854625875467554
Synthetic F1,0.6400284684429057,0.03944621131191
Synthetic Precision,0.8137556020467211,0.028983797152632114
Synthetic Recall,0.5301499999999999,0.054227611402161514
