Metric,Mean,Standard Deviation
Overall F1,0.35007119107992596,0.010503552095411551
Overall Precision,0.5433704848258594,0.11862562878682772
Overall Recall,0.501725,0.00715710249763241
Authentic F1,0.6639788999999999,0.005413694736219399
Authentic Precision,0.55,0.5
Authentic Recall,0.9846499999999999,0.011486817213526552
Synthetic F1,0.03616411286220888,0.01860949143807803
Synthetic Precision,0.585867784992785,0.23404368397919897
Synthetic Recall,0.018799999999999997,0.009901535438526897
