Metric,Mean,Standard Deviation
Overall F1,0.9136161467893135,0.012822999371900597
Overall Precision,0.9139566853021707,0.01280089291681585
Overall Recall,0.9136333333333333,0.012818555173837053
Authentic F1,0.9135182999999999,0.012952432608520338
Authentic Precision,1.0,0.0
Authentic Recall,0.9125999999999999,0.019419631139097244
Synthetic F1,0.9137142762850287,0.012812680711373984
Synthetic Precision,0.9131150110336614,0.017559329322351897
Synthetic Recall,0.9146666666666666,0.01849176501762643
