Metric,Mean,Standard Deviation
Overall F1,0.9529115382278409,0.010208785578521262
Overall Precision,0.9540331411194783,0.00987145652564736
Overall Recall,0.9529421768707482,0.010191432448398732
Authentic F1,0.9539776333333333,0.009788687727353152
Authentic Precision,1.0,0.0
Authentic Recall,0.9746938775510204,0.012306173894598874
Synthetic F1,0.9518450624222855,0.010657768121626061
Synthetic Precision,0.9737221663238783,0.012419800148564744
Synthetic Recall,0.9311904761904763,0.017877112449840693
