Metric,Mean,Standard Deviation
Overall F1,0.9460771509176269,0.01329368994600041
Overall Precision,0.9486941288279377,0.012167818454807763
Overall Recall,0.946156351791531,0.013238344312383736
Authentic F1,0.9442388666666667,0.014230161948451347
Authentic Precision,1.0,0.0
Authentic Recall,0.9112337662337662,0.02443633305652799
Synthetic F1,0.9479274016046471,0.012380539089403376
Synthetic Precision,0.9170270444252674,0.0209864199009825
Synthetic Recall,0.9813071895424837,0.010877262557556142
