Metric,Mean,Standard Deviation
Overall F1,0.31348872441868275,0.011154990774341598
Overall Precision,0.2721990472869103,0.029103768723520725
Overall Recall,0.43955,0.020805678614894126
Authentic F1,0.6071975999999999,0.02108704964827197
Authentic Precision,0.0,0.0
Authentic Recall,0.8676,0.04439537695469536
Synthetic F1,0.019780299207053507,0.015172738032277089
Synthetic Precision,0.07726316946933015,0.05479673218147821
Synthetic Recall,0.011499999999999996,0.009059288441743484
