Metric,Mean,Standard Deviation
Overall F1,0.9193800224089018,0.009846982288491195
Overall Precision,0.9241659752074669,0.008444007066803616
Overall Recall,0.9196067415730337,0.009743146317377419
Authentic F1,0.9235417999999999,0.008668024296927255
Authentic Precision,1.0,0.0
Authentic Recall,0.9701966292134832,0.008543392382744477
Synthetic F1,0.9152180477911658,0.0110800321460566
Synthetic Precision,0.9669690793202027,0.009018801304987372
Synthetic Recall,0.8690168539325843,0.020096533046878324
