Metric,Mean,Standard Deviation
Overall F1,0.9700816775873943,0.006246629633259039
Overall Precision,0.9702355345257869,0.006179824562303274
Overall Recall,0.9700846262341326,0.006244577531118932
Authentic F1,0.9703304000000001,0.006128129366727955
Authentic Precision,1.0,0.0
Authentic Recall,0.9766478873239436,0.007309428912537129
Synthetic F1,0.9698317730572243,0.00637082660977494
Synthetic Precision,0.9763222237971914,0.007264029124857773
Synthetic Recall,0.963502824858757,0.010107159950064382
