Metric,Mean,Standard Deviation
Overall F1,0.3398810174078724,0.006147561889332658
Overall Precision,0.49784993994374216,0.16376180289979478
Overall Recall,0.50035,0.0037775920928816513
Authentic F1,0.6653368999999999,0.0027373926601343846
Authentic Precision,0.42,0.49604496374885826
Authentic Recall,0.99335,0.00581946403169241
Synthetic F1,0.014426756763445337,0.011097807035224548
Synthetic Precision,0.4955238095238096,0.3261003691949303
Synthetic Recall,0.007349999999999999,0.005705526295008227
