Metric,Mean,Standard Deviation
Overall F1,0.9865233537120693,0.005784013478420707
Overall Precision,0.9869171984387826,0.005492006692584568
Overall Recall,0.9865269461077844,0.00578028322852348
Authentic F1,0.9867303,0.005627274930320557
Authentic Precision,1.0,0.0
Authentic Recall,0.9994610778443114,0.0019211134985857997
Synthetic F1,0.9863169317799868,0.005941781768240315
Synthetic Precision,0.9994522047528109,0.0019467808804197579
Synthetic Recall,0.9735928143712574,0.011547871059633842
