Metric,Mean,Standard Deviation
Overall F1,0.37500253060338745,0.01839147376550057
Overall Precision,0.456195468248665,0.04589308354914087
Overall Recall,0.4877750000000001,0.013271138084603219
Authentic F1,0.6400703,0.012736941298697445
Authentic Precision,0.15,0.3588702812826367
Authentic Recall,0.9114999999999999,0.030891632027021963
Synthetic F1,0.10993490690888325,0.03662821709977554
Synthetic Precision,0.4190733031597314,0.08528824750977008
Synthetic Recall,0.06405,0.023297537477708935
