Metric,Mean,Standard Deviation
Overall F1,0.9361543268315049,0.013121810021498967
Overall Precision,0.941916008641146,0.01085317465539129
Overall Recall,0.9363848396501457,0.012981410456842143
Authentic F1,0.9399735000000002,0.011580533768947675
Authentic Precision,1.0,0.0
Authentic Recall,0.991046511627907,0.006734702087186728
Synthetic F1,0.932313307065766,0.014691868306859843
Synthetic Precision,0.9899552598404161,0.007477882445684504
Synthetic Recall,0.8814035087719296,0.025821588030531934
