Metric,Mean,Standard Deviation
Overall F1,0.8629035988385256,0.011413102631126536
Overall Precision,0.870613980424676,0.010782424429842523
Overall Recall,0.8635785007072139,0.011262385910037847
Authentic F1,0.8724428999999999,0.010063910047513561
Authentic Precision,1.0,0.0
Authentic Recall,0.9315254237288138,0.013734388872454357
Synthetic F1,0.8533377111042613,0.0130087196307942
Synthetic Precision,0.9207637967284922,0.014440119829808536
Synthetic Recall,0.7954390934844193,0.020024452697547077
