Metric,Mean,Standard Deviation
Overall F1,0.9584953713500719,0.009784414114981233
Overall Precision,0.9589710706543866,0.00961369104199871
Overall Recall,0.9585069444444446,0.00977720672227517
Authentic F1,0.9580038666666667,0.010009812662951303
Authentic Precision,1.0,0.0
Authentic Recall,0.9472569444444444,0.016539420127942413
Synthetic F1,0.9589870859413296,0.009585893063031274
Synthetic Precision,0.9486833962371111,0.015191823287461027
Synthetic Recall,0.9697569444444444,0.013214613879696639
