Metric,Mean,Standard Deviation
Overall F1,0.9886400749432008,0.005367086824565387
Overall Precision,0.9887625276836677,0.005282048018817571
Overall Recall,0.9886410256410257,0.005366084717767801
Authentic F1,0.9885604666666665,0.005437963768610264
Authentic Precision,1.0,0.0
Authentic Recall,0.982957264957265,0.009544067530295975
Synthetic F1,0.9887205386607013,0.005297422739555032
Synthetic Precision,0.9832368620619938,0.00924382804173492
Synthetic Recall,0.9943247863247863,0.00522662327784085
