Metric,Mean,Standard Deviation
Overall F1,0.8923852325739763,0.016249798327695988
Overall Precision,0.8948660019256641,0.015741758920070143
Overall Recall,0.892550505050505,0.016188914139914322
Authentic F1,0.8885163999999999,0.017425402247143312
Authentic Precision,1.0,0.0
Authentic Recall,0.8574242424242422,0.026128614707806683
Synthetic F1,0.8962543572956639,0.015236578755210124
Synthetic Precision,0.8672457365726143,0.02147086692186953
Synthetic Recall,0.9276767676767677,0.018201080388266573
