Metric,Mean,Standard Deviation
Overall F1,0.8004715428977757,0.018882600547985448
Overall Precision,0.8027019886073142,0.018511357808567927
Overall Recall,0.8007769423558898,0.018770375152838477
Authentic F1,0.7941704000000002,0.021025029908817418
Authentic Precision,1.0,0.0
Authentic Recall,0.7677,0.03145800471431812
Synthetic F1,0.8068041838637522,0.01763417340856482
Synthetic Precision,0.781902350461474,0.023006295682618572
Synthetic Recall,0.8340201005025125,0.024726075439228147
