Metric,Mean,Standard Deviation
Overall F1,0.905702825369711,0.006687934531381382
Overall Precision,0.9057912185803494,0.006679197929024248
Overall Recall,0.905707629586488,0.0066870631378695665
Authentic F1,0.9056023000000001,0.006778468402183272
Authentic Precision,1.0,0.0
Authentic Recall,0.9041618160651922,0.010086133413061398
Synthetic F1,0.9058029784051683,0.006662851436594619
Synthetic Precision,0.9044430277638242,0.009098642517664646
Synthetic Recall,0.9072552447552447,0.00927294286427686
