,Key,Count,Mean Score
0,sentiment,200,0.07154006152537605
1,lex_density,200,0.0554035484104643
2,TTR,200,0.04671488373816289
3,NNS,200,0.043458513928820504
4,and,200,0.043880161217301844
5,see,200,0.03947857699874968
6,DT,198,0.023779120838872778
7,has,198,0.02400099013421569
8,the,183,0.021977831446603095
9,NN,177,0.02146455916574598
10,VBP,38,0.020970227596912888
11,PRP$,3,0.020256852896463912
12,such,2,0.02050525097148972
13,a,1,0.02048673566567962
