Metric,Mean,Standard Deviation
Overall F1,0.9932748016990393,0.004376714490805323
Overall Precision,0.9933110941508023,0.004343583834559224
Overall Recall,0.9932750000000001,0.004376460795084211
Authentic F1,0.9932562,0.004401863650314445
Authentic Precision,1.0,0.0
Authentic Recall,0.99165,0.007108644616439084
Synthetic F1,0.9932933657215117,0.0043514871363239125
Synthetic Precision,0.991722751717032,0.006985875180901951
Synthetic Recall,0.9949000000000001,0.0044369886958238606
