Metric,Mean,Standard Deviation
Overall F1,0.4036220874123139,0.020667191284723687
Overall Precision,0.5161818272454629,0.045545387291550485
Overall Recall,0.5049750000000001,0.013919388229619464
Authentic F1,0.6491965999999999,0.0108720122769198
Authentic Precision,0.64,0.48241815132442184
Authentic Recall,0.9163499999999999,0.023866791518210754
Synthetic F1,0.15804768727342278,0.037339157890592854
Synthetic Precision,0.5296271649475011,0.08367256790431016
Synthetic Recall,0.09359999999999999,0.024588327689899096
