Metric,Mean,Standard Deviation
Overall F1,0.9511761091511164,0.010637014896809025
Overall Precision,0.9542750385771086,0.009535512323037048
Overall Recall,0.951264367816092,0.01058709818395219
Authentic F1,0.9531919000000001,0.009832489197974383
Authentic Precision,1.0,0.0
Authentic Recall,0.9908045977011491,0.007026903866886787
Synthetic F1,0.949161211175531,0.011453409880651001
Synthetic Precision,0.9900613627674939,0.0075364774694545045
Synthetic Recall,0.9117241379310345,0.019698378595671667
