Metric,Mean,Standard Deviation
Overall F1,0.33788508344729495,0.0056495543280177035
Overall Precision,0.45878141713416215,0.19566722271805098
Overall Recall,0.5001249999999999,0.0034702014321646947
Authentic F1,0.6656291999999999,0.0024750646068498515
Authentic Precision,0.39,0.4902071300001973
Authentic Recall,0.9951000000000001,0.005123721816465575
Synthetic F1,0.010142415023602858,0.010105826184980926
Synthetic Precision,0.4175,0.38999392064098226
Synthetic Recall,0.005149999999999999,0.005147079195274174
