Metric,Mean,Standard Deviation
Overall F1,0.34733880117778193,0.011257432855459836
Overall Precision,0.5758684672553253,0.1534387910745773
Overall Recall,0.5037749999999999,0.006301504950919627
Authentic F1,0.6668500999999999,0.0038102428393672577
Authentic Precision,0.72,0.4512608598542129
Authentic Recall,0.9932500000000001,0.006169941800226472
Synthetic F1,0.02782912116250159,0.01969036139209403
Synthetic Precision,0.649820707070707,0.3044292829104206
Synthetic Recall,0.014300000000000002,0.010274514906585933
