Metric,Mean,Standard Deviation
Overall F1,0.7284977588063903,0.020945893832937913
Overall Precision,0.7295454350793517,0.02075793987512412
Overall Recall,0.7287437185929647,0.020866086259030556
Authentic F1,0.7331547000000002,0.020052455526352972
Authentic Precision,1.0,0.0
Authentic Recall,0.7454271356783917,0.028392465136978517
Synthetic F1,0.7238407702635357,0.02387216714355724
Synthetic Precision,0.7370030961888968,0.0222008411261726
Synthetic Recall,0.7120603015075376,0.035993032015286655
