Metric,Mean,Standard Deviation
Overall F1,0.8863918450313707,0.0153244713456441
Overall Precision,0.8879452967746791,0.015074220288531311
Overall Recall,0.886501736111111,0.01527926311912592
Authentic F1,0.8835827666666667,0.016347288034998946
Authentic Precision,1.0,0.0
Authentic Recall,0.86234375,0.026672491247645442
Synthetic F1,0.8892010537104197,0.0145965932548131
Synthetic Precision,0.8692729910362635,0.021680489843841515
Synthetic Recall,0.9106597222222222,0.021457489980649277
