Metric,Mean,Standard Deviation
Overall F1,0.8689489198079045,0.011035399470903835
Overall Precision,0.8699445635438843,0.010953043023302514
Overall Recall,0.8690308988764046,0.01101816034402972
Authentic F1,0.8719007000000001,0.010594305527313276
Authentic Precision,1.0,0.0
Authentic Recall,0.8913764044943823,0.014002631759214488
Synthetic F1,0.8659970719266764,0.011653497150038659
Synthetic Precision,0.8864472283075626,0.013194434009098475
Synthetic Recall,0.8466853932584267,0.01697258953481613
