,Key,Count,Mean Score
0,TTR,100,0.122692116953852
1,mean_sen_len,100,0.06577729665359822
2,has,100,0.037161600522748875
3,and,100,0.033150821880375714
4,sentiment,100,0.03485962657722907
5,lex_density,100,0.025621342257019904
6,VBZ,100,0.024998761655305318
7,a,100,0.02486480868707958
8,DT,98,0.0227439982826559
9,the,74,0.020252933039320332
10,VBN,9,0.019597535534465194
12,NN,6,0.01896985703101184
14,PRP,5,0.018655362294705602
11,JJ,4,0.018420018011766046
13,RB,4,0.018354742362635863
