Metric,Mean,Standard Deviation
Overall F1,0.3572933861102996,0.014437135246467205
Overall Precision,0.5652720804786002,0.10861391448843136
Overall Recall,0.5051249999999999,0.008321013620753643
Authentic F1,0.6654812999999998,0.00543253808179022
Authentic Precision,0.71,0.4560480215720687
Authentic Recall,0.9844999999999999,0.010408329997330672
Synthetic F1,0.049105810131833356,0.025660680016089593
Synthetic Precision,0.6279165043538445,0.21364555125812495
Synthetic Recall,0.02575,0.013878531491610932
