Metric,Mean,Standard Deviation
Overall F1,0.8457502609581423,0.017834508772062566
Overall Precision,0.8517428832427015,0.017336993495685512
Overall Recall,0.846379746835443,0.017664747253295483
Authentic F1,0.8553756,0.0161723618642287
Authentic Precision,1.0,0.0
Authentic Recall,0.906043771043771,0.02152637827476475
Synthetic F1,0.8360760914265353,0.01992163681434687
Synthetic Precision,0.8932293942683069,0.02209806283302691
Synthetic Recall,0.7864128595600677,0.028445483674864044
