Metric,Mean,Standard Deviation
Overall F1,0.9445399873902303,0.010086874916697268
Overall Precision,0.948600492398075,0.00873307770001529
Overall Recall,0.9446778711484591,0.010015110246825807
Authentic F1,0.9473022,0.009123353830163994
Authentic Precision,1.0,0.0
Authentic Recall,0.9902420856610801,0.00759581608885269
Synthetic F1,0.9417624976404663,0.0110765521761503
Synthetic Precision,0.989303683872237,0.008180000150270294
Synthetic Recall,0.8988576779026217,0.020292342933690734
