Metric,Mean,Standard Deviation
Overall F1,0.8001797171457128,0.02035870164905981
Overall Precision,0.8105307308191297,0.01912352972449618
Overall Recall,0.8016494845360824,0.01987598576113128
Authentic F1,0.7837397,0.02451984380686654
Authentic Precision,1.0,0.0
Authentic Recall,0.7204123711340208,0.03689610912265099
Synthetic F1,0.8166193455838731,0.01718381204951118
Synthetic Precision,0.760214349316079,0.023559792174635448
Synthetic Recall,0.8828865979381443,0.02470535967704289
