Metric,Mean,Standard Deviation
Overall F1,0.4040477990230583,0.019511571815042365
Overall Precision,0.4828727637476817,0.0437506991153133
Overall Recall,0.491,0.018501296705852262
Authentic F1,0.630879,0.019412472950672877
Authentic Precision,0.32,0.4688261722621506
Authentic Recall,0.8713,0.04466836269959564
Synthetic F1,0.177216776595114,0.03752946691311042
Synthetic Precision,0.47106078539604157,0.07724902976544801
Synthetic Recall,0.1107,0.02791599953974477
