Metric,Mean,Standard Deviation
Overall F1,0.3925600917644387,0.02786907612717472
Overall Precision,0.6286430520829631,0.06742794250200797
Overall Recall,0.520575,0.012811054057360237
Authentic F1,0.6711497,0.006376820786523196
Authentic Precision,0.97,0.1714466079977653
Authentic Recall,0.9783499999999999,0.01439091674802148
Synthetic F1,0.11397079255892203,0.05195444866150258
Synthetic Precision,0.7464362224176,0.13100083699754023
Synthetic Recall,0.06280000000000001,0.03104509590576231
