Metric,Mean,Standard Deviation
Overall F1,0.40220592169167346,0.03045600771731275
Overall Precision,0.4851513776663976,0.05107157800479519
Overall Recall,0.4962,0.018810860821570203
Authentic F1,0.6388294000000001,0.011958747596667808
Authentic Precision,0.41,0.4943110704237103
Authentic Recall,0.8911,0.02258071940591995
Synthetic F1,0.16558309509930652,0.05393981674036139
Synthetic Precision,0.4722947279059032,0.09180494801633347
Synthetic Recall,0.10129999999999999,0.03672598507593744
