Metric,Mean,Standard Deviation
Overall F1,0.8798072106629424,0.016239971566914948
Overall Precision,0.8923817434706676,0.013574912128752486
Overall Recall,0.8807101086048456,0.01588292211184309
Authentic F1,0.8697651333333333,0.01903879925939889
Authentic Precision,1.0,0.0
Authentic Recall,0.7965333333333333,0.030102648616602997
Synthetic F1,0.889899883120132,0.013573577675512974
Synthetic Precision,0.8257395080546508,0.021335271373417213
Synthetic Recall,0.9653098827470686,0.013023102248768108
