Metric,Mean,Standard Deviation
Overall F1,0.4401086833027707,0.04256682366325584
Overall Precision,0.5611046973097764,0.05788732445552883
Overall Recall,0.5260750000000001,0.027041062583718224
Authentic F1,0.6587486000000001,0.016723232555672693
Authentic Precision,0.85,0.3588702812826367
Authentic Recall,0.9146000000000001,0.028995645789453888
Synthetic F1,0.2214688637517352,0.07384810556884507
Synthetic Precision,0.6071903581789685,0.10106238868183129
Synthetic Recall,0.13754999999999998,0.05327883105309123
