Metric,Mean,Standard Deviation
Overall F1,0.9064052454003113,0.01508564992279765
Overall Precision,0.9069275032816078,0.015002908501288168
Overall Recall,0.9064347079037801,0.015075012817083866
Authentic F1,0.9072974333333333,0.014815546851441104
Authentic Precision,1.0,0.0
Authentic Recall,0.9156701030927837,0.019821149051045074
Synthetic F1,0.9055134682653272,0.015489038746651295
Synthetic Precision,0.9143997131573639,0.018527843122492987
Synthetic Recall,0.8971993127147766,0.022395336337964814
