Metric,Mean,Standard Deviation
Overall F1,0.5320729619225689,0.04022389546878295
Overall Precision,0.5486596529147619,0.040100583275275666
Overall Recall,0.544025,0.036514655629727305
Authentic F1,0.4653146999999999,0.06727971939093706
Authentic Precision,0.9,0.30151134457776363
Authentic Recall,0.4039000000000001,0.08756406024428429
Synthetic F1,0.5988312159529059,0.03724510996852762
Synthetic Precision,0.5355594370832037,0.03053652235173179
Synthetic Recall,0.68415,0.07446460416014627
