Metric,Mean,Standard Deviation
Overall F1,0.9436898883151973,0.012955227537822307
Overall Precision,0.943980628839114,0.012819869958381093
Overall Recall,0.9436999999999998,0.012946470990625628
Authentic F1,0.944045,0.012755252869213357
Authentic Precision,1.0,0.0
Authentic Recall,0.9494,0.015080256676003262
Synthetic F1,0.9433345576217377,0.013194649989799035
Synthetic Precision,0.9489801476911238,0.01452672736953577
Synthetic Recall,0.9380000000000002,0.019122148562767855
