Metric,Mean,Standard Deviation
Overall F1,0.6887475304506522,0.0374598672266536
Overall Precision,0.7281737239863826,0.025563658853386087
Overall Recall,0.69935,0.03168384701415158
Authentic F1,0.7444801,0.020471124403249896
Authentic Precision,1.0,0.0
Authentic Recall,0.8741,0.027655711595227218
Synthetic F1,0.633014911114938,0.056792069628056455
Synthetic Precision,0.8069149771134455,0.030791427898286646
Synthetic Recall,0.5246,0.07094129028053174
