Metric,Mean,Standard Deviation
Overall F1,0.9741494671730243,0.008480010869524574
Overall Precision,0.9745570829320179,0.0082097297585006
Overall Recall,0.97415625,0.008472500357663374
Authentic F1,0.9738222999999999,0.008757018294147866
Authentic Precision,1.0,0.0
Authentic Recall,0.9631875000000001,0.015938026085593242
Synthetic F1,0.974476670464437,0.008210155071152902
Synthetic Precision,0.9642259578322768,0.014883995517282728
Synthetic Recall,0.9851249999999999,0.008829008375173803
