Metric,Mean,Standard Deviation
Overall F1,0.9410940514443457,0.011621201013159927
Overall Precision,0.9467115587332984,0.009534892188807284
Overall Recall,0.9412882882882883,0.011509167399232939
Authentic F1,0.9444016333333335,0.010339102724578518
Authentic Precision,1.0,0.0
Authentic Recall,0.9952612612612612,0.00510257824704428
Synthetic F1,0.9377871736265175,0.012916281022005658
Synthetic Precision,0.9947344181589892,0.005622946334009208
Synthetic Recall,0.8873153153153154,0.023071149791991017
