Metric,Mean,Standard Deviation
Overall F1,0.970375172744594,0.0082406296365754
Overall Precision,0.9707882242763632,0.008047978819201737
Overall Recall,0.9703825136612022,0.008235193082436839
Authentic F1,0.9700148999999999,0.008458602179207087
Authentic Precision,1.0,0.0
Authentic Recall,0.9592349726775956,0.014938446607335053
Synthetic F1,0.9707365037702351,0.008033203610084222
Synthetic Precision,0.9603454793663021,0.013897191718945016
Synthetic Recall,0.9815300546448087,0.009936677403054501
