Metric,Mean,Standard Deviation
Overall F1,0.7686175203531986,0.02154667118590468
Overall Precision,0.7696695082702647,0.021553431104595306
Overall Recall,0.7688047138047138,0.02151099621893916
Authentic F1,0.7713121333333334,0.02247048618254224
Authentic Precision,1.0,0.0
Authentic Recall,0.7806060606060606,0.034726519262013394
Synthetic F1,0.7659227452312956,0.022305793306944238
Synthetic Precision,0.7761414058169814,0.0272441005725427
Synthetic Recall,0.757003367003367,0.032401137634561254
