Metric,Mean,Standard Deviation
Overall F1,0.41272556958837436,0.02304038989473307
Overall Precision,0.7333600807306359,0.026455684603737283
Overall Recall,0.536675,0.01134878069363945
Authentic F1,0.6824165,0.005164442409790274
Authentic Precision,1.0,0.0
Authentic Recall,0.9954000000000001,0.004532709404479243
Synthetic F1,0.14303447306164505,0.041199573635612094
Synthetic Precision,0.9475135865666118,0.05190841615350197
Synthetic Recall,0.07794999999999999,0.024174189006901846
