Metric,Mean,Standard Deviation
Overall F1,0.647006759051724,0.028105995619409813
Overall Precision,0.6619091123447643,0.02856366032326291
Overall Recall,0.652225,0.026768024702331826
Authentic F1,0.6099603,0.04193200015838534
Authentic Precision,1.0,0.0
Authentic Recall,0.5483999999999999,0.06871798611834906
Synthetic F1,0.6840532874852582,0.029455720486217543
Synthetic Precision,0.6275517945882899,0.027138995420452058
Synthetic Recall,0.7560499999999999,0.06478517335678502
