Metric,Mean,Standard Deviation
Overall F1,0.9145137159854742,0.013145996876688241
Overall Precision,0.9150617145339219,0.013043291963887135
Overall Recall,0.9145416666666667,0.013134336674857906
Authentic F1,0.9136118666666668,0.013527675256365914
Authentic Precision,1.0,0.0
Authentic Recall,0.9042666666666666,0.020725847584176085
Synthetic F1,0.9154158932169438,0.012887995700892834
Synthetic Precision,0.9065643961553908,0.018213905794044798
Synthetic Recall,0.9248166666666668,0.01832126135434646
