Metric,Mean,Standard Deviation
Overall F1,0.31737478537392927,0.012534758456064339
Overall Precision,0.2856726582535059,0.03585469365306402
Overall Recall,0.4452249999999999,0.02097706479645681
Authentic F1,0.6124400999999999,0.020286427143598386
Authentic Precision,0.0,0.0
Authentic Recall,0.87775,0.0416355944748328
Synthetic F1,0.02230986289666395,0.012811574434709384
Synthetic Precision,0.10097159394653663,0.06379266665673931
Synthetic Recall,0.012699999999999998,0.007433883659476133
