Metric,Mean,Standard Deviation
Overall F1,0.9317875342285666,0.012134724838758652
Overall Precision,0.933520178194046,0.011517348487170898
Overall Recall,0.9318583333333333,0.012093936838338499
Authentic F1,0.9297770333333335,0.012940053276353685
Authentic Precision,1.0,0.0
Authentic Recall,0.9034666666666665,0.02131109487500492
Synthetic F1,0.9337980840879774,0.01138494518181026
Synthetic Precision,0.909016076605742,0.01816490403390707
Synthetic Recall,0.9602499999999998,0.012684260649617097
