Metric,Mean,Standard Deviation
Overall F1,0.3393733092512388,0.005704492999455654
Overall Precision,0.5235156059260946,0.1891787644950224
Overall Recall,0.500725,0.0035938886117317663
Authentic F1,0.6658512999999999,0.00256103816346955
Authentic Precision,0.47,0.5016135580465918
Authentic Recall,0.9948999999999999,0.0052213624910195915
Synthetic F1,0.012896379016488354,0.01009928263264232
Synthetic Precision,0.5466666666666666,0.3769152363574982
Synthetic Recall,0.00655,0.00515884060265835
