Metric,Mean,Standard Deviation
Overall F1,0.37847576152061074,0.020825472656979285
Overall Precision,0.6085132512873368,0.07754483001164006
Overall Recall,0.51355,0.009732404480378785
Authentic F1,0.6680497999999999,0.005856722629559634
Authentic Precision,0.92,0.2726599243442907
Authentic Recall,0.9790000000000001,0.014266581704646484
Synthetic F1,0.08890222100187235,0.0393504858698538
Synthetic Precision,0.7099661671517236,0.15199312609281082
Synthetic Recall,0.048100000000000004,0.022582955940042462
