Metric,Mean,Standard Deviation
Overall F1,0.8642446708541242,0.012500524856651306
Overall Precision,0.8676136496156341,0.012321946568625165
Overall Recall,0.8645416078984484,0.012438757981177618
Authentic F1,0.8703977,0.011736213477002613
Authentic Precision,1.0,0.0
Authentic Recall,0.9084225352112675,0.016960559460297932
Synthetic F1,0.8580744011173124,0.01354909307943897
Synthetic Precision,0.8996349354199189,0.016587282399270268
Synthetic Recall,0.820536723163842,0.020049101103646116
