Metric,Mean,Standard Deviation
Overall F1,0.7614651057423767,0.021361222191708076
Overall Precision,0.768031797230057,0.020375845645200202
Overall Recall,0.7626448362720402,0.020958237527057395
Authentic F1,0.7461048000000002,0.02543263549938237
Authentic Precision,1.0,0.0
Authentic Recall,0.6970854271356783,0.03695515250878636
Synthetic F1,0.7769025115843821,0.018793256451405737
Synthetic Precision,0.7319692328108272,0.023657511350885986
Synthetic Recall,0.8285353535353532,0.026910906177118974
