Metric,Mean,Standard Deviation
Overall F1,0.970738770575796,0.005341157700334699
Overall Precision,0.9710813740078941,0.005222467978261927
Overall Recall,0.9707443820224717,0.00533810523013489
Authentic F1,0.9710987000000002,0.005212373711378599
Authentic Precision,1.0,0.0
Authentic Recall,0.9826123595505618,0.006520108748521943
Synthetic F1,0.9703790836558102,0.0054758878010396275
Synthetic Precision,0.9822419085723427,0.006517814353959106
Synthetic Recall,0.9588764044943823,0.009619577455265435
