Metric,Mean,Standard Deviation
Overall F1,0.9220874828542029,0.013958243823860832
Overall Precision,0.9283199948515636,0.01209990893041821
Overall Recall,0.9223902894491129,0.013800990481397876
Authentic F1,0.9269045,0.012307559390220824
Authentic Precision,1.0,0.0
Authentic Recall,0.9797951582867783,0.01099860180729125
Synthetic F1,0.9172435455618128,0.015672891673769472
Synthetic Precision,0.9771996465407873,0.012149266557249459
Synthetic Recall,0.8646629213483146,0.026255479127982755
