Metric,Mean,Standard Deviation
Overall F1,0.4763832118587084,0.03339497132173857
Overall Precision,0.48275122913478724,0.03291472028914094
Overall Recall,0.48422500000000007,0.03065920322552826
Authentic F1,0.5342099,0.030999422167798125
Authentic Precision,0.29,0.4560480215720686
Authentic Recall,0.59325,0.054115360316847404
Synthetic F1,0.4185571289939528,0.05510632563306684
Synthetic Precision,0.4780164033003685,0.041080999434826855
Synthetic Recall,0.37520000000000003,0.06711560958901476
