,Key,Count,Mean Score
0,PRP,100,0.07563929188285594
1,of,100,0.06701093961419492
2,VB,100,0.05289320083552909
3,sentiment,100,0.05993387957549859
4,NN,100,0.0527144467538711
9,IN,98,0.03983414738048118
7,DT,98,0.03872370844693906
10,have,53,0.035976916778767194
6,to,52,0.03586414789591081
8,NNS,45,0.032694865210751406
5,the,38,0.0326208310783217
12,which,31,0.03216308966042103
11,RB,30,0.031656645078883
14,i,28,0.03174872042003194
13,mean_sen_len,27,0.03233726779655428
