Metric,Mean,Standard Deviation
Overall F1,0.9711158486741546,0.009194281020283825
Overall Precision,0.9714005112462205,0.009094937137045218
Overall Recall,0.9711206896551725,0.009190820508928716
Authentic F1,0.9708685999999999,0.009336813963547679
Authentic Precision,1.0,0.0
Authentic Recall,0.96316091954023,0.014384525289159608
Synthetic F1,0.9713634108370185,0.009061474497864479
Synthetic Precision,0.9639261614327246,0.01358558312752346
Synthetic Recall,0.9790804597701149,0.011653374387364104
