Metric,Mean,Standard Deviation
Overall F1,0.3553012620671374,0.015168749664291865
Overall Precision,0.6845586408783952,0.13511553026951734
Overall Recall,0.5094,0.006882124407741873
Authentic F1,0.6704536999999998,0.003124091675668271
Authentic Precision,0.9,0.30151134457776363
Authentic Recall,0.9980500000000001,0.003753449591826679
Synthetic F1,0.040150179489181204,0.02757665171753794
Synthetic Precision,0.8643370950944481,0.26863155837195957
Synthetic Recall,0.020749999999999998,0.014708875215359267
