,Key,Count,Mean Score
0,PRP,100,0.07577239028653585
1,sentiment,100,0.05882638786783442
2,of,100,0.06687053237530184
3,NN,100,0.054160456199502126
4,VB,100,0.05318567341904383
6,DT,95,0.03793247530186906
7,IN,94,0.03936032386763296
9,have,65,0.03489604266148438
10,to,61,0.036095127636563785
12,NNS,46,0.03444781973638659
14,the,40,0.03248212767196432
8,RB,33,0.03329159003870098
13,i,29,0.03154161584689855
5,mean_sen_len,22,0.03294974915033963
11,which,15,0.031218261134630197
