Metric,Mean,Standard Deviation
Overall F1,0.8715998418128534,0.021980281943793263
Overall Precision,0.8793327327557935,0.01998164186570496
Overall Recall,0.8722003284072251,0.021651268145324074
Authentic F1,0.8638139666666667,0.02511600570168178
Authentic Precision,1.0,0.0
Authentic Recall,0.8093790849673203,0.04018746705494918
Synthetic F1,0.8794629099291118,0.019236945958560635
Synthetic Precision,0.8304299532382847,0.0292603618759633
Synthetic Recall,0.9356435643564358,0.024326612381498906
