Metric,Mean,Standard Deviation
Overall F1,0.8845726851637353,0.015162702490282658
Overall Precision,0.885446853880389,0.014955011117445866
Overall Recall,0.8846310432569974,0.015137068620787722
Authentic F1,0.8829328333333334,0.015984002338005336
Authentic Precision,1.0,0.0
Authentic Recall,0.8687140439932318,0.024769644591231856
Synthetic F1,0.8862210783583719,0.014562439468076914
Synthetic Precision,0.8726959280378745,0.020989460615470277
Synthetic Recall,0.9006292517006801,0.019296105585676765
