Metric,Mean,Standard Deviation
Overall F1,0.969228292770679,0.008643454340313684
Overall Precision,0.9699764572872425,0.00823001424559968
Overall Recall,0.9692424242424243,0.008631948648682988
Authentic F1,0.9686518000000001,0.009001380295950356
Authentic Precision,1.0,0.0
Authentic Recall,0.9522727272727272,0.017038485766864925
Synthetic F1,0.9698043936712153,0.008295393644292565
Synthetic Precision,0.9541195899023788,0.015602515812935468
Synthetic Recall,0.9862121212121211,0.00854977201831045
