Metric,Mean,Standard Deviation
Overall F1,0.9576969067051273,0.009963183352802668
Overall Precision,0.959785350659112,0.009172967980797144
Overall Recall,0.9577523324851569,0.009930215488081151
Authentic F1,0.9592212333333333,0.009325332069489163
Authentic Precision,1.0,0.0
Authentic Recall,0.9896954314720813,0.007557297080738857
Synthetic F1,0.9561649013287444,0.010614068105115552
Synthetic Precision,0.9889950729952621,0.007984331463715456
Synthetic Recall,0.9256462585034014,0.018415504506716713
