Metric,Mean,Standard Deviation
Overall F1,0.9492793601628361,0.010649363311259676
Overall Precision,0.9516695013822715,0.009919482902729117
Overall Recall,0.9493450881612091,0.010613909753940711
Authentic F1,0.9476213999999998,0.011286347077041112
Authentic Precision,1.0,0.0
Authentic Recall,0.9155276381909547,0.01924072309921849
Synthetic F1,0.9509447060552781,0.010040865311216951
Synthetic Precision,0.9208269553088568,0.016532768506457365
Synthetic Recall,0.9833333333333333,0.01096921762301151
