Metric,Mean,Standard Deviation
Overall F1,0.39374856993237606,0.023647969036869814
Overall Precision,0.4909105317518576,0.04867157466715515
Overall Recall,0.49737499999999996,0.01574486849225435
Authentic F1,0.6440627999999999,0.01197282251390602
Authentic Precision,0.44,0.4988876515698589
Authentic Recall,0.9097500000000003,0.025439321746247297
Synthetic F1,0.1434346954284125,0.04249823981221303
Synthetic Precision,0.4832406575232487,0.08895344588304122
Synthetic Recall,0.085,0.02776161145731765
