Metric,Mean,Standard Deviation
Overall F1,0.9517619954892825,0.010399534846866175
Overall Precision,0.9543637689268102,0.009378973904498879
Overall Recall,0.9518405428329091,0.010351509129267326
Authentic F1,0.9536947333333332,0.009600872117344386
Authentic Precision,1.0,0.0
Authentic Recall,0.987766497461929,0.007590521630748187
Synthetic F1,0.9498197607355454,0.011215944187235462
Synthetic Precision,0.9868200506186317,0.008050190656739798
Synthetic Recall,0.9157312925170068,0.01975112184165782
