Metric,Mean,Standard Deviation
Overall F1,0.5291978480978746,0.02515481137759277
Overall Precision,0.5306759300048645,0.025127018474619244
Overall Recall,0.5303999999999999,0.024872706228947338
Authentic F1,0.5378683,0.027664994694093878
Authentic Precision,0.89,0.31446603773522014
Authentic Recall,0.5480499999999999,0.0466552745835307
Synthetic F1,0.5205277592798032,0.03882634730750938
Synthetic Precision,0.5310908596849905,0.025721498886809347
Synthetic Recall,0.51275,0.059460431627200015
