,Key,Count,Mean Score
0,PRP,100,0.07677162274242041
1,of,100,0.06677447820114192
2,sentiment,100,0.05967846078334432
3,NN,100,0.05381552928217423
4,VB,100,0.05336346132669643
6,IN,98,0.039490829357477775
5,DT,93,0.03816157364740825
8,have,62,0.035555420701075445
13,to,53,0.035440489876007904
11,the,44,0.033697351246929415
10,NNS,41,0.03270847711865071
7,i,35,0.03131421182546784
9,RB,31,0.0331680446660896
14,mean_sen_len,24,0.03282627116121147
12,which,19,0.032580223475775986
