Metric,Mean,Standard Deviation
Overall F1,0.336675398522754,0.005336258917318159
Overall Precision,0.41359599998547175,0.15018429902703137
Overall Recall,0.49607500000000004,0.00510316548622499
Authentic F1,0.6618233999999998,0.0042896530951543966
Authentic Precision,0.19,0.3942772444036626
Authentic Recall,0.9862499999999998,0.009411335310317685
Synthetic F1,0.011527653258775554,0.009008493262544947
Synthetic Precision,0.32918253968253963,0.29843036985992777
Synthetic Recall,0.005900000000000001,0.004626450086625858
