Metric,Mean,Standard Deviation
Overall F1,0.8528093629259126,0.018009469603099983
Overall Precision,0.8670983201834183,0.016024422189589178
Overall Recall,0.854150110375276,0.017539674652542168
Authentic F1,0.8664678666666666,0.014995298865838197
Authentic Precision,1.0,0.0
Authentic Recall,0.9455629139072848,0.020594324658976478
Synthetic F1,0.8391513028870884,0.021511763944901157
Synthetic Precision,0.9341006694606836,0.022831841386223035
Synthetic Recall,0.7627373068432671,0.03429201769844489
