Metric,Mean,Standard Deviation
Overall F1,0.9194755001529892,0.014675810146477284
Overall Precision,0.9208851863177897,0.014179415448147555
Overall Recall,0.9195396419437342,0.01463755048532132
Authentic F1,0.9176340000000001,0.015563988219377746
Authentic Precision,1.0,0.0
Authentic Recall,0.8954081632653061,0.024436269065045348
Synthetic F1,0.9213271670493451,0.01386529803878709
Synthetic Precision,0.9002375610179817,0.021085468072961935
Synthetic Recall,0.9437948717948719,0.01575012582334119
