Metric,Mean,Standard Deviation
Overall F1,0.8584110422421802,0.012156354890648815
Overall Precision,0.8612046948409292,0.012099589552272543
Overall Recall,0.8586535764375877,0.012110307832154313
Authentic F1,0.8638687999999999,0.011553042738830857
Authentic Precision,1.0,0.0
Authentic Recall,0.8982584269662922,0.016908605002514874
Synthetic F1,0.8529685644737373,0.013050741893098596
Synthetic Precision,0.8900725803261694,0.01632639037062287
Synthetic Recall,0.8191596638655462,0.01901196834793847
