,Key,Count,Mean Score
0,TTR,100,0.06331193434335869
1,mean_sen_len,100,0.036930327242103926
2,don,100,0.02963578870767939
3,sentiment,100,0.02721926354028664
4,so,100,0.025146587519418385
8,VBP,94,0.01809453123273836
7,i,85,0.017523849216107154
6,VBD,83,0.018053955044311502
5,just,80,0.019082668410460288
12,the,64,0.0167900962377608
10,VBG,35,0.016855400822061897
11,any,27,0.016754867560772945
13,me,14,0.016156684826519215
15,NNS,4,0.015601754530764927
14,because,4,0.015709022307346346
16,have,3,0.016292352050481827
18,am,2,0.015499838473956806
19,NN,2,0.015476369945692011
9,and,1,0.013547231131685515
17,is,1,0.014813620182865892
20,a,1,0.01697447106356091
