Metric,Mean,Standard Deviation
Overall F1,0.35255680071029954,0.025768579589209237
Overall Precision,0.4014384137233482,0.09123676149400568
Overall Recall,0.4859749999999999,0.015390108163782645
Authentic F1,0.6454494,0.01705828965931257
Authentic Precision,0.09,0.2876234912646614
Authentic Recall,0.9372500000000001,0.046370134719875396
Synthetic F1,0.059664437462763203,0.057187292677087435
Synthetic Precision,0.31038440487195124,0.17805142631153414
Synthetic Recall,0.0347,0.03613121429546268
