Metric,Mean,Standard Deviation
Overall F1,0.9431261568842956,0.011543021562896461
Overall Precision,0.9437897461895907,0.011366107766665485
Overall Recall,0.9431481481481483,0.01153144803405303
Authentic F1,0.9422384999999999,0.01190715084147405
Authentic Precision,1.0,0.0
Authentic Recall,0.928042328042328,0.018126905161240537
Synthetic F1,0.9440144874484734,0.011221178869217606
Synthetic Precision,0.9304279496643559,0.01634088308762645
Synthetic Recall,0.9582539682539681,0.014541540764702123
