Metric,Mean,Standard Deviation
Overall F1,0.9968249576545556,0.002839509877173223
Overall Precision,0.9968404573764442,0.002827280430051013
Overall Recall,0.9968250000000001,0.002839454172900132
Authentic F1,0.9968314,0.0028303517360029596
Authentic Precision,1.0,0.0
Authentic Recall,0.9979,0.0029456353604558204
Synthetic F1,0.9968185199455577,0.002848998969587507
Synthetic Precision,0.997902693853725,0.002941336645209194
Synthetic Recall,0.9957499999999999,0.004571265103498668
