Metric,Mean,Standard Deviation
Overall F1,0.7564703092244704,0.018122328326026317
Overall Precision,0.7572045894951144,0.017952480234294126
Overall Recall,0.7566153846153846,0.018067391742566566
Authentic F1,0.7542569000000001,0.0208592848156451
Authentic Precision,1.0,0.0
Authentic Recall,0.748102564102564,0.03349158537479318
Synthetic F1,0.7586842873084377,0.01688864194964352
Synthetic Precision,0.753087217856177,0.024135109710425654
Synthetic Recall,0.7651282051282051,0.02369737727620544
