Metric,Mean,Standard Deviation
Overall F1,0.7683545987980105,0.02411408788956892
Overall Precision,0.7806806795421349,0.02420782909649833
Overall Recall,0.7704797979797979,0.023652644619388236
Authentic F1,0.7896394333333334,0.021527958612440525
Authentic Precision,1.0,0.0
Authentic Recall,0.8617929292929292,0.03287701385299667
Synthetic F1,0.7470699649275596,0.028320431925253464
Synthetic Precision,0.8320439571991042,0.03335787766947117
Synthetic Recall,0.6791666666666666,0.03846024279859704
