Metric,Mean,Standard Deviation
Overall F1,0.9422570350419532,0.009567233294964646
Overall Precision,0.944497845836733,0.00894695774333563
Overall Recall,0.9423314606741573,0.009531641215391547
Authentic F1,0.9442501999999999,0.00892327927899318
Authentic Precision,1.0,0.0
Authentic Recall,0.9759269662921348,0.00902747276229926
Synthetic F1,0.9402639465989107,0.010236116289336444
Synthetic Precision,0.9742817998282021,0.009439158833841707
Synthetic Recall,0.90873595505618,0.017160859609041592
