,Key,Count,Mean Score
0,TTR,100,0.09340269949936288
1,and,100,0.04307397538774931
4,just,100,0.030082427597797858
2,don,99,0.022671192982887334
7,you,88,0.021731525740489328
10,who,84,0.022196057893380132
9,an,73,0.02072691207084669
3,me,64,0.019870559296871357
5,lex_density,62,0.019292384258832906
6,my,54,0.019238981809278057
13,i,53,0.01914410322245746
8,IN,43,0.01867475621401069
11,here,22,0.019197889981609165
12,VBP,15,0.018266459507029216
15,by,13,0.018050702883308293
16,a,11,0.018218446994238444
18,your,11,0.019204372564505648
17,about,3,0.017631615150563485
19,there,2,0.020979097848288553
14,are,1,0.018184178075536846
20,some,1,0.017727891298562688
21,what,1,0.017924234993307645
