Metric,Mean,Standard Deviation
Overall F1,0.8387586027087065,0.011155399867677999
Overall Precision,0.8391848743948743,0.011181950370845113
Overall Recall,0.8388037735849055,0.01115214957986004
Authentic F1,0.84048,0.011245242226260525
Authentic Precision,1.0,0.0
Authentic Recall,0.8494943396226414,0.017224040799856722
Synthetic F1,0.837037160631063,0.011453018912387477
Synthetic Precision,0.846450743071547,0.014758784639256346
Synthetic Recall,0.8281132075471698,0.016894571005071333
