domain,mean,min,max,std
M4_overall_random_forest,0.8388037735849057,0.804,0.869,0.01115214957986004
