Metric,Mean,Standard Deviation
Overall F1,0.3451517089834634,0.01011781671224147
Overall Precision,0.5593565251551753,0.16346665398761195
Overall Recall,0.5025999999999999,0.005074196955920679
Authentic F1,0.6662165999999998,0.0034023792091459047
Authentic Precision,0.57,0.497569851956243
Authentic Recall,0.9927999999999999,0.007827689778774283
Synthetic F1,0.024088033086550206,0.01899574991722963
Synthetic Precision,0.6173952991452992,0.3250919354409024
Synthetic Recall,0.012399999999999998,0.009961542211541507
