Metric,Mean,Standard Deviation
Overall F1,0.9654183658184639,0.010754107093340707
Overall Precision,0.9672436630316577,0.009788804212094911
Overall Recall,0.9654575163398692,0.010723565713997036
Authentic F1,0.9643085666666665,0.011383567674013788
Authentic Precision,1.0,0.0
Authentic Recall,0.9361220043572984,0.02025155177666061
Synthetic F1,0.9665273704612688,0.010129906054283532
Synthetic Precision,0.9399951663735377,0.017971458702847935
Synthetic Recall,0.99479302832244,0.005664670175807746
