Metric,Mean,Standard Deviation
Overall F1,0.5148423103161384,0.02695402418958154
Overall Precision,0.604290070582958,0.027939567278895672
Overall Recall,0.5631,0.018742405869518926
Authentic F1,0.6671166000000003,0.01317400863347021
Authentic Precision,1.0,0.0
Authentic Recall,0.87575,0.02878319339861759
Synthetic F1,0.3625679598913567,0.04736210058371885
Synthetic Precision,0.669516756853912,0.045972246127731424
Synthetic Recall,0.25045,0.04247456160854852
