Metric,Mean,Standard Deviation
Overall F1,0.786152909754252,0.016615427918595372
Overall Precision,0.7907178024598077,0.016456078128717837
Overall Recall,0.7868679775280901,0.016486236810287103
Authentic F1,0.7979473,0.015486256719485763
Authentic Precision,1.0,0.0
Authentic Recall,0.841769662921348,0.02193365345826666
Synthetic F1,0.7743585749907811,0.018565488515808744
Synthetic Precision,0.8226239195882766,0.020564595465080625
Synthetic Recall,0.7319662921348314,0.02585657130761173
