,Key,Count,Mean Score
0,mean_sen_len,100,0.03617583373116813
1,TTR,100,0.0380652467817273
2,i,100,0.03214573131839489
3,sentiment,100,0.026566908242934534
4,don,100,0.026087014874014273
9,VBD,100,0.021283812173769064
5,VBP,99,0.019667787788044788
10,lex_density,92,0.018591300311619537
8,so,89,0.02015358888633427
6,NN,60,0.01690607505024445
13,me,18,0.017090374023559594
12,DT,16,0.016156143044960193
11,my,13,0.017174763507518325
7,but,7,0.017158128258132732
14,VBZ,3,0.015720955820476668
15,RB,3,0.01579915488075413
