Metric,Mean,Standard Deviation
Overall F1,0.9847182491823514,0.006390288444591572
Overall Precision,0.9848306138568493,0.0063147165391425845
Overall Recall,0.9847193877551021,0.006389084602907789
Authentic F1,0.9846233999999999,0.006474022249020162
Authentic Precision,1.0,0.0
Authentic Recall,0.9795408163265307,0.01031925824933833
Synthetic F1,0.9848143825764545,0.006308191280635667
Synthetic Precision,0.9798417535745806,0.009983003943851373
Synthetic Recall,0.9898979591836735,0.006152438063135289
