Metric,Mean,Standard Deviation
Overall F1,0.9049952984272235,0.015877453055124717
Overall Precision,0.912326221854932,0.014103790767851771
Overall Recall,0.9054166666666666,0.015686902188575037
Authentic F1,0.9111247999999998,0.013994982675717946
Authentic Precision,1.0,0.0
Authentic Recall,0.9682675438596491,0.014395847067640077
Synthetic F1,0.8988657368877847,0.01787016778748291
Synthetic Precision,0.9639569227051779,0.015760083213046
Synthetic Recall,0.8425657894736842,0.028753919267522826
