Metric,Mean,Standard Deviation
Overall F1,0.3708727959586987,0.022090422554770194
Overall Precision,0.4430574245203986,0.05157522054580507
Overall Recall,0.484525,0.014935446110011255
Authentic F1,0.6378399,0.012785736330976502
Authentic Precision,0.12,0.3265986323710904
Authentic Recall,0.9083500000000001,0.02997520018719853
Synthetic F1,0.10390558379635743,0.04208920114716618
Synthetic Precision,0.39451375559907703,0.0957461695565723
Synthetic Recall,0.0607,0.027579270505511233
