Metric,Mean,Standard Deviation
Overall F1,0.37282263634954854,0.029325739737368812
Overall Precision,0.3762678000393166,0.03133138449123853
Overall Recall,0.3914999999999999,0.026381046149832568
Authentic F1,0.4758722,0.03226706300094682
Authentic Precision,0.0,0.0
Authentic Recall,0.5547999999999998,0.05847351122646488
Synthetic F1,0.26977330959875934,0.05638800496816563
Synthetic Precision,0.3347676900835653,0.04746523393253851
Synthetic Recall,0.22819999999999996,0.060388138510201424
