Metric,Mean,Standard Deviation
Overall F1,0.38551441021972743,0.023009332835982336
Overall Precision,0.6421870568006536,0.06467131202417198
Overall Recall,0.5190499999999999,0.011681700270599369
Authentic F1,0.6718424999999999,0.00620746396190778
Authentic Precision,0.97,0.17144660799776532
Authentic Recall,0.9845499999999998,0.010127844406547354
Synthetic F1,0.09918673187060378,0.04140260775322423
Synthetic Precision,0.7744446839646238,0.1251825608195378
Synthetic Recall,0.05354999999999999,0.023765425612545937
