Metric,Mean,Standard Deviation
Overall F1,0.802543499479634,0.02403805775615411
Overall Precision,0.8043425605618001,0.024067704650893584
Overall Recall,0.8027964205816555,0.023990179801830984
Authentic F1,0.7972804333333333,0.025393174355030374
Authentic Precision,1.0,0.0
Authentic Recall,0.7763087248322147,0.034637996239329595
Synthetic F1,0.8078063783085675,0.02361899633631423
Synthetic Precision,0.7882097691523545,0.02694888289737865
Synthetic Recall,0.8292841163310962,0.033015761190571355
