Metric,Mean,Standard Deviation
Overall F1,0.9286251067483895,0.013324330360056208
Overall Precision,0.9290756808382948,0.01328086103996752
Overall Recall,0.9286436170212766,0.01331860797046003
Authentic F1,0.9281774333333334,0.013572446232520914
Authentic Precision,1.0,0.0
Authentic Recall,0.9226595744680852,0.020873666403236735
Synthetic F1,0.9290728214528837,0.013163482479598927
Synthetic Precision,0.9239740353434039,0.018972765094627957
Synthetic Recall,0.9346276595744681,0.018806710683670583
