Metric,Mean,Standard Deviation
Overall F1,0.3771546005980607,0.01108582364638839
Overall Precision,0.6720662003287288,0.08867213103991944
Overall Recall,0.525038560411311,0.005602638299076311
Authentic F1,0.6829521000000001,0.0030524652381809492
Authentic Precision,1.0,0.0
Authentic Recall,0.9949499999999999,0.004522390982878442
Synthetic F1,0.05356052548911468,0.020293138599160387
Synthetic Precision,0.8330663780663781,0.18053580550541157
Synthetic Recall,0.027777777777777728,0.010777285418605675
