Metric,Mean,Standard Deviation
Overall F1,0.981231798555399,0.008311525155400677
Overall Precision,0.9813635178035943,0.00825499974024247
Overall Recall,0.9812333333333332,0.008310136063368292
Authentic F1,0.9812742,0.008283284150820403
Authentic Precision,1.0,0.0
Authentic Recall,0.9834,0.01142957747696332
Synthetic F1,0.9811898988421457,0.008344649551630499
Synthetic Precision,0.9834482050900661,0.011239672039250238
Synthetic Recall,0.979066666666667,0.011644567814906609
