,Key,Count,Mean Score
0,TTR,100,0.2025602413796438
1,the,100,0.08782334756935059
2,DT,100,0.06369622665115279
3,mean_sen_len,100,0.05187579638545079
4,and,100,0.05597425987320906
5,of,100,0.03580243690596793
6,a,100,0.045321077963371266
7,or,100,0.04260922925755382
9,lex_density,100,0.033875502380852705
8,VBG,94,0.02811701603334977
10,NNS,6,0.024718615522682664
