Metric,Mean,Standard Deviation
Overall F1,0.5269878739886259,0.03325515191847066
Overall Precision,0.550210237058197,0.04245851068176334
Overall Recall,0.542125,0.03465081040345466
Authentic F1,0.4466913999999999,0.04405045855641349
Authentic Precision,0.91,0.2876234912646614
Authentic Recall,0.3718,0.053482367527659405
Synthetic F1,0.6072841007554165,0.04121217214946499
Synthetic Precision,0.5307790493654635,0.02517763639751288
Synthetic Recall,0.7124499999999999,0.07717713784574164
