model,domain,mean,min,max,std
arxiv_bloomz,M4_HDSR_train_arxiv,0.370375,0.2975,0.455,0.0362987307427595
arxiv_cohere,M4_HDSR_train_arxiv,0.500525,0.4475,0.5675,0.027428269627292844
arxiv_davinci,M4_HDSR_train_arxiv,0.49995,0.4375,0.57,0.02422271452562447
arxiv_dolly,M4_HDSR_train_arxiv,0.49222499999999997,0.4275,0.5425,0.023934081928868246
arxiv_gpt-3.5-turbo,M4_HDSR_train_arxiv,0.6091,0.4925,0.6875,0.035566341482708715
peerread_bloomz,M4_HDSR_train_peerread,0.45905,0.41,0.49,0.012864778476620776
peerread_cohere,M4_HDSR_train_peerread,0.6272625000000001,0.5575,0.7175,0.025682392219193724
peerread_davinci,M4_HDSR_train_peerread,0.6806875,0.6,0.78,0.03766249342255529
peerread_dolly,M4_HDSR_train_peerread,0.5447,0.495,0.595,0.020307869108764053
peerread_gpt-3.5-turbo,M4_HDSR_train_peerread,0.7781625,0.6775,0.8775,0.033567674743545196
reddit_bloomz,M4_HDSR_train_reddit,0.46725,0.435,0.4925,0.010978054325228876
reddit_cohere,M4_HDSR_train_reddit,0.51215,0.4775,0.5475,0.01487753034246307
reddit_davinci,M4_HDSR_train_reddit,0.545775,0.4975,0.5975,0.019396497523048232
reddit_dolly,M4_HDSR_train_reddit,0.53185,0.49,0.5825,0.01647855968502495
reddit_gpt-3.5-turbo,M4_HDSR_train_reddit,0.527425,0.485,0.5625,0.01703922613479637
wikihow_bloomz,M4_HDSR_train_wikihow,0.50415,0.49,0.5175,0.005709950556137532
wikihow_cohere,M4_HDSR_train_wikihow,0.5065,0.495,0.53,0.006464745106570664
wikihow_davinci,M4_HDSR_train_wikihow,0.50705,0.495,0.5275,0.006764247963007457
wikihow_dolly,M4_HDSR_train_wikihow,0.5213,0.5,0.5575,0.011653022324398484
wikihow_gpt-3.5-turbo,M4_HDSR_train_wikihow,0.509675,0.4925,0.555,0.008888016844850345
wikipedia_bloomz,M4_HDSR_train_wikipedia,0.387325,0.295,0.46,0.033599796701525415
wikipedia_cohere,M4_HDSR_train_wikipedia,0.47207499999999997,0.39,0.575,0.03190115534147959
wikipedia_davinci,M4_HDSR_train_wikipedia,0.565725,0.485,0.65,0.032770426970645104
wikipedia_dolly,M4_HDSR_train_wikipedia,0.456625,0.385,0.5275,0.029634505464768833
wikipedia_gpt-3.5-turbo,M4_HDSR_train_wikipedia,0.544025,0.4425,0.63,0.036514655629727305
