Metric,Mean,Standard Deviation
Overall F1,0.9406396525773312,0.01458286485260617
Overall Precision,0.9455441930683369,0.012207432354128259
Overall Recall,0.9408304498269898,0.014443721625202815
Authentic F1,0.9439674000000001,0.01297142559862277
Authentic Precision,1.0,0.0
Authentic Recall,0.9904137931034481,0.00789650685429236
Synthetic F1,0.9372889223467431,0.01622860004520405
Synthetic Precision,0.9893804525144493,0.008589721025926516
Synthetic Recall,0.8909027777777778,0.02888328679063212
