Metric,Mean,Standard Deviation
Overall F1,0.3598138715814128,0.018253954606779244
Overall Precision,0.6306904277834485,0.11173287484022877
Overall Recall,0.5096750000000001,0.008888016844850345
Authentic F1,0.6694943999999998,0.00439482002711227
Authentic Precision,0.85,0.3588702812826367
Authentic Recall,0.99315,0.00553478440265187
Synthetic F1,0.05013391596539171,0.032770527835798514
Synthetic Precision,0.7564239943063472,0.22068460715175395
Synthetic Recall,0.026199999999999998,0.017867639050879815
