Metric,Mean,Standard Deviation
Overall F1,0.8187938388933582,0.01874070117444399
Overall Precision,0.830356206708917,0.017833954708987628
Overall Recall,0.820213675213675,0.01834489724290445
Authentic F1,0.8343696666666667,0.01614127578089804
Authentic Precision,1.0,0.0
Authentic Recall,0.9054017094017096,0.022938146533563974
Synthetic F1,0.8032181512447996,0.022058534522498015
Synthetic Precision,0.8865845585925718,0.024119620091039934
Synthetic Recall,0.735025641025641,0.032005479665139336
