Metric,Mean,Standard Deviation
Overall F1,0.8679406210855277,0.0196830975020806
Overall Precision,0.8725595085496426,0.018833603855242263
Overall Recall,0.8683333333333333,0.019524642093093573
Authentic F1,0.8612674666666665,0.021750683722361223
Authentic Precision,1.0,0.0
Authentic Recall,0.818859649122807,0.03258893828454168
Synthetic F1,0.87461394789188,0.017966138871152258
Synthetic Precision,0.8358462914332188,0.024874084100365963
Synthetic Recall,0.9178070175438595,0.022907306389923013
