Metric,Mean,Standard Deviation
Overall F1,0.7770351477522331,0.018202576476198346
Overall Precision,0.7784570813293139,0.01794409707619918
Overall Recall,0.7772791666666666,0.01811070631559469
Authentic F1,0.7713758333333333,0.02000198225056863
Authentic Precision,1.0,0.0
Authentic Recall,0.7521416666666666,0.029431215038078447
Synthetic F1,0.7826945062841062,0.017633070478610735
Synthetic Precision,0.7645078150020894,0.02106915920304442
Synthetic Recall,0.8024166666666667,0.025848343177832855
