Metric,Mean,Standard Deviation
Overall F1,0.38525004080640535,0.019686916965072396
Overall Precision,0.4780213716612375,0.04990459312105996
Overall Recall,0.49265000000000003,0.014546251556446918
Authentic F1,0.6417568,0.013526350256914363
Authentic Precision,0.27,0.4461960433384737
Authentic Recall,0.9095000000000002,0.03206291164305423
Synthetic F1,0.12874321455859705,0.03793724507758698
Synthetic Precision,0.46011414245077886,0.09224408746364228
Synthetic Recall,0.0758,0.025032504122166097
