Metric,Mean,Standard Deviation
Overall F1,0.42339516045900993,0.023406149003444315
Overall Precision,0.719387878072855,0.028231347049503915
Overall Recall,0.540975,0.012380208831319071
Authentic F1,0.6836659999999998,0.006086246790921319
Authentic Precision,1.0,0.0
Authentic Recall,0.9918499999999999,0.00562529460507976
Synthetic F1,0.16312446045743345,0.04118105145919196
Synthetic Precision,0.917143986204282,0.053460389410576466
Synthetic Recall,0.09009999999999999,0.024974532482656665
