Metric,Mean,Standard Deviation
Overall F1,0.96614620503798,0.008953564890543319
Overall Precision,0.9679042832772705,0.008070646693611646
Overall Recall,0.9661819727891157,0.008926726735277595
Authentic F1,0.9672016333333333,0.008409393676453382
Authentic Precision,1.0,0.0
Authentic Recall,0.9952721088435373,0.004517256857544255
Synthetic F1,0.965090591520202,0.009501759384037837
Synthetic Precision,0.9950042226001062,0.004755286210694732
Synthetic Recall,0.937091836734694,0.01742178223760251
