Metric,Mean,Standard Deviation
Overall F1,0.547363001982329,0.028676904784915597
Overall Precision,0.5767067676379848,0.034664135633889294
Overall Recall,0.564225,0.02771539839296574
Authentic F1,0.46356660000000005,0.044644344291434296
Authentic Precision,0.99,0.09999999999999999
Authentic Recall,0.3795499999999999,0.05581397221977213
Synthetic F1,0.6311591294319401,0.032146666779826395
Synthetic Precision,0.5468434691026571,0.020443742162383458
Synthetic Recall,0.7489000000000001,0.06587246631318595
