Metric,Mean,Standard Deviation
Overall F1,0.3681767678333947,0.015761305072284685
Overall Precision,0.7372720237931866,0.03870009158385673
Overall Recall,0.5157,0.007530074382236888
Authentic F1,0.673438,0.003523074013564075
Authentic Precision,1.0,0.0
Authentic Recall,0.99865,0.0030029446827533777
Synthetic F1,0.06291654357451527,0.02822553509539264
Synthetic Precision,0.9665286380286379,0.07660727100164545
Synthetic Recall,0.03275,0.01523179489612356
