,Key,Count,Mean Score
0,PRP,100,0.07645388369172741
1,of,100,0.0666417844393115
2,NN,100,0.05316105999292839
3,sentiment,100,0.06042728848397488
4,VB,100,0.0516264555113896
6,DT,97,0.03844964387452742
5,IN,96,0.03866265313149669
9,have,62,0.03523129659642233
11,to,56,0.03493561434843052
14,NNS,45,0.033105700698940255
12,RB,38,0.032059550004684266
10,the,34,0.032216423892029014
8,mean_sen_len,34,0.03338500390484111
7,i,21,0.03279970692715041
13,which,16,0.03194998059761427
15,a,1,0.03308900479707356
