Metric,Mean,Standard Deviation
Overall F1,0.9074245034868883,0.014532834279878046
Overall Precision,0.9090290244301136,0.014368169379006248
Overall Recall,0.9075062344139652,0.014506837593098128
Authentic F1,0.9097187000000001,0.013973958149849223
Authentic Precision,1.0,0.0
Authentic Recall,0.93405,0.018267028861704424
Synthetic F1,0.9051415084352166,0.015211863139978108
Synthetic Precision,0.9309929669809922,0.018007823571047694
Synthetic Recall,0.881094527363184,0.02271098441521606
