Metric,Mean,Standard Deviation
Overall F1,0.32618035434153425,0.012525442388172851
Overall Precision,0.3159735329187707,0.039471581913194366
Overall Recall,0.4476999999999999,0.02096076180279561
Authentic F1,0.6118422,0.02105579109284319
Authentic Precision,0.0,0.0
Authentic Recall,0.87185,0.044730703756881124
Synthetic F1,0.0405185324363193,0.018191147429702393
Synthetic Precision,0.16053655136748846,0.07137243673447743
Synthetic Recall,0.023549999999999995,0.011107714127187156
