Metric,Mean,Standard Deviation
Overall F1,0.9308003470980816,0.013951008948973205
Overall Precision,0.9317004807236117,0.013579526798875315
Overall Recall,0.9308386411889598,0.013925656829045134
Authentic F1,0.9295372999999999,0.014620621565441954
Authentic Precision,1.0,0.0
Authentic Recall,0.9136518046709129,0.023482458431681993
Synthetic F1,0.9320634353627641,0.01335416108686102
Synthetic Precision,0.916982179385342,0.0206685063293655
Synthetic Recall,0.9480254777070064,0.016057507110288943
