Metric,Mean,Standard Deviation
Overall F1,0.8621299562876226,0.015539074120634629
Overall Precision,0.8642767498576347,0.01523060732748063
Overall Recall,0.8623208333333334,0.015470065742776973
Authentic F1,0.8576491666666666,0.0168124609874264
Authentic Precision,1.0,0.0
Authentic Recall,0.8302583333333334,0.02599998258081913
Synthetic F1,0.8666107446087006,0.01466145146423806
Synthetic Precision,0.8409716682434893,0.020190954083466967
Synthetic Recall,0.8943833333333333,0.021128165723626826
