Metric,Mean,Standard Deviation
Overall F1,0.3428220078182892,0.008473045385104731
Overall Precision,0.47080103503331416,0.12065146905317775
Overall Recall,0.4984,0.0054647631571401395
Authentic F1,0.6625409000000001,0.004295405366508051
Authentic Precision,0.29,0.4560480215720686
Authentic Recall,0.98485,0.009833333333333341
Synthetic F1,0.023103450921007226,0.01573847133125953
Synthetic Precision,0.4424166111666112,0.23896293556072742
Synthetic Recall,0.01195,0.008314979788844282
