Metric,Mean,Standard Deviation
Overall F1,0.4861121334292692,0.02743217778011688
Overall Precision,0.4933589719177216,0.0264570977207888
Overall Recall,0.4941,0.02471688172938169
Authentic F1,0.5433222,0.02841757012977725
Authentic Precision,0.39,0.4902071300001973
Authentic Recall,0.6041,0.05608606301610467
Synthetic F1,0.4289020880495943,0.05069861442039379
Synthetic Precision,0.4911533424036892,0.032666993416064584
Synthetic Recall,0.38410000000000005,0.06639482455186344
