Metric,Mean,Standard Deviation
Overall F1,0.7691262474172595,0.021226673943265
Overall Precision,0.7718156524679691,0.021074493024355927
Overall Recall,0.7696043771043771,0.021112730608808746
Authentic F1,0.7782369333333333,0.0202837275652684
Authentic Precision,1.0,0.0
Authentic Recall,0.8087542087542088,0.02882956818932301
Synthetic F1,0.7600157429278959,0.02344610784211348
Synthetic Precision,0.7930609392404158,0.025394881029282397
Synthetic Recall,0.7304545454545455,0.03287655651402298
