Metric,Mean,Standard Deviation
Overall F1,0.43527049338751483,0.036744983576029434
Overall Precision,0.439693952526274,0.03661510830690008
Overall Recall,0.44384999999999997,0.03413324307516476
Authentic F1,0.5005921000000001,0.029982921108052785
Authentic Precision,0.08,0.2726599243442907
Authentic Recall,0.5581499999999999,0.04426535572173476
Synthetic F1,0.36994922344673625,0.05649602872288514
Synthetic Precision,0.4245855982096677,0.046359335489690116
Synthetic Recall,0.3295499999999999,0.0637905941263279
