Metric,Mean,Standard Deviation
Overall F1,0.9497813944653166,0.010834818638259323
Overall Precision,0.9504446140949478,0.010759891454912667
Overall Recall,0.9498000000000001,0.010828553724185681
Authentic F1,0.9505889000000002,0.010606372097979965
Authentic Precision,1.0,0.0
Authentic Recall,0.9655,0.013898986228564236
Synthetic F1,0.9489743043511558,0.011090270364139067
Synthetic Precision,0.9645632875092093,0.013810655287577332
Synthetic Recall,0.9341000000000002,0.01636669443927777
