,Key,Count,Mean Score
0,TTR,100,0.19422062109010546
1,sentiment,100,0.0482002066750589
3,so,100,0.032232472344096805
2,just,99,0.035375488712781386
4,VBD,94,0.023791586853454484
12,is,89,0.02402922195782575
11,mean_sen_len,69,0.019965430640089977
5,any,61,0.022625210338788584
8,the,57,0.020096128421454782
13,a,48,0.019237021234501897
9,don,47,0.019198481587313503
10,not,41,0.020503484385549945
7,VBG,21,0.01866472475925417
6,because,19,0.019240686532736702
18,have,16,0.019693928874780806
14,of,13,0.018842274221568513
15,VBP,10,0.017098026134859272
17,or,6,0.017261328364399437
19,am,3,0.01807441450858427
16,i,2,0.017741079611613395
22,then,2,0.021410458730138908
20,was,1,0.019538063511229328
21,me,1,0.01816884206688988
23,NNS,1,0.018983878940240406
