Metric,Mean,Standard Deviation
Overall F1,0.9526744156205045,0.011191461018156776
Overall Precision,0.9542028996775866,0.010583059546467356
Overall Recall,0.9527176220806794,0.011162001302409828
Authentic F1,0.9513671666666667,0.011809948061540173
Authentic Precision,1.0,0.0
Authentic Recall,0.926539278131635,0.020002192085413702
Synthetic F1,0.9539814385734741,0.010600151232876153
Synthetic Precision,0.9305294038121864,0.017512327818273603
Synthetic Recall,0.9788959660297241,0.011344728438382967
