Metric,Mean,Standard Deviation
Overall F1,0.9710907171616205,0.008324569933630177
Overall Precision,0.9714255694495871,0.008179337325182782
Overall Recall,0.9710964912280702,0.00832027561021134
Authentic F1,0.9707941333333334,0.008501141389954378
Authentic Precision,1.0,0.0
Authentic Recall,0.9616315789473684,0.014204201034458174
Synthetic F1,0.9713873468217605,0.008157852345010038
Synthetic Precision,0.9625413276708764,0.013306293365049647
Synthetic Recall,0.9805614035087721,0.0104724314661101
