Metric,Mean,Standard Deviation
Overall F1,0.37542030164046586,0.05025509019871459
Overall Precision,0.378648349386499,0.05515940224636312
Overall Recall,0.40035000000000004,0.041722719872215354
Authentic F1,0.49442030000000003,0.035902281136693553
Authentic Precision,0.01,0.09999999999999999
Authentic Recall,0.5880000000000001,0.060365051096966646
Synthetic F1,0.2564205747433256,0.08746195914050214
Synthetic Precision,0.3293589417990192,0.08539753543844252
Synthetic Recall,0.2127,0.08458281459760325
