Metric,Mean,Standard Deviation
Overall F1,0.9004859086685056,0.013944211134183723
Overall Precision,0.9011458020327425,0.013919141865731939
Overall Recall,0.9005249999999999,0.013934247468319245
Authentic F1,0.8991462666666666,0.01436581261080573
Authentic Precision,1.0,0.0
Authentic Recall,0.8872666666666665,0.021121061043919153
Synthetic F1,0.9018256416366357,0.013674079962624455
Synthetic Precision,0.8905322769925778,0.0183987531651761
Synthetic Recall,0.9137833333333333,0.01914614770990028
