Metric,Mean,Standard Deviation
Overall F1,0.7620507416328367,0.019309055129364296
Overall Precision,0.7637620561008509,0.019319471252533957
Overall Recall,0.7623675213675214,0.01925184601890847
Authentic F1,0.7555200666666667,0.021195015694651986
Authentic Precision,1.0,0.0
Authentic Recall,0.735094017094017,0.03187785915307829
Synthetic F1,0.7685815133097053,0.019090849394705872
Synthetic Precision,0.7493746534493423,0.0221688609364251
Synthetic Recall,0.7896410256410256,0.02969848932626316
