Metric,Mean,Standard Deviation
Overall F1,0.8313334956296455,0.017213811852427555
Overall Precision,0.8355537869520301,0.017728116232527246
Overall Recall,0.8317999999999999,0.01719275746036421
Authentic F1,0.8395732999999999,0.016956705002905356
Authentic Precision,1.0,0.0
Authentic Recall,0.88075,0.0269058872308045
Synthetic F1,0.8230938676235715,0.018103309721490157
Synthetic Precision,0.8685495358790665,0.025576781580898624
Synthetic Recall,0.7828500000000002,0.025148598772138785
