Metric,Mean,Standard Deviation
Overall F1,0.4963450507618357,0.041688889429464644
Overall Precision,0.6157693700401556,0.047270332919025694
Overall Recall,0.5595,0.02914826259181174
Authentic F1,0.6740112999999998,0.017988865448135164
Authentic Precision,0.99,0.09999999999999999
Authentic Recall,0.9102,0.02656153518746895
Synthetic F1,0.3186788927257506,0.06897589242532358
Synthetic Precision,0.6961088085261076,0.07866390718726475
Synthetic Recall,0.20879999999999996,0.054952320931490925
