Metric,Mean,Standard Deviation
Overall F1,0.37637422377863466,0.018967540754280195
Overall Precision,0.46425549755452705,0.04922003197093439
Overall Recall,0.4908249999999999,0.012663351838987171
Authentic F1,0.6433082999999999,0.010058701349497544
Authentic Precision,0.19,0.3942772444036625
Authentic Recall,0.9185500000000001,0.022148431779767837
Synthetic F1,0.10944050249649966,0.03465570162849441
Synthetic Precision,0.4334619757971312,0.09187464586721258
Synthetic Recall,0.0631,0.021435597693669487
