Metric,Mean,Standard Deviation
Overall F1,0.9593953921060482,0.00895366535542623
Overall Precision,0.9621152136091494,0.007836705285924088
Overall Recall,0.9594597069597071,0.008913078332857828
Authentic F1,0.9609658000000002,0.008275481800077353
Authentic Precision,1.0,0.0
Authentic Recall,0.9963369963369964,0.004501224106856237
Synthetic F1,0.957824754862225,0.009636933888950148
Synthetic Precision,0.9960758866204565,0.004807649944248621
Synthetic Recall,0.9225824175824177,0.017682084791967676
