Metric,Mean,Standard Deviation
Overall F1,0.3212549717475104,0.00865105859931358
Overall Precision,0.28144826400954726,0.03621092912709013
Overall Recall,0.45905000000000007,0.012864778476620776
Authentic F1,0.6269211,0.012344285628041284
Authentic Precision,0.0,0.0
Authentic Recall,0.9094500000000001,0.026418303648735045
Synthetic F1,0.015589781600395227,0.013099517234358997
Synthetic Precision,0.08453468040821838,0.06966965856529962
Synthetic Recall,0.008650000000000001,0.007346235207041206
