Metric,Mean,Standard Deviation
Overall F1,0.3652107591816701,0.01966185827985518
Overall Precision,0.43510198610463907,0.060298231685946564
Overall Recall,0.4820999999999999,0.01750079363279785
Authentic F1,0.6372797000000001,0.015524788159064787
Authentic Precision,0.13,0.3379976689896311
Authentic Recall,0.91055,0.032859472751323164
Synthetic F1,0.09314181343300312,0.03364695375425776
Synthetic Precision,0.3799437426291484,0.11177959242980133
Synthetic Recall,0.05365000000000001,0.020741981534554456
