Metric,Mean,Standard Deviation
Overall F1,0.32919035960370585,0.012447224645782429
Overall Precision,0.32166899273870975,0.036109864658559386
Overall Recall,0.44872500000000004,0.018780681967157507
Authentic F1,0.6118431000000001,0.01959472855802362
Authentic Precision,0.0,0.0
Authentic Recall,0.87015,0.04257764742920939
Synthetic F1,0.046537297222083336,0.022834689326340373
Synthetic Precision,0.17142095749645225,0.06730945431311461
Synthetic Recall,0.027300000000000005,0.01414963325362609
