Metric,Mean,Standard Deviation
Overall F1,0.8964867820109944,0.013544425949984703
Overall Precision,0.9031189495966844,0.012897408457257604
Overall Recall,0.8968956043956046,0.01342728873468544
Authentic F1,0.9028363,0.012320644304203699
Authentic Precision,1.0,0.0
Authentic Recall,0.9576373626373628,0.015546595858757757
Synthetic F1,0.8901375045956976,0.014911704434439706
Synthetic Precision,0.9520436778269759,0.016723627981193916
Synthetic Recall,0.8361538461538461,0.021913825657356806
