Metric,Mean,Standard Deviation
Overall F1,0.9470594711129818,0.01345810077681467
Overall Precision,0.9495478996207304,0.0123612853811193
Overall Recall,0.9471335504885993,0.013401192879456925
Authentic F1,0.9452976000000003,0.014383902697393387
Authentic Precision,1.0,0.0
Authentic Recall,0.9128571428571428,0.023606158072147287
Synthetic F1,0.9488328698163514,0.012554519055291797
Synthetic Precision,0.9183955754346438,0.02025199264803666
Synthetic Recall,0.9816339869281046,0.010861311876057144
