Metric,Mean,Standard Deviation
Overall F1,0.8611149082711178,0.014777451363196253
Overall Precision,0.8670338540449972,0.014470046922487358
Overall Recall,0.8616333333333334,0.01465991755882894
Authentic F1,0.8692772333333333,0.013548259141482772
Authentic Precision,1.0,0.0
Authentic Recall,0.9199749999999999,0.01958226473044535
Synthetic F1,0.8529524436909633,0.01635616635059249
Synthetic Precision,0.9098398155773384,0.019852534394663144
Synthetic Recall,0.8032916666666667,0.02459577751282571
