Metric,Mean,Standard Deviation
Overall F1,0.8665849418137863,0.018250071330179606
Overall Precision,0.8803840347738258,0.015283010533672939
Overall Recall,0.8677435897435899,0.017787711646905412
Authentic F1,0.85438,0.021661020243280274
Authentic Precision,1.0,0.0
Authentic Recall,0.778,0.032980178514854366
Synthetic F1,0.8787898661354491,0.015009110350121846
Synthetic Precision,0.8123911589026985,0.02289033539550679
Synthetic Recall,0.9574871794871794,0.013796952305491073
