Metric,Mean,Standard Deviation
Overall F1,0.8974672822939479,0.016167823136913877
Overall Precision,0.8991708886722419,0.015810690137274853
Overall Recall,0.8975749999999999,0.016121598380540142
Authentic F1,0.900416,0.015315416145739296
Authentic Precision,1.0,0.0
Authentic Recall,0.92565,0.018513644981608828
Synthetic F1,0.8945186828136126,0.017160277447864556
Synthetic Precision,0.9214855059555082,0.01832210873080467
Synthetic Recall,0.8695,0.024898785009503894
