,Key,Count,Mean Score
0,TTR,100,0.07389966892763343
1,just,100,0.04101190829858507
2,sentiment,100,0.040723954089176166
4,so,100,0.03374852272222113
5,i,100,0.029238092162566485
3,VBD,99,0.03146852896173843
6,mean_sen_len,99,0.030211849787259312
12,don,55,0.02206263949018666
9,NNS,54,0.021838781806206062
8,because,47,0.021068332871548735
11,VB,42,0.02040249526637619
10,VBG,37,0.020529155414663065
7,VBP,34,0.020755289528007037
13,or,17,0.02166259112621179
14,to,9,0.020144618542464916
15,the,3,0.019454391753946348
16,RB,2,0.018289756773772283
17,then,1,0.02286922597516953
18,not,1,0.019193994405314566
