Metric,Mean,Standard Deviation
Overall F1,0.5406981481268103,0.033026272803037424
Overall Precision,0.6616622633644907,0.03540146991722714
Overall Recall,0.591275,0.02370242443807013
Authentic F1,0.6925579,0.015459239811370238
Authentic Precision,1.0,0.0
Authentic Recall,0.92045,0.025396800482491377
Synthetic F1,0.38883888335197647,0.05431480701478568
Synthetic Precision,0.7679701311194627,0.058972869309070135
Synthetic Recall,0.2621,0.04545049476900636
