Metric,Mean,Standard Deviation
Overall F1,0.31969348890003496,0.012355089710279887
Overall Precision,0.29322107843010536,0.0365754626290357
Overall Recall,0.4443000000000001,0.020034944220011945
Authentic F1,0.6104537,0.01982510517658422
Authentic Precision,0.0,0.0
Authentic Recall,0.8718999999999998,0.041297027065449216
Synthetic F1,0.02893350530160029,0.01640807094203487
Synthetic Precision,0.11671766905609755,0.06724654817019331
Synthetic Recall,0.016699999999999996,0.00964574538542274
