Metric,Mean,Standard Deviation
Overall F1,0.9707606190859963,0.008634884898553324
Overall Precision,0.9710800930113714,0.008481112472893923
Overall Recall,0.9707662835249042,0.00863027355029453
Authentic F1,0.9704647,0.008836593547766478
Authentic Precision,1.0,0.0
Authentic Recall,0.961704980842912,0.014919433175446297
Synthetic F1,0.971056512410099,0.0084421800684338
Synthetic Precision,0.9625984994553118,0.01401712402920024
Synthetic Recall,0.9798275862068965,0.009931928671313841
