Metric,Mean,Standard Deviation
Overall F1,0.3944130627037384,0.022937299749526165
Overall Precision,0.6595659054184008,0.05412580299084877
Overall Recall,0.5236500000000001,0.011712140813029988
Authentic F1,0.6740505,0.0061021126288649755
Authentic Precision,0.99,0.09999999999999999
Authentic Recall,0.9849499999999999,0.009197468909620433
Synthetic F1,0.11477566853316615,0.04107671429885546
Synthetic Precision,0.8067639446831665,0.10444102080688653
Synthetic Recall,0.062349999999999996,0.02372458768042262
