Metric,Mean,Standard Deviation
Overall F1,0.40884617900692133,0.02248293113070253
Overall Precision,0.4366439930898881,0.029925465243997095
Overall Recall,0.4574000000000001,0.020452334336157812
Authentic F1,0.5772695,0.021044043490121886
Authentic Precision,0.02,0.14070529413628968
Authentic Recall,0.742,0.04115135895003158
Synthetic F1,0.2404228539961003,0.038131569120480394
Synthetic Precision,0.4006039475053673,0.047416466854317434
Synthetic Recall,0.1728,0.033008416435139014
