Metric,Mean,Standard Deviation
Overall F1,0.9692400163839772,0.006409039300520253
Overall Precision,0.9693306233696631,0.006383117136303794
Overall Recall,0.9692415730337077,0.006408278902619816
Authentic F1,0.9693776000000001,0.006371147418977484
Authentic Precision,1.0,0.0
Authentic Recall,0.9735393258426965,0.0077023618643004875
Synthetic F1,0.9691022763039402,0.006452414198730878
Synthetic Precision,0.9733544209592452,0.007550175293809956
Synthetic Recall,0.9649438202247193,0.009038281495461502
