Metric,Mean,Standard Deviation
Overall F1,0.8753417787803299,0.018008835045639986
Overall Precision,0.8883533526689671,0.01525861414964151
Overall Recall,0.8763492063492067,0.017627141878987382
Authentic F1,0.8863539,0.015075833688524174
Authentic Precision,1.0,0.0
Authentic Recall,0.9629100529100529,0.013251434731956906
Synthetic F1,0.8643295303068976,0.021068451396267347
Synthetic Precision,0.955302682806107,0.015434977635429939
Synthetic Recall,0.7897883597883597,0.032257254081573254
