,Key,Count,Mean Score
0,TTR,100,0.06177643312995848
1,the,100,0.06023828872372852
2,DT,100,0.04821060960163459
3,is,100,0.03184117559807855
4,and,100,0.037905831550124794
5,i,100,0.03254202200992494
6,a,100,0.031315245254687187
7,RB,96,0.024463468361719466
9,this,88,0.023163337360284544
10,where,48,0.02094541043303852
8,VBZ,39,0.020570279718543322
11,of,21,0.020934760593555434
12,by,8,0.019828643284957464
