Metric,Mean,Standard Deviation
Overall F1,0.9310183333795707,0.012502863662303739
Overall Precision,0.9320431319859043,0.012239788312608304
Overall Recall,0.9310569105691058,0.012483370261236292
Authentic F1,0.9300368,0.012955518919157444
Authentic Precision,1.0,0.0
Authentic Recall,0.9149189189189191,0.023298602721425924
Synthetic F1,0.9320055882246915,0.012176649574740593
Synthetic Precision,0.9177259663879576,0.02023751512355261
Synthetic Recall,0.9472826086956522,0.019473201374861606
