Metric,Mean,Standard Deviation
Overall F1,0.3678440162030106,0.035227348170946374
Overall Precision,0.36848328029519883,0.03591641646054495
Overall Recall,0.37037499999999995,0.0362987307427595
Authentic F1,0.38023989999999996,0.05856756073712623
Authentic Precision,0.0,0.0
Authentic Recall,0.391,0.08081341522796869
Synthetic F1,0.35544861618536794,0.043717528433505785
Synthetic Precision,0.3644409305160215,0.03588216683844227
Synthetic Recall,0.34975000000000006,0.059294569393798284
