Metric,Mean,Standard Deviation
Overall F1,0.8759703142661479,0.01620095239372926
Overall Precision,0.8765210915403475,0.016109624710699582
Overall Recall,0.8760150375939852,0.01618554081379004
Authentic F1,0.8768077999999998,0.0159191454252641
Authentic Precision,1.0,0.0
Authentic Recall,0.8802500000000001,0.02252243550351742
Synthetic F1,0.8751291374570642,0.01680611946874001
Synthetic Precision,0.8791107060257768,0.019919624162989737
Synthetic Recall,0.8717587939698492,0.02594452536486673
