Metric,Mean,Standard Deviation
Overall F1,0.8995254825085925,0.01630278153070136
Overall Precision,0.90176239106818,0.01576801210409475
Overall Recall,0.899664570230608,0.0162369414189076
Authentic F1,0.9028020333333332,0.015313873752142009
Authentic Precision,1.0,0.0
Authentic Recall,0.9314046121593291,0.020045519808783163
Synthetic F1,0.8962486661470745,0.017484159885933343
Synthetic Precision,0.9271574350527036,0.019648726729396673
Synthetic Recall,0.8679245283018868,0.02729597455130231
