Metric,Mean,Standard Deviation
Overall F1,0.9268426843311101,0.014244374363492828
Overall Precision,0.9272875375134769,0.014179723467035076
Overall Recall,0.9268617021276597,0.014237188190149056
Authentic F1,0.9264447,0.01448887378457879
Authentic Precision,1.0,0.0
Authentic Recall,0.9218085106382978,0.022022441986208903
Synthetic F1,0.9272399820210228,0.014091966614044715
Synthetic Precision,0.9230133588364486,0.020021545184157698
Synthetic Recall,0.9319148936170213,0.019349074699448906
