Metric,Mean,Standard Deviation
Overall F1,0.902649582101488,0.015493285162169019
Overall Precision,0.9083661553459504,0.014089669532093447
Overall Recall,0.9029888888888888,0.015332069002532778
Authentic F1,0.9081291333333333,0.013768042874626279
Authentic Precision,1.0,0.0
Authentic Recall,0.9577777777777777,0.01632386213995107
Synthetic F1,0.89717047566255,0.0173664184857982
Synthetic Precision,0.9529395144515562,0.017223026432639302
Synthetic Recall,0.8482000000000001,0.02888007469229654
