Metric,Mean,Standard Deviation
Overall F1,0.884342684080556,0.016633311078781517
Overall Precision,0.8902991807229986,0.016197019447471327
Overall Recall,0.8847619047619049,0.016524667120603406
Authentic F1,0.8911007000000001,0.015321881708883213
Authentic Precision,1.0,0.0
Authentic Recall,0.9425925925925926,0.018776311731495653
Synthetic F1,0.8775849097809492,0.018108621121813415
Synthetic Precision,0.9353831911567174,0.020036423639836345
Synthetic Recall,0.826931216931217,0.02489999804788629
