Metric,Mean,Standard Deviation
Overall F1,0.8666092516602782,0.018261843613672727
Overall Precision,0.8673764183918548,0.018175717218976643
Overall Recall,0.8666749999999998,0.018236850112346756
Authentic F1,0.8646937,0.019097330801645412
Authentic Precision,1.0,0.0
Authentic Recall,0.8527,0.026896922583158928
Synthetic F1,0.8685253163708515,0.01770600759482775
Synthetic Precision,0.857192001787584,0.022914989733208307
Synthetic Recall,0.8806500000000002,0.02274868183549381
