Metric,Mean,Standard Deviation
Overall F1,0.8996775912608712,0.0142106690639428
Overall Precision,0.901880328508513,0.013720930393419152
Overall Recall,0.8998129251700678,0.014151735382807569
Authentic F1,0.9029416333333334,0.013244973641149235
Authentic Precision,1.0,0.0
Authentic Recall,0.931530612244898,0.018148097220513682
Synthetic F1,0.8964136853938229,0.015362543531546207
Synthetic Precision,0.9272688026767135,0.01764614491357358
Synthetic Recall,0.8680952380952379,0.02550431074282981
