Metric,Mean,Standard Deviation
Overall F1,0.7209260386165859,0.021997283485219944
Overall Precision,0.7228463740995382,0.022069192851586185
Overall Recall,0.7214118629908103,0.02192860272784401
Authentic F1,0.7304149666666667,0.022171767436006167
Authentic Precision,1.0,0.0
Authentic Recall,0.7535333333333334,0.03348511707870836
Synthetic F1,0.7113892761887939,0.024160444708003888
Synthetic Precision,0.7362923208026253,0.02679281988773946
Synthetic Recall,0.6891289782244556,0.034091223360338346
