Metric,Mean,Standard Deviation
Overall F1,0.979470406771516,0.007295220933549146
Overall Precision,0.9798119944397532,0.007084674782688264
Overall Recall,0.9794741784037558,0.007291453435509796
Authentic F1,0.9792811,0.007455601233693556
Authentic Precision,1.0,0.0
Authentic Recall,0.9689887640449438,0.01335192240906137
Synthetic F1,0.979660486694871,0.007138058222122875
Synthetic Precision,0.9696363210109837,0.01263930335958604
Synthetic Recall,0.9900188323917137,0.007618289860000586
