Metric,Mean,Standard Deviation
Overall F1,0.8478134071063396,0.016333213937362753
Overall Precision,0.8485503847125655,0.016255772413651677
Overall Recall,0.8478874999999999,0.016311814831392782
Authentic F1,0.8459981333333334,0.01657617627546453
Authentic Precision,1.0,0.0
Authentic Recall,0.8358583333333334,0.023805772687868033
Synthetic F1,0.8496288129486046,0.01659863591548115
Synthetic Precision,0.8401090017276649,0.019411272215272713
Synthetic Recall,0.8599166666666666,0.025160715295931054
