Metric,Mean,Standard Deviation
Overall F1,0.3590774984003467,0.015067428465124818
Overall Precision,0.6443485499595749,0.10966802591562622
Overall Recall,0.509325,0.007367131138517987
Authentic F1,0.6693494,0.00391452896401355
Authentic Precision,0.88,0.3265986323710904
Authentic Recall,0.9932499999999999,0.0063315388207278575
Synthetic F1,0.04880650289107441,0.02722659441676044
Synthetic Precision,0.7839358141858142,0.21691630708498852
Synthetic Recall,0.0254,0.014593481317687599
