Metric,Mean,Standard Deviation
Overall F1,0.5033625385734779,0.03102376562981975
Overall Precision,0.6310026571444186,0.03559959042227552
Overall Recall,0.56575,0.020308541766627865
Authentic F1,0.6787717,0.012960907192886856
Authentic Precision,1.0,0.0
Authentic Recall,0.9175499999999999,0.026222580677228106
Synthetic F1,0.32795358837982463,0.054076008711136485
Synthetic Precision,0.7231520948906845,0.06151755755832353
Synthetic Recall,0.21395000000000006,0.04381028314324057
