Metric,Mean,Standard Deviation
Overall F1,0.9193459370550668,0.009248190280554998
Overall Precision,0.9223747711708712,0.008758330908709465
Overall Recall,0.9194922425952045,0.009203510297919739
Authentic F1,0.9227391999999999,0.008557751366126763
Authentic Precision,1.0,0.0
Authentic Recall,0.9597746478873239,0.010263090811452179
Synthetic F1,0.9159434105077757,0.010000642018288175
Synthetic Precision,0.9562466355811129,0.010622514505386815
Synthetic Recall,0.8790960451977401,0.01620521064641346
