Metric,Mean,Standard Deviation
Overall F1,0.9282374237488591,0.015437000627314923
Overall Precision,0.9321274490601169,0.013745703845186785
Overall Recall,0.9284196185286102,0.015315443509837967
Authentic F1,0.9317417000000002,0.013925055106069449
Authentic Precision,1.0,0.0
Authentic Recall,0.972336956521739,0.01245792119344508
Synthetic F1,0.9247142137437483,0.01702068239870691
Synthetic Precision,0.9696910515720178,0.013230251456204692
Synthetic Recall,0.884262295081967,0.029033779376552948
