Metric,Mean,Standard Deviation
Overall F1,0.9739721473018845,0.008537718081900196
Overall Precision,0.9741641315608777,0.008486813774520874
Overall Recall,0.973975,0.008536130874291377
Authentic F1,0.9741464000000001,0.008450043036170363
Authentic Precision,1.0,0.0
Authentic Recall,0.9800999999999999,0.010298082590973198
Synthetic F1,0.9737977964353557,0.00863175346141115
Synthetic Precision,0.9799452895265243,0.01018531717638525
Synthetic Recall,0.9678499999999999,0.01289536366452704
