,Key,Count,Mean Score
0,TTR,100,0.1798086097860568
1,a,100,0.0671966965479914
2,and,100,0.057503797972772705
3,the,100,0.037563561357219256
5,DT,100,0.043804332183980596
6,PRP,98,0.030377091848556633
4,PRP$,96,0.02993221589212265
7,this,79,0.026264250591387844
9,an,62,0.0259992642878042
12,of,59,0.024672372997050246
10,these,47,0.02513530254285172
11,is,45,0.024250810229863275
8,there,11,0.022626449527875722
13,in,2,0.023900158490246515
14,how,1,0.023103083907577388
