Metric,Mean,Standard Deviation
Overall F1,0.5166858810657879,0.021652502572299753
Overall Precision,0.5315209285247551,0.020764303242671842
Overall Recall,0.538136888549331,0.02000601887830454
Authentic F1,0.6279001075268817,0.023617486406037162
Authentic Precision,0.9758064516129032,0.15385660408749857
Authentic Recall,0.7317894265232975,0.03629972829434766
Synthetic F1,0.38819975904173515,0.03577820187937742
Synthetic Precision,0.5074326541400045,0.03724582532753833
Synthetic Recall,0.31615062954406603,0.040407129983357236
