domain,mean,min,max,std
M4_overall_random_forest,0.538136888549331,0.48,0.6022222222222222,0.02000601887830454
