Metric,Mean,Standard Deviation
Overall F1,0.9916134131205757,0.004860358496240219
Overall Precision,0.9916704934840087,0.004820518233015546
Overall Recall,0.9916137566137566,0.0048599896016494485
Authentic F1,0.9916387,0.004839741760996277
Authentic Precision,1.0,0.0
Authentic Recall,0.9940740740740742,0.006122472544139944
Synthetic F1,0.9915881451716175,0.0048813896199963736
Synthetic Precision,0.9940810658045197,0.006073671427861449
Synthetic Recall,0.9891534391534391,0.007496769658974562
