Metric,Mean,Standard Deviation
Overall F1,0.3445175618332636,0.01006944604308373
Overall Precision,0.45155236874413496,0.0990501765048554
Overall Recall,0.496575,0.006710603323822448
Authentic F1,0.6601667999999999,0.0054711860254658224
Authentic Precision,0.24,0.42923469599092784
Authentic Recall,0.9780500000000001,0.012710748652739995
Synthetic F1,0.028868599531284733,0.018901913361657145
Synthetic Precision,0.40485743496269805,0.19524570984508316
Synthetic Recall,0.015099999999999995,0.010100005000498812
