Metric,Mean,Standard Deviation
Overall F1,0.9377054300068562,0.0126337120796144
Overall Precision,0.9401212685510949,0.011693193994781095
Overall Recall,0.937796052631579,0.012572495712358828
Authentic F1,0.9355254000000001,0.013647407599314165
Authentic Precision,1.0,0.0
Authentic Recall,0.9044078947368424,0.024085715285141293
Synthetic F1,0.9398859538295598,0.011675710996294388
Synthetic Precision,0.9108809173241174,0.020253328311411484
Synthetic Recall,0.9711842105263158,0.013348565336244853
