Metric,Mean,Standard Deviation
Overall F1,0.9080101754144081,0.013771899218380438
Overall Precision,0.9127811607291229,0.012752212888900627
Overall Recall,0.9082735042735044,0.013657271767809308
Authentic F1,0.9127158999999998,0.012458091386456883
Authentic Precision,1.0,0.0
Authentic Recall,0.9583589743589743,0.015237209381771376
Synthetic F1,0.9033045551506008,0.015214323294211934
Synthetic Precision,0.954017582231664,0.015966004622200845
Synthetic Recall,0.858188034188034,0.024816423602709203
