Metric,Mean,Standard Deviation
Overall F1,0.3746474483517606,0.0244065311714944
Overall Precision,0.4860280274575524,0.08588189032961241
Overall Recall,0.494375,0.01901081231427223
Authentic F1,0.6474456999999998,0.0189190863092745
Authentic Precision,0.38,0.48783173121456336
Authentic Recall,0.9299499999999997,0.04578438157231782
Synthetic F1,0.10184907068487661,0.048955445113702825
Synthetic Precision,0.47522907482652527,0.16291218808239072
Synthetic Recall,0.0588,0.03177509347990287
