Metric,Mean,Standard Deviation
Overall F1,0.8915873657840293,0.014335061930040787
Overall Precision,0.8988470299897944,0.01321510670883421
Overall Recall,0.8920639032815196,0.014169913290732531
Authentic F1,0.8985698666666667,0.012749999304172931
Authentic Precision,1.0,0.0
Authentic Recall,0.9555267702936097,0.015681821502355277
Synthetic F1,0.8846051896586126,0.0160947719402663
Synthetic Precision,0.9493726507968995,0.016847786459725806
Synthetic Recall,0.8286010362694302,0.025284218427417838
