Metric,Mean,Standard Deviation
Overall F1,0.8199276464496834,0.018164901156735122
Overall Precision,0.8317296242565922,0.017409247390904856
Overall Recall,0.8213589743589744,0.0178245417755734
Authentic F1,0.8355682000000002,0.015820230966657342
Authentic Precision,1.0,0.0
Authentic Recall,0.9075384615384615,0.02242398396095597
Synthetic F1,0.8042868464689319,0.021185976772786042
Synthetic Precision,0.8888645157702005,0.0235471761935567
Synthetic Recall,0.7351794871794871,0.030713235762373833
