Metric,Mean,Standard Deviation
Overall F1,0.8291569709183862,0.013009470875683798
Overall Precision,0.8311273139127731,0.013094280903035202
Overall Recall,0.82938202247191,0.012988714268283366
Authentic F1,0.834784,0.012672361080459138
Authentic Precision,1.0,0.0
Authentic Recall,0.8622191011235952,0.019446393610155675
Synthetic F1,0.8235300954127146,0.013863428142273372
Synthetic Precision,0.8528873209586983,0.017587986958388875
Synthetic Recall,0.7965449438202247,0.02087312520492669
