Metric,Mean,Standard Deviation
Overall F1,0.9713681564579545,0.008871531457421393
Overall Precision,0.9717502556208721,0.008652057257170324
Overall Recall,0.9713750000000002,0.008864688489744138
Authentic F1,0.9717084,0.008633730389839868
Authentic Precision,1.0,0.0
Authentic Recall,0.9820499999999999,0.009824083991020558
Synthetic F1,0.9710278169824587,0.009118923957761567
Synthetic Precision,0.9817600108822842,0.00978335458175646
Synthetic Recall,0.9606999999999999,0.015374450799093194
