Metric,Mean,Standard Deviation
Overall F1,0.9515192423763064,0.009252023244662965
Overall Precision,0.9545615095428874,0.008398105368294313
Overall Recall,0.951603260869565,0.009210628943867854
Authentic F1,0.9534784,0.008582426691745873
Authentic Precision,1.0,0.0
Authentic Recall,0.9908152173913041,0.008090455877960598
Synthetic F1,0.9495594530411684,0.009938307725928243
Synthetic Precision,0.9901206597886869,0.00862152301674921
Synthetic Recall,0.9123913043478261,0.017346643357813114
