model,domain,mean,min,max,std
bloomz,M4_arxiv,0.973975,0.95,0.9925,0.008536130874291377
cohere,M4_arxiv,0.908925,0.8725,0.95,0.014103043406773359
davinci,M4_arxiv,0.870675,0.835,0.905,0.01665095850670222
dolly,M4_arxiv,0.739825,0.6825,0.7875,0.021335626652303062
gpt-3.5-turbo,M4_arxiv,0.96685,0.945,0.99,0.009042687765272124
bloomz,M4_peerread,0.9968250000000001,0.9875,1.0,0.002839454172900132
cohere,M4_peerread,0.9515,0.9275,0.975,0.009613752775281998
davinci,M4_peerread,0.9888750000000001,0.97,1.0,0.005577450541730927
dolly,M4_peerread,0.9072250000000001,0.8675,0.935,0.013233027055458825
gpt-3.5-turbo,M4_peerread,0.9868548387096774,0.97,1.0,0.005617969702455924
bloomz,M4_reddit,0.995775,0.985,1.0,0.0031118663405120942
cohere,M4_reddit,0.935075,0.9,0.965,0.012804153169336816
davinci,M4_reddit,0.931825,0.895,0.9575,0.013108208354410074
dolly,M4_reddit,0.883475,0.84,0.9225,0.016506407540679162
gpt-3.5-turbo,M4_reddit,0.93485,0.8975,0.965,0.01324697411608866
bloomz,M4_wikihow,0.993275,0.9825,1.0,0.004376460795084211
cohere,M4_wikihow,0.928375,0.895,0.9625,0.01290199557816502
davinci,M4_wikihow,0.896375,0.8625,0.9325,0.013620835013487482
dolly,M4_wikihow,0.8559,0.8075,0.905,0.01802607538926302
gpt-3.5-turbo,M4_wikihow,0.941125,0.905,0.97,0.012275123690462813
bloomz,M4_wikipedia,0.9725,0.9425,0.985,0.007562867822259609
cohere,M4_wikipedia,0.923875,0.8975,0.9575,0.013434159497867424
davinci,M4_wikipedia,0.9467,0.925,0.9725,0.010236348386159402
dolly,M4_wikipedia,0.869875,0.8375,0.91,0.016339110759280632
gpt-3.5-turbo,M4_wikipedia,0.96355,0.9475,0.985,0.007851043808875927
