Metric,Mean,Standard Deviation
Overall F1,0.8453908806476655,0.015224054516328491
Overall Precision,0.8522823235091946,0.014365043687567604
Overall Recall,0.8460875,0.015004167829557402
Authentic F1,0.8553094333333335,0.01346916031573332
Authentic Precision,1.0,0.0
Authentic Recall,0.9095583333333336,0.02032636961094524
Synthetic F1,0.8354725156723447,0.017541153649100947
Synthetic Precision,0.8969420312120061,0.020037772930781975
Synthetic Recall,0.7826166666666666,0.028324647826062324
