Metric,Mean,Standard Deviation
Overall F1,0.33824352908478983,0.007203697948931321
Overall Precision,0.40458436952599297,0.11341866079763434
Overall Recall,0.493525,0.007071915932015521
Authentic F1,0.6587576000000002,0.00616887841090135
Authentic Precision,0.14,0.34873508801977704
Authentic Recall,0.97785,0.013876347873379024
Synthetic F1,0.01773003364127002,0.012664897860958514
Synthetic Precision,0.3124770948006242,0.2240911019142903
Synthetic Recall,0.0092,0.006656052155972811
