Metric,Mean,Standard Deviation
Overall F1,0.9420709410606404,0.010786793011779832
Overall Precision,0.9448101462411502,0.009953413367975419
Overall Recall,0.9421632996632997,0.010737795784350123
Authentic F1,0.9398539666666667,0.011612844402468417
Authentic Precision,1.0,0.0
Authentic Recall,0.905151515151515,0.019683300308026938
Synthetic F1,0.9442876056280367,0.009989116594945766
Synthetic Precision,0.9119947203977564,0.016637095964060888
Synthetic Recall,0.9791750841750841,0.009941121075702988
