Metric,Mean,Standard Deviation
Overall F1,0.978435705546768,0.008334911709309814
Overall Precision,0.9794466381045283,0.007624793528068392
Overall Recall,0.9784519774011299,0.008319161440066208
Authentic F1,0.9790368,0.007931031624918145
Authentic Precision,1.0,0.0
Authentic Recall,0.9998423423423424,0.0010217035285650842
Synthetic F1,0.9778307863093985,0.00874381441157668
Synthetic Precision,0.9998350053022538,0.001069289909964047
Synthetic Recall,0.9569160997732425,0.016647707845217193
