Metric,Mean,Standard Deviation
Overall F1,0.6559452379173213,0.027430288827108643
Overall Precision,0.705833112278382,0.023538849695318397
Overall Recall,0.6712814070351757,0.023017091788945464
Authentic F1,0.7281978999999998,0.016170989568553392
Authentic Precision,1.0,0.0
Authentic Recall,0.8759500000000001,0.028326157736643577
Synthetic F1,0.5829629649075789,0.04226145580494043
Synthetic Precision,0.7888304562483957,0.035458361296481486
Synthetic Recall,0.4645454545454545,0.05010544904981071
