Metric,Mean,Standard Deviation
Overall F1,0.7279497014882733,0.022635224689741044
Overall Precision,0.7286548756819731,0.022655137964997726
Overall Recall,0.728110831234257,0.02261432062439578
Authentic F1,0.7282881,0.02409215890276253
Authentic Precision,1.0,0.0
Authentic Recall,0.7276884422110554,0.03448896764244952
Synthetic F1,0.7276085461451736,0.02310624798387255
Synthetic Precision,0.7275409689317857,0.025996567491140366
Synthetic Recall,0.7285353535353538,0.032041862475882636
