Metric,Mean,Standard Deviation
Overall F1,0.8971359730067718,0.014616313147857198
Overall Precision,0.9038447565222854,0.013187641474550614
Overall Recall,0.897554945054945,0.014442824460235633
Authentic F1,0.9034838333333333,0.012906890603694656
Authentic Precision,1.0,0.0
Authentic Recall,0.958021978021978,0.01488072927248356
Synthetic F1,0.8907883523163467,0.016475161393595283
Synthetic Precision,0.9525356186836405,0.015895056324926965
Synthetic Recall,0.837087912087912,0.026801406088846486
