Metric,Mean,Standard Deviation
Overall F1,0.9531840079691802,0.008974927645303036
Overall Precision,0.9538170334729443,0.008874554609920449
Overall Recall,0.9532016925246825,0.008968420095115271
Authentic F1,0.9540450000000001,0.008733007222687675
Authentic Precision,1.0,0.0
Authentic Recall,0.9699154929577465,0.010569344358928546
Synthetic F1,0.9523201589352043,0.009233291600621358
Synthetic Precision,0.9688809264274079,0.010663043312146136
Synthetic Recall,0.9364406779661018,0.01330742934945371
