Metric,Mean,Standard Deviation
Overall F1,0.6224307948543722,0.026765165032587156
Overall Precision,0.694006639264866,0.023325073829490776
Overall Recall,0.6460749999999998,0.021693616689028715
Authentic F1,0.7163092999999999,0.01476861347417201
Authentic Precision,1.0,0.0
Authentic Recall,0.8933,0.023934042363094134
Synthetic F1,0.528553051286675,0.04165504239353508
Synthetic Precision,0.789812134087597,0.03539397860538103
Synthetic Recall,0.39885000000000004,0.04460180161238677
