Metric,Mean,Standard Deviation
Overall F1,0.7693263667168229,0.022562411052407458
Overall Precision,0.7709774055356996,0.022661374804327037
Overall Recall,0.7696153846153845,0.022534931462692857
Authentic F1,0.7628495,0.023859587970694568
Authentic Precision,1.0,0.0
Authentic Recall,0.7416410256410255,0.031861640464873296
Synthetic F1,0.775803034972282,0.02236376793234032
Synthetic Precision,0.7557938926986861,0.024443585432398225
Synthetic Recall,0.7975897435897435,0.030729967178511945
