Metric,Mean,Standard Deviation
Overall F1,0.965654180676593,0.00920237550861413
Overall Precision,0.9658110501797486,0.009151138703589188
Overall Recall,0.965657336726039,0.009200353313393516
Authentic F1,0.9657533,0.009232032868203984
Authentic Precision,1.0,0.0
Authentic Recall,0.9663282571912013,0.013540976192804683
Synthetic F1,0.9655547193073177,0.009186343956984231
Synthetic Precision,0.9662870494560007,0.013051515113052971
Synthetic Recall,0.9649829931972788,0.012319878935063682
