Metric,Mean,Standard Deviation
Overall F1,0.9384454773403736,0.013423313838111163
Overall Precision,0.9420116966657596,0.01204471082056948
Overall Recall,0.938577777777778,0.013340837724646202
Authentic F1,0.9411465999999999,0.012273383242913287
Authentic Precision,1.0,0.0
Authentic Recall,0.9803111111111112,0.01176599959369138
Synthetic F1,0.9357454728158535,0.01461755232024482
Synthetic Precision,0.9787103538856828,0.012399077951574756
Synthetic Recall,0.8968444444444443,0.025663362994226162
