Metric,Mean,Standard Deviation
Overall F1,0.9046912818948539,0.0077216911575992515
Overall Precision,0.9049216895585629,0.007711956927654495
Overall Recall,0.9047041666666666,0.007719836701579314
Authentic F1,0.9039292,0.00788081082479978
Authentic Precision,1.0,0.0
Authentic Recall,0.8967583333333334,0.011829088936119551
Synthetic F1,0.9054530260552673,0.007646692511996588
Synthetic Precision,0.8984922573663587,0.010437071239975093
Synthetic Recall,0.91265,0.011067013273819785
