,Key,Count,Mean Score
0,i,200,0.0806164504747176
1,you,200,0.04407343522524587
2,here,200,0.03877452377893199
3,TTR,200,0.03788364869073106
4,a,200,0.027383764059345287
5,but,200,0.02424560839777276
6,just,199,0.026792789298722055
7,sentiment,162,0.019962962575397234
8,the,154,0.02004123595161784
9,so,123,0.020403916697331503
10,my,104,0.01972939449729472
11,DT,46,0.019094641372664013
12,do,4,0.01930933626630195
14,NN,4,0.01763452671204811
13,RB,3,0.017967115294151747
15,JJS,1,0.017467673815643885
