Metric,Mean,Standard Deviation
Overall F1,0.47410088189728106,0.026824871942380615
Overall Precision,0.6008408204041931,0.03195721376172485
Overall Recall,0.5457,0.01500875165570496
Authentic F1,0.6673296000000001,0.01103235919163863
Authentic Precision,1.0,0.0
Authentic Recall,0.9117500000000001,0.031665669840769926
Synthetic F1,0.28087180161053804,0.051934049724034544
Synthetic Precision,0.6751175865454629,0.057744181866545584
Synthetic Recall,0.17965,0.042612032966467976
