Metric,Mean,Standard Deviation
Overall F1,0.8727397929281104,0.016779079077272014
Overall Precision,0.8733990592768887,0.016758588898174432
Overall Recall,0.8727962489343564,0.016767809439985834
Authentic F1,0.8745374333333332,0.016789780229235947
Authentic Precision,1.0,0.0
Authentic Recall,0.8847789115646258,0.0240050044669442
Synthetic F1,0.870933536950414,0.017049110211184916
Synthetic Precision,0.8818700034259128,0.02187629027589061
Synthetic Recall,0.8607521367521368,0.023077297859092877
