Metric,Mean,Standard Deviation
Overall F1,0.48921418468620326,0.029702818227557885
Overall Precision,0.4946963145448293,0.02847957943224471
Overall Recall,0.49542499999999995,0.026671531279776207
Authentic F1,0.5350666000000001,0.030235383152588596
Authentic Precision,0.41,0.4943110704237103
Authentic Recall,0.58335,0.06042799789247472
Synthetic F1,0.44336164553360524,0.056783956683114464
Synthetic Precision,0.49245130859181385,0.03474892890817665
Synthetic Recall,0.4074999999999999,0.07756229168164831
