Metric,Mean,Standard Deviation
Overall F1,0.8558289433567596,0.015340131432964331
Overall Precision,0.868734532988512,0.013947973411617203
Overall Recall,0.8570000000000002,0.015037831081521154
Authentic F1,0.8686628000000002,0.013046044571037415
Authentic Precision,1.0,0.0
Authentic Recall,0.9452000000000002,0.014370986484067537
Synthetic F1,0.8429952907137106,0.017837462843613514
Synthetic Precision,0.9336567270524561,0.01652251901442753
Synthetic Recall,0.7688000000000001,0.025654266977277185
