Metric,Mean,Standard Deviation
Overall F1,0.8370207355307552,0.028941832489957096
Overall Precision,0.8416798055234487,0.02494169101416468
Overall Recall,0.8376250000000001,0.028229254025359637
Authentic F1,0.8442597,0.022853399519678914
Authentic Precision,1.0,0.0
Authentic Recall,0.8769500000000001,0.02838137638051626
Synthetic F1,0.829782035242599,0.035885282945951544
Synthetic Precision,0.8673310395785634,0.024107615814911068
Synthetic Recall,0.7983000000000001,0.06346167219971309
