Metric,Mean,Standard Deviation
Overall F1,0.8324395194116823,0.019981374811582932
Overall Precision,0.8445139175600438,0.018215286990078655
Overall Recall,0.8337886597938144,0.019513044705295416
Authentic F1,0.8470725000000001,0.01674752389475385
Authentic Precision,1.0,0.0
Authentic Recall,0.9198797250859106,0.020381085734812357
Synthetic F1,0.8178067814872977,0.023685862511714735
Synthetic Precision,0.9036402581720644,0.02239406209841065
Synthetic Recall,0.7476975945017181,0.034506526649200654
