Metric,Mean,Standard Deviation
Overall F1,0.3685418006285703,0.014924191274162923
Overall Precision,0.6881994163340157,0.0727973429544726
Overall Recall,0.514525,0.008014310117949437
Authentic F1,0.6721279,0.0043551386796739176
Authentic Precision,0.97,0.1714466079977653
Authentic Recall,0.99515,0.005097781256328461
Synthetic F1,0.06495648704041988,0.025998940338513247
Synthetic Precision,0.8689705572205573,0.14272715439076597
Synthetic Recall,0.0339,0.013990978334179307
