Metric,Mean,Standard Deviation
Overall F1,0.34104327824710745,0.007468106453967088
Overall Precision,0.5010839099865657,0.1662016050484636
Overall Recall,0.50045,0.004877023019768665
Authentic F1,0.6651351999999998,0.003361890846027883
Authentic Precision,0.39,0.4902071300001973
Authentic Recall,0.9922500000000001,0.006251262498750384
Synthetic F1,0.01695261709955896,0.01274834809742158
Synthetic Precision,0.5019404761904762,0.3303297671621645
Synthetic Recall,0.008650000000000001,0.006546454048266177
