Metric,Mean,Standard Deviation
Overall F1,0.7370393642154413,0.03181822085051048
Overall Precision,0.7941084553198778,0.022262577404444473
Overall Recall,0.7478030935623683,0.027854783338615196
Authentic F1,0.6845665346534654,0.045466551605232684
Authentic Precision,1.0,0.0
Authentic Recall,0.5515527456360094,0.05809643947756672
Synthetic F1,0.7895122532825536,0.019260774553432027
Synthetic Precision,0.6791318107042745,0.027708990764620165
Synthetic Recall,0.944053441488727,0.021925338042931636
