domain,mean,min,max,std
GPA2Bench_overall,0.7478030935623683,0.6927710843373494,0.8253012048192772,0.027854783338615196
