Metric,Mean,Standard Deviation
Overall F1,0.9442294969803181,0.011165611193862878
Overall Precision,0.9444630625912319,0.0111369344715639
Overall Recall,0.944236842105263,0.011162932819835216
Authentic F1,0.9440534,0.011194400044827616
Authentic Precision,1.0,0.0
Authentic Recall,0.9409473684210526,0.015102548255875084
Synthetic F1,0.9444058197652148,0.011173277720764882
Synthetic Precision,0.9415214422130398,0.014101014086102676
Synthetic Recall,0.9475263157894739,0.016034864362457685
