Metric,Mean,Standard Deviation
Overall F1,0.9369552371059914,0.014623470036651532
Overall Precision,0.9432037779017272,0.012103231194116403
Overall Recall,0.9371929824561402,0.014477372707120514
Authentic F1,0.9407197666666667,0.013000262781453492
Authentic Precision,1.0,0.0
Authentic Recall,0.9938847117794487,0.006896393728294099
Synthetic F1,0.9331911154371437,0.016266530694543462
Synthetic Precision,0.9931622725206337,0.007619493215202788
Synthetic Recall,0.880501253132832,0.028302240194961494
