Metric,Mean,Standard Deviation
Overall F1,0.9151514165086172,0.016628802851761233
Overall Precision,0.9248192707013153,0.013119835193699893
Overall Recall,0.91565,0.016347782724271818
Authentic F1,0.9215032,0.014157181557660613
Authentic Precision,1.0,0.0
Authentic Recall,0.9875999999999999,0.007768103651692249
Synthetic F1,0.9087994732518141,0.01912934701320337
Synthetic Precision,0.985593423160578,0.008889474640824669
Synthetic Recall,0.8437,0.03223665646747535
