Metric,Mean,Standard Deviation
Overall F1,0.9029421769384757,0.01528159790552156
Overall Precision,0.9047463528780846,0.014816103234864987
Overall Recall,0.90305,0.015232126469002185
Authentic F1,0.9000968,0.016297806748396565
Authentic Precision,1.0,0.0
Authentic Recall,0.8745499999999999,0.02521718790144069
Synthetic F1,0.9057877410391448,0.014413846373216842
Synthetic Precision,0.881783779286629,0.020964502387893498
Synthetic Recall,0.93155,0.017932181443235797
