Metric,Mean,Standard Deviation
Overall F1,0.9680472821636016,0.007618889596024513
Overall Precision,0.9682018235369161,0.007594865945155756
Overall Recall,0.96805,0.00761759658801763
Authentic F1,0.9680451999999999,0.007546129850272373
Authentic Precision,1.0,0.0
Authentic Recall,0.9675499999999999,0.010552777412184494
Synthetic F1,0.968049135129062,0.007703572646048926
Synthetic Precision,0.9677073454627632,0.010234462396477826
Synthetic Recall,0.96855,0.012974236319753396
