Metric,Mean,Standard Deviation
Overall F1,0.9847032585635426,0.010267145702881113
Overall Precision,0.9849611877197352,0.010059034093526544
Overall Recall,0.9847058823529411,0.010263629875491953
Authentic F1,0.9847158333333335,0.010301456612214294
Authentic Precision,1.0,0.0
Authentic Recall,0.9809090909090908,0.016501591255811854
Synthetic F1,0.984689204251931,0.010239344453958087
Synthetic Precision,0.9810834034835356,0.01601217981004002
Synthetic Recall,0.9885526315789476,0.013178341796381164
