,Key,Count,Mean Score
0,TTR,300,0.22573963420159282
1,the,300,0.08150234775861999
2,and,300,0.05966588928685664
3,of,300,0.05669184149524989
4,to,300,0.046781555775781955
5,DT,300,0.04970932369547473
7,mean_sen_len,299,0.032124893135773935
6,or,297,0.0339944461074838
9,lex_density,287,0.030174228070150636
8,a,254,0.0267641841233336
10,RB,36,0.0229162200368394
11,we,27,0.02317708339556554
