Metric,Mean,Standard Deviation
Overall F1,0.9432925708433857,0.011246942613951353
Overall Precision,0.9462125975698489,0.010326992012760699
Overall Recall,0.9433834586466167,0.011197571795144629
Authentic F1,0.9411915,0.01207214695365771
Authentic Precision,1.0,0.0
Authentic Recall,0.9054000000000002,0.020408455367936364
Synthetic F1,0.9454039641662483,0.010443462816534212
Synthetic Precision,0.9120158124891631,0.01735958013020743
Synthetic Recall,0.9815577889447237,0.009716161747738943
