Metric,Mean,Standard Deviation
Overall F1,0.9706526333238511,0.008401201443260493
Overall Precision,0.9721919976420177,0.007575480681017106
Overall Recall,0.9706800766283525,0.00837961177850014
Authentic F1,0.9715135999999999,0.00792969152820219
Authentic Precision,1.0,0.0
Authentic Recall,0.9977011494252872,0.003671090347814471
Synthetic F1,0.9697925164096101,0.008874971812233729
Synthetic Precision,0.997592099332011,0.003837126657553216
Synthetic Recall,0.9436590038314179,0.016794779297956
