Metric,Mean,Standard Deviation
Overall F1,0.9681629333030428,0.008934625327407448
Overall Precision,0.9696435072864691,0.008149485772662432
Overall Recall,0.9681940700808624,0.008910911357199403
Authentic F1,0.9691574,0.008412261447831174
Authentic Precision,1.0,0.0
Authentic Recall,0.9946774193548386,0.00480236887254955
Synthetic F1,0.9671633890395632,0.009463606366983152
Synthetic Precision,0.9943742397331617,0.005042015682180517
Synthetic Recall,0.9415675675675675,0.01731119766343244
