Metric,Mean,Standard Deviation
Overall F1,0.5526892951561655,0.032429499630150134
Overall Precision,0.6649688524858561,0.03518081630678596
Overall Recall,0.5983499999999999,0.024335149371834463
Authentic F1,0.6950645,0.015978533160765945
Authentic Precision,1.0,0.0
Authentic Recall,0.9152000000000001,0.0256030301237012
Synthetic F1,0.4103142590798759,0.05219084862166959
Synthetic Precision,0.769382019319549,0.05804250513146479
Synthetic Recall,0.2815,0.046190755120325305
