Metric,Mean,Standard Deviation
Overall F1,0.8892063304338533,0.01704696666356807
Overall Precision,0.889827763947293,0.017015862552166968
Overall Recall,0.8892483660130722,0.017034138087712543
Authentic F1,0.8900882000000001,0.016826679355755676
Authentic Precision,1.0,0.0
Authentic Recall,0.8969934640522876,0.023631885890048904
Synthetic F1,0.8883241507251489,0.017502602579222145
Synthetic Precision,0.895837206378497,0.02168999628531644
Synthetic Recall,0.8815032679738565,0.025553766545507384
