Metric,Mean,Standard Deviation
Overall F1,0.9209430908607953,0.012029814450676824
Overall Precision,0.92162678392065,0.011889606979542135
Overall Recall,0.920975,0.012017952690399765
Authentic F1,0.9221921999999998,0.011693765547798064
Authentic Precision,1.0,0.0
Authentic Recall,0.9363499999999999,0.015206574202952421
Synthetic F1,0.9196941085547734,0.012446679179440829
Synthetic Precision,0.9345427932098666,0.014649310685584692
Synthetic Recall,0.9056000000000001,0.019099420901898548
