Metric,Mean,Standard Deviation
Overall F1,0.7627112996863837,0.018964185565293234
Overall Precision,0.7635132316181592,0.01896039200447433
Overall Recall,0.7628595600676819,0.018940744176318816
Authentic F1,0.7627407333333334,0.019747740875718855
Authentic Precision,1.0,0.0
Authentic Recall,0.7629441624365483,0.031027315768953952
Synthetic F1,0.7626819531240233,0.02002077499402775
Synthetic Precision,0.7635394093708444,0.022925434343125356
Synthetic Recall,0.7627749576988155,0.03162110828883949
