Metric,Mean,Standard Deviation
Overall F1,0.8988501492528607,0.012291271858059618
Overall Precision,0.9011946409271296,0.011909005178354698
Overall Recall,0.8989985895627643,0.012241686196064491
Authentic F1,0.9026308999999999,0.011485991915935228
Authentic Precision,1.0,0.0
Authentic Recall,0.9346478873239438,0.013206371049638038
Synthetic F1,0.8950585463529268,0.013190934312384148
Synthetic Precision,0.9295655945718567,0.01354587791691702
Synthetic Recall,0.8632485875706215,0.01899474191126236
