Metric,Mean,Standard Deviation
Overall F1,0.3480677877021522,0.007901739618839828
Overall Precision,0.6285921997151686,0.11959929307392331
Overall Recall,0.50445,0.004586156155521556
Authentic F1,0.6673476999999999,0.003174068814374356
Authentic Precision,0.79,0.40936018074033237
Authentic Recall,0.9941500000000001,0.0065925807702387155
Synthetic F1,0.02878935188336835,0.014267093590437874
Synthetic Precision,0.7549347041847041,0.2374899323482805
Synthetic Recall,0.014750000000000001,0.007432354875132039
