Metric,Mean,Standard Deviation
Overall F1,0.9550934728156751,0.009897485280903544
Overall Precision,0.9580366900793653,0.008616438402617728
Overall Recall,0.9551714285714286,0.00984476500797529
Authentic F1,0.9569013,0.009084440427945411
Authentic Precision,1.0,0.0
Authentic Recall,0.9934857142857143,0.00568651259378568
Synthetic F1,0.9532860615524291,0.010719574483611837
Synthetic Precision,0.9929940604291023,0.006071754018704041
Synthetic Recall,0.9168571428571428,0.019515889006834056
