Metric,Mean,Standard Deviation
Overall F1,0.9469112388661718,0.012766397938928023
Overall Precision,0.947770335582391,0.012517750234944806
Overall Recall,0.9469382022471912,0.01275043888346183
Authentic F1,0.9478553000000001,0.012361598279765568
Authentic Precision,1.0,0.0
Authentic Recall,0.963876404494382,0.016034937765878256
Synthetic F1,0.9459678374372374,0.013215727726506222
Synthetic Precision,0.9628762822059711,0.015957810789003282
Synthetic Recall,0.9300000000000003,0.020828880749010206
