Metric,Mean,Standard Deviation
Overall F1,0.9160962979271122,0.012738170569687476
Overall Precision,0.9166680965458717,0.012608361896511532
Overall Recall,0.9161250000000001,0.012724623191023595
Authentic F1,0.9151772,0.013268441337065614
Authentic Precision,1.0,0.0
Authentic Recall,0.9056500000000001,0.021539897207674227
Synthetic F1,0.9170158352955918,0.012327689507076271
Synthetic Precision,0.9080095514006036,0.018978119553023528
Synthetic Recall,0.9266000000000002,0.017347895980478274
