Metric,Mean,Standard Deviation
Overall F1,0.7611566342604976,0.021788026306625765
Overall Precision,0.762087047628167,0.021748907524475593
Overall Recall,0.7613316582914573,0.021749712327352694
Authentic F1,0.7645230333333334,0.021860829215261217
Authentic Precision,1.0,0.0
Authentic Recall,0.7753098827470687,0.03090509534755735
Synthetic F1,0.7577904074433106,0.02311741755315127
Synthetic Precision,0.7693952674630629,0.02526830475762575
Synthetic Recall,0.7473534338358458,0.032436660241374725
