Metric,Mean,Standard Deviation
Overall F1,0.5489266206825146,0.0217906574021808
Overall Precision,0.5710533400463238,0.02369977858229998
Overall Recall,0.5630150753768844,0.020644138220005423
Authentic F1,0.6280064,0.021088487333618837
Authentic Precision,1.0,0.0
Authentic Recall,0.7350500000000001,0.039673509722954615
Synthetic F1,0.4690481917982623,0.03223794930982015
Synthetic Precision,0.5935836603781279,0.03296443542916673
Synthetic Recall,0.38924242424242417,0.038512068390403456
