Metric,Mean,Standard Deviation
Overall F1,0.505520193385038,0.033584956668274685
Overall Precision,0.622630434017369,0.035149193608627165
Overall Recall,0.56475,0.022229007802391627
Authentic F1,0.6759442999999998,0.013705032273076213
Authentic Precision,1.0,0.0
Authentic Recall,0.9077,0.02644242840969831
Synthetic F1,0.3350966425602961,0.05824087782589535
Synthetic Precision,0.7065069268003792,0.05926944091409571
Synthetic Recall,0.22179999999999997,0.048359554016207236
