Metric,Mean,Standard Deviation
Overall F1,0.9652195833710688,0.006885715148160335
Overall Precision,0.9654883669187817,0.006837643818642842
Overall Recall,0.9652247191011236,0.006883831776413541
Authentic F1,0.9655758,0.006806188090497673
Authentic Precision,1.0,0.0
Authentic Recall,0.9753370786516854,0.008861062295371518
Synthetic F1,0.9648634067615975,0.006973176202301619
Synthetic Precision,0.974896766852978,0.008775727561865464
Synthetic Recall,0.9551123595505618,0.009820145246661395
