Metric,Mean,Standard Deviation
Overall F1,0.4484739972821766,0.02659385705473173
Overall Precision,0.4533133100379686,0.028587539556421543
Overall Recall,0.4603598971722365,0.02682435509528744
Authentic F1,0.5301288000000001,0.034725603231010635
Authentic Precision,0.14,0.348735088019777
Authentic Recall,0.59495,0.06208293166435042
Synthetic F1,0.3620667018696971,0.044710097536799664
Synthetic Precision,0.42556742663488495,0.037113974908489826
Synthetic Recall,0.31793650793650785,0.05579791941143263
