Metric,Mean,Standard Deviation
Overall F1,0.9152184062320845,0.013910683696633303
Overall Precision,0.9188571122577704,0.01336430498614987
Overall Recall,0.9153999999999999,0.013847655966176221
Authentic F1,0.9189369,0.01294242227457184
Authentic Precision,1.0,0.0
Authentic Recall,0.9583999999999999,0.016482007330921963
Synthetic F1,0.9114992951983729,0.014981160412408432
Synthetic Precision,0.9547893082603907,0.01690588540167441
Synthetic Recall,0.8724,0.023714207479138688
