Metric,Mean,Standard Deviation
Overall F1,0.9874420905684023,0.005748162696544451
Overall Precision,0.9877843731476694,0.005474353691102
Overall Recall,0.9874451097804392,0.005744728643405905
Authentic F1,0.9876234333333332,0.005599044221968083
Authentic Precision,1.0,0.0
Authentic Recall,0.9993812375249501,0.0021289952131969786
Synthetic F1,0.9872614975315791,0.0058985600132474975
Synthetic Precision,0.9993707931816327,0.0021639348203767827
Synthetic Recall,0.9755089820359282,0.011298870898530154
