Metric,Mean,Standard Deviation
Overall F1,0.8492241943894294,0.017893674216131174
Overall Precision,0.8556193050210378,0.017352363489046993
Overall Recall,0.84985,0.017712704451604767
Authentic F1,0.8585387000000001,0.016180082821515816
Authentic Precision,1.0,0.0
Authentic Recall,0.9109999999999999,0.021649177090293032
Synthetic F1,0.8399101271806977,0.020012987302876106
Synthetic Precision,0.8990524708496723,0.02235399166631088
Synthetic Recall,0.7887,0.028662261818029163
