Metric,Mean,Standard Deviation
Overall F1,0.9604645931005817,0.009461150198872318
Overall Precision,0.9629699365915989,0.008397131700454535
Overall Recall,0.9605228758169934,0.00942324600938578
Authentic F1,0.9619303333333332,0.008797639195085919
Authentic Precision,1.0,0.0
Authentic Recall,0.9956209150326797,0.005661306307178262
Synthetic F1,0.9589984606768165,0.010132111891852919
Synthetic Precision,0.9953373911040331,0.005971390981860027
Synthetic Recall,0.9254248366013071,0.01858884070543449
