Metric,Mean,Standard Deviation
Overall F1,0.35509472320049723,0.014564393759943698
Overall Precision,0.6126874828595493,0.11896714868897992
Overall Recall,0.5070499999999999,0.006764247963007457
Authentic F1,0.6680875999999999,0.0036023326112984404
Authentic Precision,0.8,0.4020151261036849
Authentic Recall,0.9921999999999999,0.006938401411089893
Synthetic F1,0.04210311026239804,0.02682914052986698
Synthetic Precision,0.7217760850260848,0.23580370649292273
Synthetic Recall,0.021900000000000003,0.014386090363945166
