Metric,Mean,Standard Deviation
Overall F1,0.7317752805841532,0.021715569138320286
Overall Precision,0.7328970192611977,0.021749993508004488
Overall Recall,0.7320268006700168,0.02168018095504802
Authentic F1,0.7363017666666667,0.022461205824767377
Authentic Precision,1.0,0.0
Authentic Recall,0.7489112227805695,0.033690354293819294
Synthetic F1,0.7272486958653431,0.0231197273901849
Synthetic Precision,0.7408145389412841,0.025945365868572115
Synthetic Recall,0.715142378559464,0.03323464717685771
