Metric,Mean,Standard Deviation
Overall F1,0.9581491928569958,0.009786188125848937
Overall Precision,0.9591063808449295,0.009425517147415186
Overall Recall,0.958170426065163,0.009772695025130812
Authentic F1,0.9573626666666668,0.010171894728290973
Authentic Precision,1.0,0.0
Authentic Recall,0.9381000000000003,0.01702025156132251
Synthetic F1,0.9589393351754592,0.009415423585258582
Synthetic Precision,0.9404663054565757,0.015422637743102778
Synthetic Recall,0.9783417085427136,0.010258880604151354
