Metric,Mean,Standard Deviation
Overall F1,0.9233470781513882,0.01298080648097065
Overall Precision,0.925436801818748,0.012401298027416095
Overall Recall,0.9234361610968294,0.012935673266104562
Authentic F1,0.9210658333333334,0.013850831965119478
Authentic Precision,1.0,0.0
Authentic Recall,0.8923076923076925,0.022547256927953382
Synthetic F1,0.925639985927892,0.012184716226107202
Synthetic Precision,0.8985676748792846,0.019026228279897608
Synthetic Recall,0.954725085910653,0.014404505989330055
