Metric,Mean,Standard Deviation
Overall F1,0.33845748661443203,0.00680718435154949
Overall Precision,0.4275725451338483,0.13062040580857986
Overall Recall,0.4966249999999999,0.005439926748615552
Authentic F1,0.6619115000000001,0.00427079756821684
Authentic Precision,0.19,0.3942772444036625
Authentic Recall,0.98555,0.008930002771273347
Synthetic F1,0.015003645151054044,0.011525441253907132
Synthetic Precision,0.35685714285714293,0.25899937696650366
Synthetic Recall,0.0077,0.005963694875298079
