Metric,Mean,Standard Deviation
Overall F1,0.9579036706860586,0.011671001547598123
Overall Precision,0.9611261114013756,0.010113173071292211
Overall Recall,0.957986111111111,0.011610842271306515
Authentic F1,0.9597073999999999,0.010740504626709281
Authentic Precision,1.0,0.0
Authentic Recall,0.9979166666666667,0.003885981757706087
Synthetic F1,0.956099687043168,0.012605235191523359
Synthetic Precision,0.9977434181155419,0.004212518133353987
Synthetic Recall,0.9180555555555557,0.022572816591730428
