Metric,Mean,Standard Deviation
Overall F1,0.773425259260536,0.0181771572041426
Overall Precision,0.7800123025640957,0.018237628440275277
Overall Recall,0.7745822784810126,0.017994931787259246
Authentic F1,0.78905,0.01700723322055007
Authentic Precision,1.0,0.0
Authentic Recall,0.841313131313131,0.027147357397829204
Synthetic F1,0.7577213846234081,0.02077022592682036
Synthetic Precision,0.8167640672045086,0.02489798436562067
Synthetic Recall,0.70751269035533,0.030369390218383956
