Metric,Mean,Standard Deviation
Overall F1,0.7886151610345368,0.018773936642750573
Overall Precision,0.7990668662950796,0.016987108491154
Overall Recall,0.7902261306532662,0.018218360031619606
Authentic F1,0.7707495000000002,0.023101064883190418
Authentic Precision,1.0,0.0
Authentic Recall,0.7066834170854271,0.034362714066924004
Synthetic F1,0.8064804197512366,0.015357033071477056
Synthetic Precision,0.7492846837628012,0.02147025491248683
Synthetic Recall,0.8737688442211057,0.020679444886061975
