Metric,Mean,Standard Deviation
Overall F1,0.8918765237619636,0.015222007947217807
Overall Precision,0.8991350175122451,0.013577601630756978
Overall Recall,0.8923575129533675,0.015013245812360722
Authentic F1,0.8988746000000001,0.013284815241470236
Authentic Precision,1.0,0.0
Authentic Recall,0.9558031088082902,0.014402247271596814
Synthetic F1,0.8848788775782356,0.017304651248847988
Synthetic Precision,0.9496148601347011,0.015534148160961806
Synthetic Recall,0.8289119170984455,0.027317827117524028
