Metric,Mean,Standard Deviation
Overall F1,0.9397632764984727,0.013196042529314155
Overall Precision,0.9429745515948091,0.011799545169724484
Overall Recall,0.9398809523809524,0.01311440777914234
Authentic F1,0.9422588666666667,0.012052553957781717
Authentic Precision,1.0,0.0
Authentic Recall,0.9790714285714285,0.011621710693484031
Synthetic F1,0.9372680008995371,0.014383914122908905
Synthetic Precision,0.9774911291021768,0.012049707321869874
Synthetic Recall,0.9006904761904762,0.025870275477415473
