Metric,Mean,Standard Deviation
Overall F1,0.9579651173928008,0.00998574071605394
Overall Precision,0.958363171221877,0.009830912858909862
Overall Recall,0.957975,0.009979113288273772
Authentic F1,0.9584906,0.009716563991348987
Authentic Precision,1.0,0.0
Authentic Recall,0.9696499999999999,0.01045082278912513
Synthetic F1,0.9574404611955509,0.010267956934159148
Synthetic Precision,0.9690056992289807,0.010477640085252895
Synthetic Recall,0.9463000000000001,0.015676979197781566
