Metric,Mean,Standard Deviation
Overall F1,0.8252044720304711,0.005704387972240763
Overall Precision,0.8310373252039444,0.005678025064393448
Overall Recall,0.8258580898153257,0.005648194458554124
Authentic F1,0.8356216666666666,0.0052172632565434035
Authentic Precision,1.0,0.0
Authentic Recall,0.8874359812574916,0.008388993103248499
Synthetic F1,0.814828971851092,0.006618006472765714
Synthetic Precision,0.8722963804872712,0.008041758492727556
Synthetic Recall,0.7645585083299615,0.010009782186955004
