domain,mean,min,max,std
RAID_overall_random_forest,0.8258580898153258,0.8131868131868132,0.8406593406593407,0.005648194458554124
