Metric,Mean,Standard Deviation
Overall F1,0.3831650019576152,0.024317805928273355
Overall Precision,0.38353428982519133,0.024501039469946802
Overall Recall,0.3846750000000001,0.02428174013616825
Authentic F1,0.37642719999999996,0.03733261533616931
Authentic Precision,0.0,0.0
Authentic Recall,0.3736,0.051630388045190684
Synthetic F1,0.3899028568652538,0.03982051911873185
Synthetic Precision,0.3858965359806964,0.027226557774406773
Synthetic Recall,0.39575000000000005,0.056579143639237724
