Metric,Mean,Standard Deviation
Overall F1,0.9817956875545474,0.004674769013198277
Overall Precision,0.981852263446452,0.004666373132742506
Overall Recall,0.9817963224893917,0.004674531585175118
Authentic F1,0.9818796999999998,0.004651296648801439
Authentic Precision,1.0,0.0
Authentic Recall,0.9849717514124292,0.006308659575417266
Synthetic F1,0.9817117372460146,0.004700255952917693
Synthetic Precision,0.9848696722121761,0.006259388304474249
Synthetic Recall,0.9786118980169972,0.006534463996760253
