Metric,Mean,Standard Deviation
Overall F1,0.43936758768321593,0.025774904154192854
Overall Precision,0.5538170285249914,0.04121534750132693
Overall Recall,0.5219499999999999,0.01672180273979714
Authentic F1,0.6539723999999998,0.013053973668015903
Authentic Precision,0.87,0.3379976689896311
Authentic Recall,0.9039000000000001,0.030256312472679892
Synthetic F1,0.22476293206086104,0.04740133688020922
Synthetic Precision,0.5951291172207118,0.07357268371446947
Synthetic Recall,0.14000000000000004,0.03493139018421712
