Metric,Mean,Standard Deviation
Overall F1,0.5098102355704572,0.026664573171200332
Overall Precision,0.6134493277609077,0.03156593400202401
Overall Recall,0.5638000000000001,0.019386030584371352
Authentic F1,0.6720382999999999,0.013371964872656354
Authentic Precision,1.0,0.0
Authentic Recall,0.89385,0.024637318741037455
Synthetic F1,0.34758252712520465,0.04449220454956461
Synthetic Precision,0.688288767017132,0.05266509784492239
Synthetic Recall,0.23375,0.03737183485466081
