Metric,Mean,Standard Deviation
Overall F1,0.44153675823138167,0.024844883623526968
Overall Precision,0.47103179297546477,0.0280025336628794
Overall Recall,0.4791250000000001,0.020236527504849864
Authentic F1,0.5849513,0.020192167030906826
Authentic Precision,0.14,0.348735088019777
Authentic Recall,0.7351499999999999,0.041666393938501384
Synthetic F1,0.29812279528737795,0.04498456492524988
Synthetic Precision,0.4558911286077918,0.04295454510112548
Synthetic Recall,0.2231,0.042597363222802345
