Metric,Mean,Standard Deviation
Overall F1,0.9335165191949738,0.01257071193426249
Overall Precision,0.9345581145371199,0.012264188020205916
Overall Recall,0.9335576923076924,0.012549378162384507
Authentic F1,0.9348519999999999,0.01207696053473621
Authentic Precision,1.0,0.0
Authentic Recall,0.9528205128205128,0.016106890640300266
Synthetic F1,0.9321813231244569,0.0131403417292137
Synthetic Precision,0.9512231908119108,0.015812334084668568
Synthetic Recall,0.9142948717948718,0.021841195039551998
