Metric,Mean,Standard Deviation
Overall F1,0.8851974812064616,0.01657176053488582
Overall Precision,0.8909728923478686,0.015453461353539186
Overall Recall,0.8856084656084657,0.01641650562454818
Authentic F1,0.8918455999999999,0.014822348763562638
Authentic Precision,1.0,0.0
Authentic Recall,0.9423809523809525,0.015682951654148722
Synthetic F1,0.8785491281317104,0.018459237884921306
Synthetic Precision,0.9351896299050495,0.016846028011149383
Synthetic Recall,0.8288359788359788,0.02757374850963237
