Metric,Mean,Standard Deviation
Overall F1,0.8576700427818968,0.016133793425167235
Overall Precision,0.8765249084729423,0.013475553267404359
Overall Recall,0.8593798449612404,0.015608008903100077
Authentic F1,0.8732381666666666,0.012949766244667402
Authentic Precision,1.0,0.0
Authentic Recall,0.965274914089347,0.013543727653791126
Synthetic F1,0.8420211199353345,0.019544723711344848
Synthetic Precision,0.9559659533890128,0.01648506131693325
Synthetic Recall,0.7529360967184802,0.0292716809267659
