Metric,Mean,Standard Deviation
Overall F1,0.8718565197944004,0.014020832714886378
Overall Precision,0.8724037952221221,0.013936967424892309
Overall Recall,0.8719010416666666,0.01400526821091199
Authentic F1,0.8725579,0.014319784596808357
Authentic Precision,1.0,0.0
Authentic Recall,0.8775520833333332,0.023532239311250515
Synthetic F1,0.8711551490784166,0.014109829311973363
Synthetic Precision,0.8766712400993331,0.020348270493941042
Synthetic Recall,0.8662500000000002,0.021441052094686212
