Metric,Mean,Standard Deviation
Overall F1,0.8791090652134906,0.014608959313479627
Overall Precision,0.8918136464831586,0.011718922524906849
Overall Recall,0.8800250626566417,0.014229642971185497
Authentic F1,0.8689458000000001,0.017380840907926944
Authentic Precision,1.0,0.0
Authentic Recall,0.7951500000000001,0.02797414932224088
Synthetic F1,0.8893237745002387,0.011957228357256672
Synthetic Precision,0.8246869043704967,0.019387570922549033
Synthetic Recall,0.9653266331658291,0.011030330258245435
