Metric,Mean,Standard Deviation
Overall F1,0.4338730648804387,0.02182122523390149
Overall Precision,0.5642741315470899,0.03627844489419411
Overall Recall,0.52335,0.013296445184539164
Authentic F1,0.6585578,0.010112534734055295
Authentic Precision,0.93,0.2564323999762428
Authentic Recall,0.9196000000000001,0.02445032068947525
Synthetic F1,0.2091880919225159,0.04081889489957744
Synthetic Precision,0.6154739222441686,0.06589020667411032
Synthetic Recall,0.1271,0.02912165357720449
