Metric,Mean,Standard Deviation
Overall F1,0.3694941895262507,0.018790154454943583
Overall Precision,0.45073201997682455,0.05411799357234192
Overall Recall,0.48789999999999983,0.01398827069982981
Authentic F1,0.6425154,0.01143336013955688
Authentic Precision,0.13,0.33799766898963113
Authentic Recall,0.9207000000000001,0.023974102188769764
Synthetic F1,0.09647259200336411,0.03302864267488968
Synthetic Precision,0.4079778361748302,0.10113035693273947
Synthetic Recall,0.05510000000000001,0.019987117062869483
