Metric,Mean,Standard Deviation
Overall F1,0.9113031643903584,0.015282843902390687
Overall Precision,0.9164587136364333,0.014008773186917796
Overall Recall,0.9115789473684209,0.015152223394846228
Authentic F1,0.9160461999999999,0.013730987059063223
Authentic Precision,1.0,0.0
Authentic Recall,0.9635526315789475,0.014827014887145672
Synthetic F1,0.9065606780018948,0.016928536683437943
Synthetic Precision,0.9595738257324711,0.01592606866819619
Synthetic Recall,0.859605263157895,0.027281906874513824
