Metric,Mean,Standard Deviation
Overall F1,0.9342957459561967,0.006661144034731162
Overall Precision,0.9367981104137509,0.006309176479153935
Overall Recall,0.934388111888112,0.00663613962425985
Authentic F1,0.9367185499999999,0.0062242029133886
Authentic Precision,1.0,0.0
Authentic Recall,0.9709440559440559,0.007003014942152833
Synthetic F1,0.9318733076486976,0.007123203342804485
Synthetic Precision,0.9687041257835679,0.007292262740328369
Synthetic Recall,0.8978321678321677,0.01143069920232462
