Metric,Mean,Standard Deviation
Overall F1,0.8979076094124351,0.015491533221278893
Overall Precision,0.9104586712728121,0.012623252932494519
Overall Recall,0.8986749999999999,0.015177630902020907
Authentic F1,0.9066408999999999,0.013031277532587253
Authentic Precision,1.0,0.0
Authentic Recall,0.9824999999999997,0.009279607271383376
Synthetic F1,0.8891736172661839,0.018002184439991825
Synthetic Precision,0.9790310728939892,0.010976548890971553
Synthetic Recall,0.81485,0.027901839119717987
