Metric,Mean,Standard Deviation
Overall F1,0.7732820434613582,0.021547587009669966
Overall Precision,0.7748463906109183,0.021605959645679854
Overall Recall,0.7735672514619883,0.02150993428117189
Authentic F1,0.7797529666666667,0.021597976095852414
Authentic Precision,1.0,0.0
Authentic Recall,0.8001666666666667,0.031236591326218015
Synthetic F1,0.7667790034748322,0.022732973407127963
Synthetic Precision,0.7887359060719364,0.026626092395939886
Synthetic Recall,0.7468341708542713,0.031026916025846073
