Metric,Mean,Standard Deviation
Overall F1,0.8682446916908577,0.016487960152767055
Overall Precision,0.8689030122555743,0.016455935157511908
Overall Recall,0.8682994923857869,0.016474343864841104
Authentic F1,0.8672065666666666,0.01680652427102236
Authentic Precision,1.0,0.0
Authentic Recall,0.8604230118443316,0.024893887547832918
Synthetic F1,0.8692829779625606,0.016554201198632226
Synthetic Precision,0.8630722955368848,0.020916607864299608
Synthetic Recall,0.8761759729272419,0.0249191286788891
