Metric,Mean,Standard Deviation
Overall F1,0.9212973676006544,0.013877496356151715
Overall Precision,0.9291818455556798,0.011337267537486024
Overall Recall,0.9216666666666666,0.013685776595863786
Authentic F1,0.9265703,0.012034933971387303
Authentic Precision,1.0,0.0
Authentic Recall,0.9865561694290977,0.00803026376964873
Synthetic F1,0.9160245051288151,0.015753749180281273
Synthetic Precision,0.9846418552564309,0.009024872647379207
Synthetic Recall,0.8567771639042358,0.026803216195182798
