Metric,Mean,Standard Deviation
Overall F1,0.9391547847208228,0.011137139810156382
Overall Precision,0.9397316261194575,0.011022433981472596
Overall Recall,0.9391749999999999,0.011129716115340974
Authentic F1,0.9384769,0.011440271831816699
Authentic Precision,1.0,0.0
Authentic Recall,0.9286,0.020026245405729552
Synthetic F1,0.9398327162766063,0.010904447902160571
Synthetic Precision,0.9304843937374165,0.018032884498345367
Synthetic Recall,0.9497499999999998,0.016211590192379527
