Metric,Mean,Standard Deviation
Overall F1,0.8654499164284541,0.01832020617793051
Overall Precision,0.8700878649220691,0.018055375323009236
Overall Recall,0.8658437499999999,0.018217691193222484
Authentic F1,0.8722414000000002,0.01701453401410605
Authentic Precision,1.0,0.0
Authentic Recall,0.9156875,0.023695361792016294
Synthetic F1,0.8586586106896383,0.01998663084668356
Synthetic Precision,0.9069302137192452,0.02381743869995463
Synthetic Recall,0.816,0.02972039312789735
