Metric,Mean,Standard Deviation
Overall F1,0.8985910612931867,0.01611449281214007
Overall Precision,0.9005033773451351,0.015700186098249327
Overall Recall,0.8987106918238994,0.016061385841618807
Authentic F1,0.9014253,0.01540361576698698
Authentic Precision,1.0,0.0
Authentic Recall,0.9260377358490566,0.022792766402921414
Synthetic F1,0.8957568856213333,0.017090722677971727
Synthetic Precision,0.9223326207402732,0.021532296973378925
Synthetic Recall,0.8713836477987422,0.02765930844925497
