Metric,Mean,Standard Deviation
Overall F1,0.8997333950377718,0.014135792574257866
Overall Precision,0.905846525201798,0.012967566274781923
Overall Recall,0.9001030927835051,0.013988215308095723
Authentic F1,0.9055849,0.01265909035739803
Authentic Precision,1.0,0.0
Authentic Recall,0.9574226804123712,0.01626116627226842
Synthetic F1,0.8938817824747345,0.015788973714084543
Synthetic Precision,0.952269819961022,0.017027632437372486
Synthetic Recall,0.8427835051546393,0.025908216565090892
