Metric,Mean,Standard Deviation
Overall F1,0.6000405960182827,0.028298572000467568
Overall Precision,0.6044134205382581,0.028544788115379645
Overall Recall,0.60215,0.02794072911422219
Authentic F1,0.5814795,0.03912834283328119
Authentic Precision,1.0,0.0
Authentic Recall,0.5562000000000001,0.0631821161245791
Synthetic F1,0.6186018078115588,0.03330856681456805
Synthetic Precision,0.5946069706115198,0.028384117459623166
Synthetic Recall,0.6481000000000001,0.06172102436354122
