Metric,Mean,Standard Deviation
Overall F1,0.3648082361577397,0.014087797088612556
Overall Precision,0.6630630889479155,0.07520146976271122
Overall Recall,0.511925,0.006852108353557244
Authentic F1,0.6704552000000001,0.0037104756100162207
Authentic Precision,0.94,0.23868325657594203
Authentic Recall,0.99295,0.006594112770670766
Synthetic F1,0.059162397067622975,0.02561394718405766
Synthetic Precision,0.820028630186239,0.1482027799494222
Synthetic Recall,0.030899999999999997,0.013878622468248123
