Metric,Mean,Standard Deviation
Overall F1,0.932107482993222,0.013307294714604326
Overall Precision,0.9327403433806175,0.013140813068964667
Overall Recall,0.9321329879101901,0.013294076304365878
Authentic F1,0.9311981666666668,0.013736490437420566
Authentic Precision,1.0,0.0
Authentic Recall,0.9192918825561311,0.02097779967042716
Synthetic F1,0.933016541129387,0.01294774846735479
Synthetic Precision,0.9216840044969831,0.01874590089628416
Synthetic Recall,0.9449740932642487,0.017089437435587104
