Metric,Mean,Standard Deviation
Overall F1,0.33691862251749766,0.007688956219160592
Overall Precision,0.3841812428521502,0.11625488761968447
Overall Recall,0.493725,0.00630150495091963
Authentic F1,0.6593397,0.0051164528540856066
Authentic Precision,0.1,0.30151134457776363
Authentic Recall,0.9799500000000001,0.011089511834489061
Synthetic F1,0.014497531719643157,0.013361486512549342
Synthetic Precision,0.27155339105339105,0.23012712046161382
Synthetic Recall,0.0075,0.006981215777883802
