Metric,Mean,Standard Deviation
Overall F1,0.8572361189198203,0.016514028371423926
Overall Precision,0.8753659542243188,0.014157043559552678
Overall Recall,0.8588888888888888,0.016025365081609635
Authentic F1,0.8725529000000001,0.01344728205011531
Authentic Precision,1.0,0.0
Authentic Recall,0.9627319587628866,0.014940551689572758
Synthetic F1,0.8418400973595231,0.019839335125196166
Synthetic Precision,0.9530230603678277,0.01786721979470295
Synthetic Recall,0.7545077720207253,0.029666746104175815
