domain,mean,min,max,std
M4_arxiv,0.818275,0.77,0.865,0.01745374478645505
M4_peerread,0.9321,0.8925,0.9725,0.012606716183419565
M4_reddit,0.9013,0.86,0.95,0.015186051547922578
M4_wikihow,0.87805,0.835,0.93,0.016566288636623443
M4_wikipedia,0.887325,0.845,0.9225,0.015963401165405722
