Metric,Mean,Standard Deviation
Overall F1,0.9238577369948812,0.013440338773110027
Overall Precision,0.9242441152883639,0.013379692483088526
Overall Recall,0.9238750000000002,0.013434159497867424
Authentic F1,0.9233129999999999,0.013659562566017604
Authentic Precision,1.0,0.0
Authentic Recall,0.91685,0.019275448873967347
Synthetic F1,0.9244029119316555,0.013300797265918575
Synthetic Precision,0.9182933455970812,0.017405069657286075
Synthetic Recall,0.9309000000000001,0.018193405398660226
