,Key,Count,Mean Score
0,lex_density,100,0.0838471942737503
1,DT,100,0.0826269231231924
2,TTR,100,0.06963161044320089
3,the,100,0.07041643672287695
4,NNS,100,0.05384163259290311
5,JJ,100,0.030132700228183554
7,see,99,0.02846861253012185
6,and,95,0.02389858640709023
8,VBP,76,0.022748344571949807
9,a,56,0.020846607399615722
10,was,46,0.021003176848806367
11,sentiment,21,0.020460448901175404
12,NN,4,0.018772825130603327
13,VBN,2,0.01926402387956264
14,VBD,1,0.02034599890143636
