Metric,Mean,Standard Deviation
Overall F1,0.4264444344949351,0.02521037619421267
Overall Precision,0.43456468256548075,0.02697084304411723
Overall Recall,0.44115000000000004,0.024854170635525096
Authentic F1,0.5128377000000001,0.03512888586233974
Authentic Precision,0.0,0.0
Authentic Recall,0.5914,0.06446782926468837
Synthetic F1,0.3400513240599449,0.04592346139774573
Synthetic Precision,0.4150438386492788,0.03558715863300461
Synthetic Recall,0.29090000000000005,0.05500404025564345
