Metric,Mean,Standard Deviation
Overall F1,0.928558611290628,0.013429365063160567
Overall Precision,0.9311644832043485,0.012618630712606046
Overall Recall,0.9286700336700336,0.013368561078695973
Authentic F1,0.9259283333333334,0.014471286270056366
Authentic Precision,1.0,0.0
Authentic Recall,0.8931986531986532,0.023888977392582177
Synthetic F1,0.9311890060078808,0.01245018018043717
Synthetic Precision,0.9007199299495593,0.020029341359929797
Synthetic Recall,0.9641414141414142,0.013752512936060552
