Metric,Mean,Standard Deviation
Overall F1,0.9417302297066514,0.010955199424941468
Overall Precision,0.942186909292777,0.010819287634293047
Overall Recall,0.9417458333333334,0.010946958205458823
Authentic F1,0.9410939666666667,0.011263463111751562
Authentic Precision,1.0,0.0
Authentic Recall,0.9313333333333332,0.017942137271102117
Synthetic F1,0.9423665763140973,0.010693783419465945
Synthetic Precision,0.9330251819085924,0.016235024982781034
Synthetic Recall,0.9521583333333332,0.014281420112286943
