Metric,Mean,Standard Deviation
Overall F1,0.972497479537913,0.007565130516007335
Overall Precision,0.9726483324681161,0.007483030207078588
Overall Recall,0.9725000000000003,0.007562867822259609
Authentic F1,0.9723562,0.007697549102267433
Authentic Precision,1.0,0.0
Authentic Recall,0.9680999999999998,0.012568599642350653
Synthetic F1,0.9726385133782353,0.007439332190184257
Synthetic Precision,0.9685268570597698,0.011983869014697376
Synthetic Recall,0.9769,0.008784168495743708
