Metric,Mean,Standard Deviation
Overall F1,0.9647963485836012,0.009197882867843343
Overall Precision,0.964972095677925,0.009127432524451572
Overall Recall,0.9648000000000002,0.009195409482755821
Authentic F1,0.9647275000000003,0.009235806733041843
Authentic Precision,1.0,0.0
Authentic Recall,0.96295,0.013504488591620645
Synthetic F1,0.9648649989846347,0.009176122534469295
Synthetic Precision,0.9632570876877427,0.012848797519019278
Synthetic Recall,0.9666499999999998,0.012969564216256304
