Metric,Mean,Standard Deviation
Overall F1,0.8925558525745327,0.014727434933945733
Overall Precision,0.8943479486147773,0.014489456235939831
Overall Recall,0.8926820908311911,0.014683270584538178
Authentic F1,0.8959144,0.013942401293155994
Authentic Precision,1.0,0.0
Authentic Recall,0.9211282051282051,0.01944904849067636
Synthetic F1,0.8891801613305143,0.01572456957797977
Synthetic Precision,0.9163502087907565,0.01887068692676379
Synthetic Recall,0.8640893470790378,0.02450535840691872
