Metric,Mean,Standard Deviation
Overall F1,0.3969721400628161,0.023420856973670988
Overall Precision,0.4683049357850963,0.040626639989564624
Overall Recall,0.48622499999999996,0.0161725817045362
Authentic F1,0.6276912000000001,0.018512162383719843
Authentic Precision,0.16,0.3684529491774707
Authentic Recall,0.8677999999999999,0.04835328741709713
Synthetic F1,0.16625309998748644,0.051592907981377
Synthetic Precision,0.4445707486903439,0.07267411968911304
Synthetic Recall,0.10465000000000002,0.0388486769011468
