Metric,Mean,Standard Deviation
Overall F1,0.9458648700865446,0.011857328798095567
Overall Precision,0.9461787606108518,0.011741900677464877
Overall Recall,0.9458749999999999,0.011851218877773233
Authentic F1,0.9462490999999998,0.011662463666729158
Authentic Precision,1.0,0.0
Authentic Recall,0.9524999999999999,0.01476242842249514
Synthetic F1,0.9454804737141517,0.012088345192007594
Synthetic Precision,0.9520471365086781,0.014274126241261894
Synthetic Recall,0.9392500000000001,0.017927674560620353
