Metric,Mean,Standard Deviation
Overall F1,0.9802298835671377,0.0066425482939732085
Overall Precision,0.9804942711783585,0.006484228200368826
Overall Recall,0.9802331606217617,0.006639572282899726
Authentic F1,0.9800229333333335,0.006789638234353891
Authentic Precision,1.0,0.0
Authentic Recall,0.9709671848013818,0.012000013926976761
Synthetic F1,0.9804373527129818,0.006498937302722504
Synthetic Precision,0.9716343881958487,0.011376434821183713
Synthetic Recall,0.9894991364421416,0.006831556497278384
