Metric,Mean,Standard Deviation
Overall F1,0.5825514429488315,0.03953147485619062
Overall Precision,0.6779482927693601,0.029539628956000225
Overall Recall,0.6186,0.028668516501274326
Authentic F1,0.7041218,0.016197676312959024
Authentic Precision,1.0,0.0
Authentic Recall,0.90655,0.025846233338298604
Synthetic F1,0.46098106867968247,0.06553906111709497
Synthetic Precision,0.7796771754943017,0.04484714936094922
Synthetic Recall,0.3306499999999999,0.06538408279411957
