Metric,Mean,Standard Deviation
Overall F1,0.347425755027481,0.01086176101720175
Overall Precision,0.5744525858308969,0.16415127380179503
Overall Recall,0.5041500000000001,0.005709950556137532
Authentic F1,0.6672071999999999,0.0033838251859233024
Authentic Precision,0.64,0.48241815132442184
Authentic Recall,0.9941,0.005876678784428633
Synthetic F1,0.02764568775148871,0.01941251962155826
Synthetic Precision,0.646800505050505,0.32602059683237367
Synthetic Recall,0.014199999999999997,0.010093502260305285
