Metric,Mean,Standard Deviation
Overall F1,0.8001484741267746,0.02179566547531764
Overall Precision,0.8191900183626346,0.020269609927219802
Overall Recall,0.8027749999999999,0.021102488603302817
Authentic F1,0.8227040000000002,0.017829450780983556
Authentic Precision,1.0,0.0
Authentic Recall,0.9146,0.02188906834772355
Synthetic F1,0.777593288888251,0.026377657273664642
Synthetic Precision,0.8904240548860308,0.02567504480246207
Synthetic Recall,0.6909500000000003,0.03508787669422432
