Metric,Mean,Standard Deviation
Overall F1,0.8986753844816948,0.013611069112732606
Overall Precision,0.9117379024092639,0.010638886372165446
Overall Recall,0.8994615384615385,0.013302491574306189
Authentic F1,0.8898586999999999,0.015969350103788627
Authentic Precision,1.0,0.0
Authentic Recall,0.8139487179487179,0.025709104132913888
Synthetic F1,0.9074925149658125,0.011305046092713284
Synthetic Precision,0.8415170679964861,0.01839117469111882
Synthetic Recall,0.9849743589743593,0.007926337224795608
