Metric,Mean,Standard Deviation
Overall F1,0.9668653484701117,0.008142299616614076
Overall Precision,0.968518307657477,0.007400478750236688
Overall Recall,0.966900269541779,0.008118462118429799
Authentic F1,0.9679436000000002,0.0076479989977049825
Authentic Precision,1.0,0.0
Authentic Recall,0.9951433691756271,0.005332984672586749
Synthetic F1,0.965781264654704,0.008644838672240373
Synthetic Precision,0.9948647983648707,0.005600150514035407
Synthetic Recall,0.9385045045045046,0.015977747836013124
