Metric,Mean,Standard Deviation
Overall F1,0.948314430961146,0.008469923520907556
Overall Precision,0.9485364864825376,0.00840467509633626
Overall Recall,0.9483215796897038,0.00846623184360761
Authentic F1,0.9487790999999999,0.008332606646497391
Authentic Precision,1.0,0.0
Authentic Recall,0.955774647887324,0.010858263735954256
Synthetic F1,0.9478486426817889,0.008631481179567673
Synthetic Precision,0.9550872237839806,0.01057826689190761
Synthetic Recall,0.9408474576271186,0.012638383243932171
