Metric,Mean,Standard Deviation
Overall F1,0.9803676810128036,0.007331789227369921
Overall Precision,0.980665609626493,0.0071500811614444515
Overall Recall,0.9803714285714286,0.007328384229794514
Authentic F1,0.9805788000000001,0.007199987272716019
Authentic Precision,1.0,0.0
Authentic Recall,0.9898285714285713,0.008266036243841339
Synthetic F1,0.9801567545965068,0.007469129145947332
Synthetic Precision,0.9897112297882277,0.008206181956701607
Synthetic Recall,0.9709142857142858,0.013048156212281276
