Metric,Mean,Standard Deviation
Overall F1,0.9894243103771443,0.0050239207080678035
Overall Precision,0.989525415718354,0.004968600042419868
Overall Recall,0.9894250000000002,0.005023367114965547
Authentic F1,0.9894882000000002,0.004976501830065622
Authentic Precision,1.0,0.0
Authentic Recall,0.9944000000000002,0.005471690226922024
Synthetic F1,0.9893606153435721,0.005072581800494991
Synthetic Precision,0.9943751010292203,0.00547108293954462
Synthetic Recall,0.98445,0.008642594774976123
