Metric,Mean,Standard Deviation
Overall F1,0.8638529349957231,0.017938776054331997
Overall Precision,0.865232229827567,0.01771651048489429
Overall Recall,0.863975,0.01788746739756609
Authentic F1,0.8670137999999998,0.017136438863698977
Authentic Precision,1.0,0.0
Authentic Recall,0.8867000000000002,0.02333571416424953
Synthetic F1,0.8606925260802383,0.019110364775825943
Synthetic Precision,0.8817586811930173,0.02190254517339031
Synthetic Recall,0.8412500000000002,0.02832330482058186
