Metric,Mean,Standard Deviation
Overall F1,0.33451674619090555,0.004664083149024192
Overall Precision,0.343701109692981,0.15790837607990535
Overall Recall,0.49815000000000004,0.003617089069035116
Authentic F1,0.6645024999999998,0.002801496849178962
Authentic Precision,0.12,0.3265986323710904
Authentic Recall,0.9940000000000001,0.005860327153276889
Synthetic F1,0.0045321774361607526,0.007956699674016951
Synthetic Precision,0.18833333333333332,0.31466673086799546
Synthetic Recall,0.0023000000000000004,0.004046447500430146
