Metric,Mean,Standard Deviation
Overall F1,0.9827717538394739,0.004750944929441956
Overall Precision,0.9828213139395513,0.004729134232643516
Overall Recall,0.9827722772277225,0.004750539285502849
Authentic F1,0.9828160999999997,0.004723088763155566
Authentic Precision,1.0,0.0
Authentic Recall,0.9837570621468927,0.0063531574659459415
Synthetic F1,0.9827273129179802,0.004781112369350635
Synthetic Precision,0.9837205531821474,0.006263385386631082
Synthetic Recall,0.9817847025495752,0.007383411447829233
