Metric,Mean,Standard Deviation
Overall F1,0.8245190349804274,0.017112800361746543
Overall Precision,0.8266536064005788,0.0170149860255515
Overall Recall,0.8247749999999999,0.017052707211241358
Authentic F1,0.8304,0.016645790865421613
Authentic Precision,1.0,0.0
Authentic Recall,0.8582,0.02435553159329354
Synthetic F1,0.8186377778358189,0.018209567975207223
Synthetic Precision,0.8485194100408013,0.02208604585332074
Synthetic Recall,0.79135,0.025334678991373843
