Metric,Mean,Standard Deviation
Overall F1,0.9475021089146848,0.013809976450224496
Overall Precision,0.9513736233027085,0.011988815519437864
Overall Recall,0.9476271186440679,0.013716424499532798
Authentic F1,0.9499518666666668,0.012563237998711282
Authentic Precision,1.0,0.0
Authentic Recall,0.991271186440678,0.008356555900004057
Synthetic F1,0.9450524593467731,0.015076812361544095
Synthetic Precision,0.9905203743353655,0.008962347636063099
Synthetic Recall,0.9039830508474578,0.026457680155164427
