Metric,Mean,Standard Deviation
Overall F1,0.9149785244250406,0.010476206631120902
Overall Precision,0.9163525115049715,0.010413252420983704
Overall Recall,0.9150493653032441,0.010460764440631496
Authentic F1,0.9173351,0.010117864238937768
Authentic Precision,1.0,0.0
Authentic Recall,0.941323943661972,0.013660160363793387
Synthetic F1,0.9126159217644343,0.010908641015458858
Synthetic Precision,0.9380711110152895,0.013630397367472416
Synthetic Recall,0.8887005649717515,0.01535735068766487
