Metric,Mean,Standard Deviation
Overall F1,0.943302420630777,0.01006024669420115
Overall Precision,0.9474474699533164,0.008824726814278393
Overall Recall,0.9434453781512603,0.009990662931839407
Authentic F1,0.9461561,0.009112882201043811
Authentic Precision,1.0,0.0
Authentic Recall,0.9897206703910614,0.00756303117074098
Synthetic F1,0.9404327601714373,0.011031453209783007
Synthetic Precision,0.9886907059267562,0.008230188581789321
Synthetic Recall,0.8969101123595508,0.019516454345541865
