Metric,Mean,Standard Deviation
Overall F1,0.9437390014223141,0.012929308879507452
Overall Precision,0.9472075931898623,0.0116346989268484
Overall Recall,0.9438555555555554,0.012858947590496763
Authentic F1,0.9461935666666667,0.0118757041943877
Authentic Precision,1.0,0.0
Authentic Recall,0.985288888888889,0.00980816870866136
Synthetic F1,0.9412849799606774,0.014006855644146903
Synthetic Precision,0.9840722161266457,0.010506524443196087
Synthetic Recall,0.9024222222222223,0.02419233186559343
