Metric,Mean,Standard Deviation
Overall F1,0.882158049494632,0.01557454707963345
Overall Precision,0.8835473120930771,0.01532533059022128
Overall Recall,0.882253164556962,0.015537491942603482
Authentic F1,0.8796368,0.016536624787227148
Authentic Precision,1.0,0.0
Authentic Recall,0.8591919191919188,0.02576542690102309
Synthetic F1,0.8846921722089556,0.014861429000516936
Synthetic Precision,0.8653343769269359,0.021313429018053012
Synthetic Recall,0.9054314720812182,0.020158617629761295
