Metric,Mean,Standard Deviation
Overall F1,0.7405813091706215,0.02225814692862949
Overall Precision,0.7415742109738108,0.022235842282145875
Overall Recall,0.7407936507936508,0.022217186812323413
Authentic F1,0.7446550666666666,0.022769229346033284
Authentic Precision,1.0,0.0
Authentic Recall,0.7564902998236331,0.032654443279334144
Synthetic F1,0.7365077367781061,0.023485601177127516
Synthetic Precision,0.74920229849539,0.026062479683779775
Synthetic Recall,0.7250970017636684,0.03244099702628954
