Metric,Mean,Standard Deviation
Overall F1,0.37289556581358907,0.01750124166058967
Overall Precision,0.5871117006588821,0.06833249548137037
Overall Recall,0.510425,0.008483904844712812
Authentic F1,0.6664384,0.005633025761730833
Authentic Precision,0.86,0.348735088019777
Authentic Recall,0.9782,0.01389934959600338
Synthetic F1,0.07935288931247358,0.03325450281784918
Synthetic Precision,0.6688149574834761,0.13314478733567775
Synthetic Recall,0.042649999999999993,0.01883547855843468
