Metric,Mean,Standard Deviation
Overall F1,0.8790106340184902,0.013940137205332515
Overall Precision,0.8931007624472909,0.011887504701668715
Overall Recall,0.8800418760469012,0.013628701249568073
Authentic F1,0.8679588666666667,0.01632217272476551
Authentic Precision,1.0,0.0
Authentic Recall,0.7897152428810721,0.024561225539903284
Synthetic F1,0.8900628463631012,0.011671304960052146
Synthetic Precision,0.8222269391987286,0.017242103415009077
Synthetic Recall,0.9703685092127303,0.011269532188379986
