Metric,Mean,Standard Deviation
Overall F1,0.9001467854902313,0.015054444693856441
Overall Precision,0.9023241697316762,0.014518500474344836
Overall Recall,0.9002806122448982,0.014994136222278864
Authentic F1,0.9034345,0.014030081346013561
Authentic Precision,1.0,0.0
Authentic Recall,0.9322959183673472,0.01738683311968293
Synthetic F1,0.8968589722217237,0.01622967349659001
Synthetic Precision,0.9279575003392292,0.017191688703914913
Synthetic Recall,0.8682653061224488,0.025744951660090144
