Metric,Mean,Standard Deviation
Overall F1,0.894271422623741,0.015156874233220765
Overall Precision,0.8952818254726457,0.01487491590367061
Overall Recall,0.8943386243386243,0.015114789052195083
Authentic F1,0.8960003000000001,0.01477337555068631
Authentic Precision,1.0,0.0
Authentic Recall,0.9104232804232804,0.022825774650340386
Synthetic F1,0.8925424268710428,0.015837747916782816
Synthetic Precision,0.9079841483639103,0.02095116364842815
Synthetic Recall,0.8782539682539682,0.025083297564486216
