Metric,Mean,Standard Deviation
Overall F1,0.40417439700401736,0.019020875779495214
Overall Precision,0.5180077487111806,0.03914776580723721
Overall Recall,0.5055999999999999,0.012568599642350652
Authentic F1,0.6497501,0.009967167869732825
Authentic Precision,0.61,0.4902071300001973
Authentic Recall,0.9173999999999998,0.022320892057044264
Synthetic F1,0.15859829513563992,0.03482108760681692
Synthetic Precision,0.5329397808102001,0.07154647253497042
Synthetic Recall,0.0938,0.022864555075222406
