Metric,Mean,Standard Deviation
Overall F1,0.41241836124547904,0.024513684427003225
Overall Precision,0.5201825639279462,0.04617875568150111
Overall Recall,0.5074749999999999,0.015984110639297174
Authentic F1,0.6484006,0.011719493285491775
Authentic Precision,0.7,0.4605661864718382
Authentic Recall,0.9085000000000001,0.02472576867083482
Synthetic F1,0.17643630560119689,0.04380122321981925
Synthetic Precision,0.5361730105256703,0.08369938592863611
Synthetic Recall,0.10645000000000002,0.029680920988188197
