Metric,Mean,Standard Deviation
Overall F1,0.8705533530335761,0.015652504676628067
Overall Precision,0.8857628671014384,0.013180724869600645
Overall Recall,0.8717312661498708,0.015247358062722231
Authentic F1,0.8585895000000002,0.01855348514049546
Authentic Precision,1.0,0.0
Authentic Recall,0.7782989690721651,0.028493293026859302
Synthetic F1,0.8825793289002533,0.012925136256500599
Synthetic Precision,0.8129516966028859,0.0194418445749695
Synthetic Recall,0.9656476683937825,0.01371162180030979
