Metric,Mean,Standard Deviation
Overall F1,0.3399924820560034,0.008107321784450186
Overall Precision,0.42236697405391865,0.12394077455772329
Overall Recall,0.49597499999999994,0.005594629008019539
Authentic F1,0.6608069000000002,0.00472328461620264
Authentic Precision,0.15,0.3588702812826367
Authentic Recall,0.982,0.011214168527250509
Synthetic F1,0.01917821136280986,0.015489008808827458
Synthetic Precision,0.3467827311577312,0.245844587854802
Synthetic Recall,0.00995,0.008149332252498738
