Metric,Mean,Standard Deviation
Overall F1,0.9459675439925352,0.011765879475888336
Overall Precision,0.94675133958205,0.011522654500886822
Overall Recall,0.9459925093632959,0.011750940384366396
Authentic F1,0.9468965000000001,0.01134953057314571
Authentic Precision,1.0,0.0
Authentic Recall,0.962303370786517,0.014390253612497466
Synthetic F1,0.9450393609166713,0.012222664049370372
Synthetic Precision,0.9612508999668637,0.014241648558456176
Synthetic Recall,0.929681647940075,0.01984504910753419
