Metric,Mean,Standard Deviation
Overall F1,0.8987985848031194,0.017195861125622144
Overall Precision,0.8995498401394264,0.01698906283106103
Overall Recall,0.8988431876606684,0.01717055014648905
Authentic F1,0.8978986999999999,0.01778141650826514
Authentic Precision,1.0,0.0
Authentic Recall,0.8882051282051282,0.02704766378435485
Synthetic F1,0.8997031934538944,0.016822236989859286
Synthetic Precision,0.8906245022212045,0.023509000890751905
Synthetic Recall,0.9095360824742271,0.02262182041063834
