Metric,Mean,Standard Deviation
Overall F1,0.921370618562667,0.014482044387904843
Overall Precision,0.926081244958924,0.013240237107182078
Overall Recall,0.9216020671834626,0.014376295764021893
Authentic F1,0.9255903999999999,0.013142860559131251
Authentic Precision,1.0,0.0
Authentic Recall,0.9713917525773197,0.012655429435271663
Synthetic F1,0.917128590824545,0.01588857075405627
Synthetic Precision,0.9682045110850497,0.013595271865912648
Synthetic Recall,0.8715544041450776,0.025182691072754625
