Metric,Mean,Standard Deviation
Overall F1,0.9181904303348699,0.013287765261215955
Overall Precision,0.9195364371613611,0.012975854618599207
Overall Recall,0.9182564102564105,0.01325453485535059
Authentic F1,0.9201136666666666,0.012677067775323918
Authentic Precision,1.0,0.0
Authentic Recall,0.9411282051282052,0.01783104257480346
Synthetic F1,0.9162669164739388,0.014025297708942425
Synthetic Precision,0.9386638392828779,0.0173497763773542
Synthetic Recall,0.8953846153846154,0.0228879628042193
