Metric,Mean,Standard Deviation
Overall F1,0.4828080707498693,0.032811578550212286
Overall Precision,0.6079877483357629,0.03719460071458275
Overall Recall,0.5511499999999999,0.01955767177484389
Authentic F1,0.6699206,0.012351059564411323
Authentic Precision,1.0,0.0
Authentic Recall,0.9111000000000001,0.030629588916139847
Synthetic F1,0.2956953796824981,0.060439373649767224
Synthetic Precision,0.6859293009133475,0.0660535342194461
Synthetic Recall,0.19119999999999998,0.049062524528720626
