Metric,Mean,Standard Deviation
Overall F1,0.9787976865672373,0.007434056923767033
Overall Precision,0.9789766725196515,0.007349071837065582
Overall Recall,0.9788000000000001,0.007432184990793343
Authentic F1,0.978951,0.007373034475284739
Authentic Precision,1.0,0.0
Authentic Recall,0.98565,0.009229262859475456
Synthetic F1,0.9786442792008622,0.007499795330558868
Synthetic Precision,0.9855248135364859,0.009127716072191878
Synthetic Recall,0.97195,0.010868706817224766
