Metric,Mean,Standard Deviation
Overall F1,0.9537380312208518,0.011158408344594627
Overall Precision,0.9565241401202381,0.010078661069357316
Overall Recall,0.953814317673378,0.011107929733262405
Authentic F1,0.9555448999999999,0.01034752669412448
Authentic Precision,1.0,0.0
Authentic Recall,0.9909395973154361,0.008050791454180597
Synthetic F1,0.951931629073638,0.01198322371335436
Synthetic Precision,0.990276506568008,0.008554620047420804
Synthetic Recall,0.9166890380313198,0.020474578646456156
