Metric,Mean,Standard Deviation
Overall F1,0.9446468283218205,0.013234221108199457
Overall Precision,0.9489153350825865,0.011584492902052405
Overall Recall,0.9447881355932202,0.01314608215405005
Authentic F1,0.9473578999999998,0.012051097128896645
Authentic Precision,1.0,0.0
Authentic Recall,0.9913559322033899,0.007804347708445854
Synthetic F1,0.9419363295063035,0.014434731520947137
Synthetic Precision,0.9905135083524189,0.008576861940776993
Synthetic Recall,0.8982203389830508,0.024344943209414042
