Metric,Mean,Standard Deviation
Overall F1,0.8330923357892374,0.018587043519850754
Overall Precision,0.8347688611286058,0.018247935712924157
Overall Recall,0.8332981530343008,0.018514833554457873
Authentic F1,0.8380595000000001,0.01765013167747831
Authentic Precision,1.0,0.0
Authentic Recall,0.8603684210526314,0.02445242398293593
Synthetic F1,0.8280987261303746,0.020155894780040803
Synthetic Precision,0.8521560384128334,0.02191124471510601
Synthetic Recall,0.8060846560846561,0.03041195040367952
