Metric,Mean,Standard Deviation
Overall F1,0.40238538261800927,0.021366954308943805
Overall Precision,0.650539656375294,0.05300735647521125
Overall Recall,0.525825,0.010946697071156988
Authentic F1,0.6738394,0.006367795365601961
Authentic Precision,1.0,0.0
Authentic Recall,0.9795999999999999,0.013059305285713124
Synthetic F1,0.13093191569785698,0.03904720462865246
Synthetic Precision,0.7874880503523287,0.1023311177877091
Synthetic Recall,0.07205,0.02313874489144809
