Metric,Mean,Standard Deviation
Overall F1,0.4147878299725868,0.027548907682569252
Overall Precision,0.42024775683605475,0.028703597953438322
Overall Recall,0.42705,0.026257226037643796
Authentic F1,0.49442679999999994,0.033124143499656845
Authentic Precision,0.01,0.09999999999999999
Authentic Recall,0.5626000000000001,0.05757068558202029
Synthetic F1,0.3351486960908,0.04738286169417526
Synthetic Precision,0.3983476824417165,0.03828314185503974
Synthetic Recall,0.2915,0.05435340770635203
