Metric,Mean,Standard Deviation
Overall F1,0.323586244353903,0.012930124612730846
Overall Precision,0.30875686696614585,0.04270213425754203
Overall Recall,0.44887499999999997,0.021957186877092326
Authentic F1,0.6142445,0.021528492530982418
Authentic Precision,0.0,0.0
Authentic Recall,0.87885,0.04521472339980875
Synthetic F1,0.03292776493334054,0.01586119219649195
Synthetic Precision,0.145299753286191,0.07655885099474599
Synthetic Recall,0.0189,0.009576380877297576
