Metric,Mean,Standard Deviation
Overall F1,0.9482360015102338,0.0104830169285266
Overall Precision,0.9487163864835249,0.010418381077444826
Overall Recall,0.9482500000000001,0.010477850616197642
Authentic F1,0.9488504,0.010332279019527756
Authentic Precision,1.0,0.0
Authentic Recall,0.9599,0.014615959175718254
Synthetic F1,0.947621772198379,0.01066975631128819
Synthetic Precision,0.9591618655029676,0.014323507664855673
Synthetic Recall,0.9366000000000001,0.016063007253319692
