Metric,Mean,Standard Deviation
Overall F1,0.3925488087738133,0.02169154368080234
Overall Precision,0.46418065920070534,0.041668685298675096
Overall Recall,0.48592499999999994,0.015754007827415296
Authentic F1,0.6298789,0.01640457579026614
Authentic Precision,0.16,0.3684529491774707
Authentic Recall,0.87595,0.04059964049201433
Synthetic F1,0.15521842202656136,0.04470427461956969
Synthetic Precision,0.4363770553963919,0.07521890901763478
Synthetic Recall,0.0959,0.03213277379118012
