Metric,Mean,Standard Deviation
Overall F1,0.37303600085069094,0.016862755238405937
Overall Precision,0.4572652850646611,0.04782520071138612
Overall Recall,0.48839999999999995,0.012675634783777779
Authentic F1,0.6416931000000001,0.011445358345926377
Authentic Precision,0.17,0.3775251680686369
Authentic Recall,0.9166500000000001,0.026553310204723676
Synthetic F1,0.10437834920407475,0.03191700832293846
Synthetic Precision,0.42082523680349376,0.08917786432516088
Synthetic Recall,0.06015000000000001,0.020119027126709
