Metric,Mean,Standard Deviation
Overall F1,0.31751030006618164,0.011244709748250205
Overall Precision,0.285507216247646,0.03368663090443059
Overall Recall,0.4452,0.019680785892167357
Authentic F1,0.6123635,0.019287798067507064
Authentic Precision,0.0,0.0
Authentic Recall,0.8774500000000002,0.0402736535680235
Synthetic F1,0.02265763300941397,0.012918788602565106
Synthetic Precision,0.10064498042802567,0.060595363803575476
Synthetic Recall,0.01295,0.007657273560728935
