Metric,Mean,Standard Deviation
Overall F1,0.8904714487315151,0.01737750160662426
Overall Precision,0.8912460050926942,0.0173598895092871
Overall Recall,0.8905228758169935,0.017363606273835215
Authentic F1,0.8914062333333334,0.017538994361791824
Authentic Precision,1.0,0.0
Authentic Recall,0.8992810457516343,0.02718480132226425
Synthetic F1,0.8895367721682998,0.01750367312607165
Synthetic Precision,0.8981678526998081,0.024519888408714934
Synthetic Recall,0.881764705882353,0.025255896745589597
