Metric,Mean,Standard Deviation
Overall F1,0.3366217313214734,0.006316765264906696
Overall Precision,0.37402422969767296,0.1037810528790626
Overall Recall,0.49302500000000005,0.006239081371775527
Authentic F1,0.6586666999999999,0.006025052756380787
Authentic Precision,0.04,0.19694638556693236
Authentic Recall,0.97845,0.014851027920754527
Synthetic F1,0.014577176571876379,0.013313907424162259
Synthetic Precision,0.25160978808772927,0.20600592611979981
Synthetic Recall,0.0076,0.007088189066498172
