Metric,Mean,Standard Deviation
Overall F1,0.9566623534589817,0.009285304782025819
Overall Precision,0.9593515140486056,0.008285547937365472
Overall Recall,0.9567341772151898,0.009244150498157709
Authentic F1,0.9584322,0.008593156402034865
Authentic Precision,1.0,0.0
Authentic Recall,0.9935185185185185,0.005655442473279221
Synthetic F1,0.9548844985946232,0.009988731873740839
Synthetic Precision,0.9930030136824235,0.006065967293413186
Synthetic Recall,0.9197631133671744,0.017693678312633826
