Metric,Mean,Standard Deviation
Overall F1,0.9773446767830791,0.007242519500963963
Overall Precision,0.9782502496278922,0.006675657691545289
Overall Recall,0.9773575129533679,0.007230858634195111
Authentic F1,0.9778547999999999,0.006920785043343109
Authentic Precision,1.0,0.0
Authentic Recall,0.9976683937823835,0.003483546511592716
Synthetic F1,0.9768354507985181,0.007565930733035349
Synthetic Precision,0.9975890635843484,0.0035894358648141987
Synthetic Recall,0.9570466321243524,0.014493091586248483
