Metric,Mean,Standard Deviation
Overall F1,0.9295528068744613,0.014388522781188573
Overall Precision,0.9318630005206783,0.013548584147022646
Overall Recall,0.9296518987341773,0.01432770858420753
Authentic F1,0.9319555333333334,0.013401490384679521
Authentic Precision,1.0,0.0
Authentic Recall,0.9622362869198313,0.014992020131539248
Synthetic F1,0.9271497329713617,0.015448019497830484
Synthetic Precision,0.9598474261483174,0.015254618901412918
Synthetic Recall,0.8970675105485232,0.025517271854114267
