Metric,Mean,Standard Deviation
Overall F1,0.9309384590236763,0.014864823324607822
Overall Precision,0.9334568704591263,0.013979601365045271
Overall Recall,0.9310443037974683,0.014797322664489935
Authentic F1,0.9333722,0.013837375647429706
Authentic Precision,1.0,0.0
Authentic Recall,0.9646835443037974,0.016591845766854837
Synthetic F1,0.9285043366154175,0.015976992871434618
Synthetic Precision,0.9624621403531836,0.016798686689486846
Synthetic Recall,0.8974050632911392,0.026781164876432464
