Metric,Mean,Standard Deviation
Overall F1,0.3181865207768948,0.01404831948254275
Overall Precision,0.29142771508161996,0.039224270466103515
Overall Recall,0.44425000000000003,0.024935522914715524
Authentic F1,0.6108017,0.024516117767993804
Authentic Precision,0.0,0.0
Authentic Recall,0.8738000000000001,0.05086186481961994
Synthetic F1,0.025571432853860654,0.014979453394748932
Synthetic Precision,0.11322957755586739,0.06913024943298454
Synthetic Recall,0.014699999999999998,0.008899551685451364
