Metric,Mean,Standard Deviation
Overall F1,0.5245101106165141,0.028229887000291633
Overall Precision,0.5515364115503438,0.03044827229208579
Overall Recall,0.5434,0.025848040779161818
Authentic F1,0.6180170999999999,0.02320644643523681
Authentic Precision,0.97,0.17144660799776532
Authentic Recall,0.7394500000000002,0.03959960590559947
Synthetic F1,0.43100351957216637,0.04133617771885503
Synthetic Precision,0.5717471097351257,0.042526918240694093
Synthetic Recall,0.34735,0.043504643894692906
