Metric,Mean,Standard Deviation
Overall F1,0.33588895664820634,0.007570330443960002
Overall Precision,0.36194978775750486,0.106462323123488
Overall Recall,0.492475,0.006867201729668324
Authentic F1,0.6583152,0.005996471939163201
Authentic Precision,0.06,0.23868325657594203
Authentic Recall,0.9779499999999999,0.013708638432636849
Synthetic F1,0.013462792003392803,0.013827520273927028
Synthetic Precision,0.22773511211011208,0.21073167276065846
Synthetic Recall,0.007000000000000001,0.007282190812544192
