Metric,Mean,Standard Deviation
Overall F1,0.4050063678107496,0.021327989932820056
Overall Precision,0.727257010061517,0.030869389264518668
Overall Recall,0.532575,0.010715884320375844
Authentic F1,0.6804208999999999,0.005095613700016714
Authentic Precision,1.0,0.0
Authentic Recall,0.9950500000000001,0.00505000250024941
Synthetic F1,0.1295921131007788,0.03798589392235281
Synthetic Precision,0.9375258826961715,0.06024038320322674
Synthetic Recall,0.07010000000000001,0.022201783530139914
