Metric,Mean,Standard Deviation
Overall F1,0.8774693358980581,0.01600632267425827
Overall Precision,0.8791421087952852,0.015652086466502155
Overall Recall,0.8776,0.015946248094232958
Authentic F1,0.8807157999999998,0.015258410840377096
Authentic Precision,1.0,0.0
Authentic Recall,0.9036,0.022134574627478025
Synthetic F1,0.8742235277007346,0.017105513972858394
Synthetic Precision,0.8988109942605499,0.020819094819349446
Synthetic Recall,0.8515999999999999,0.02683545069756449
