Metric,Mean,Standard Deviation
Overall F1,0.9035505586559043,0.014131664564667907
Overall Precision,0.9075067468325949,0.013098015322303456
Overall Recall,0.9037833333333333,0.014018879609556766
Authentic F1,0.9080445333333332,0.012785569001725417
Authentic Precision,1.0,0.0
Authentic Recall,0.9492916666666665,0.014912591385413738
Synthetic F1,0.8990564714353917,0.01560989451665873
Synthetic Precision,0.944462860580844,0.015403656624898001
Synthetic Recall,0.858275,0.02515593924432587
