Metric,Mean,Standard Deviation
Overall F1,0.7741629443867485,0.01929505538338375
Overall Precision,0.7758433542749473,0.019305923706616566
Overall Recall,0.77445,0.01924909810297038
Authentic F1,0.7675537000000001,0.02107248422047629
Authentic Precision,1.0,0.0
Authentic Recall,0.7454499999999998,0.030110025512503934
Synthetic F1,0.7807726079258767,0.018577423368851226
Synthetic Precision,0.7599000873834874,0.022185578679850826
Synthetic Recall,0.80345,0.026166666666666647
