Metric,Mean,Standard Deviation
Overall F1,0.9312435480497938,0.010540374081384135
Overall Precision,0.9354151391254395,0.00941668118423999
Overall Recall,0.9314102564102565,0.010463939016949106
Authentic F1,0.9345114,0.009545148963074004
Authentic Precision,1.0,0.0
Authentic Recall,0.9777435897435898,0.010618323298518797
Synthetic F1,0.9279759449342702,0.011588657448999387
Synthetic Precision,0.9756548529199969,0.011241692712384076
Synthetic Recall,0.8850769230769231,0.020937015127786653
