Metric,Mean,Standard Deviation
Overall F1,0.47109305992930783,0.028864467950044995
Overall Precision,0.601182236017806,0.0375684982765976
Overall Recall,0.5450750000000001,0.018099245896451108
Authentic F1,0.668419,0.011433130530933937
Authentic Precision,1.0,0.0
Authentic Recall,0.91705,0.023528351691806473
Synthetic F1,0.2737671274589155,0.051135544373174545
Synthetic Precision,0.6763365101232539,0.06620822737865685
Synthetic Recall,0.17309999999999995,0.03882608203855556
