Metric,Mean,Standard Deviation
Overall F1,0.8779035569569595,0.016622062981287933
Overall Precision,0.8797986739632314,0.016288909012120434
Overall Recall,0.8780499999999999,0.016566288636623443
Authentic F1,0.8744071,0.017722438570320617
Authentic Precision,1.0,0.0
Authentic Recall,0.8498999999999998,0.027533083864157083
Synthetic F1,0.8814003997412887,0.015867907711123414
Synthetic Precision,0.8584623095349773,0.021889418355881908
Synthetic Recall,0.9062,0.022985722402035457
