Metric,Mean,Standard Deviation
Overall F1,0.7804126005656572,0.01632658027451757
Overall Precision,0.7807435685338817,0.01633797994942735
Overall Recall,0.7804667609618103,0.016320385554879288
Authentic F1,0.7806898,0.01689905753035184
Authentic Precision,1.0,0.0
Authentic Recall,0.7806779661016948,0.023157368573676763
Synthetic F1,0.7801345392675069,0.0164851611774119
Synthetic Precision,0.7803987205683611,0.01880215595323117
Synthetic Recall,0.7802549575070822,0.022226807811475402
