Metric,Mean,Standard Deviation
Overall F1,0.9409896963163985,0.01174564667139823
Overall Precision,0.9412954050933787,0.011696886758878158
Overall Recall,0.9410000000000001,0.01174217986060457
Authentic F1,0.9413574000000002,0.011600544973266017
Authentic Precision,1.0,0.0
Authentic Recall,0.9469,0.015255070360938063
Synthetic F1,0.9406217805299574,0.011932720846802912
Synthetic Precision,0.9464690313496747,0.014629278591710315
Synthetic Recall,0.9351000000000002,0.01766666666666664
