Metric,Mean,Standard Deviation
Overall F1,0.3839199908010434,0.029396861190855945
Overall Precision,0.47797729515899184,0.05874188420570125
Overall Recall,0.4962749999999999,0.015689115927478466
Authentic F1,0.6465652000000002,0.009946583544213574
Authentic Precision,0.35,0.4793724854411022
Authentic Recall,0.9216000000000001,0.023245288433216604
Synthetic F1,0.12127492666450145,0.05502569846565215
Synthetic Precision,0.45786034517661295,0.10936744172930739
Synthetic Recall,0.07095,0.03552417728417045
