Metric,Mean,Standard Deviation
Overall F1,0.36662208506010807,0.05521011943425963
Overall Precision,0.36836770384432854,0.061085058743801574
Overall Recall,0.39370000000000005,0.04553758576353952
Authentic F1,0.4915444,0.036032599951048815
Authentic Precision,0.0,0.0
Authentic Recall,0.5874000000000001,0.06014074401692326
Synthetic F1,0.24169978867879663,0.09582466371960632
Synthetic Precision,0.3126264869214802,0.09516753255166947
Synthetic Recall,0.2,0.09223378289472198
