Metric,Mean,Standard Deviation
Overall F1,0.5138709644524605,0.02947770415730015
Overall Precision,0.6429298337163797,0.03237291627793103
Overall Recall,0.5733249999999999,0.01948858445968881
Authentic F1,0.6832780999999999,0.01257867786206387
Authentic Precision,1.0,0.0
Authentic Recall,0.92045,0.025928173904465418
Synthetic F1,0.3444641148648311,0.05142723406488511
Synthetic Precision,0.7423221830255937,0.05627630398932888
Synthetic Recall,0.2262,0.04299471426286555
