Metric,Mean,Standard Deviation
Overall F1,0.8569809608304368,0.014616370800548242
Overall Precision,0.8589968833893525,0.014453703085224309
Overall Recall,0.8571666666666667,0.014568175750744185
Authentic F1,0.8614589666666668,0.013989127452722606
Authentic Precision,1.0,0.0
Authentic Recall,0.8881916666666666,0.0212614501252144
Synthetic F1,0.8525032034878832,0.01568685662538374
Synthetic Precision,0.8812511790658956,0.019533654894592533
Synthetic Recall,0.8261416666666668,0.024569213487483345
