Metric,Mean,Standard Deviation
Overall F1,0.3411578380139634,0.008061436780486833
Overall Precision,0.5047071890244405,0.17089253660056677
Overall Recall,0.5006249999999999,0.004954018366921736
Authentic F1,0.6652816,0.003302569773844474
Authentic Precision,0.46,0.5009082659620331
Authentic Recall,0.9925499999999999,0.006050920290636494
Synthetic F1,0.01703548441621712,0.013964348640133196
Synthetic Precision,0.5090974025974027,0.33967019371956947
Synthetic Recall,0.0087,0.007199186261535593
