Metric,Mean,Standard Deviation
Overall F1,0.7624928262636352,0.016450274855274605
Overall Precision,0.7631224615610512,0.01629031770357368
Overall Recall,0.762612359550562,0.01640458086304538
Authentic F1,0.7603876,0.01775001369298091
Authentic Precision,1.0,0.0
Authentic Recall,0.753876404494382,0.027335751228328004
Synthetic F1,0.7645981263089197,0.016616183436986773
Synthetic Precision,0.7585683141183606,0.01980446522471213
Synthetic Recall,0.7713483146067415,0.02512435929775045
