Metric,Mean,Standard Deviation
Overall F1,0.9936503025447494,0.003944480616528919
Overall Precision,0.9937418176013005,0.003846973005433013
Overall Recall,0.9936507936507936,0.003943682499999625
Authentic F1,0.9937005999999999,0.003889612901723327
Authentic Precision,1.0,0.0
Authentic Recall,0.9992592592592593,0.001992526712574105
Synthetic F1,0.9936014457368055,0.003998812722314337
Synthetic Precision,0.9992544205591382,0.002002276803871406
Synthetic Recall,0.988042328042328,0.007580977220219386
