Metric,Mean,Standard Deviation
Overall F1,0.4783566703445982,0.02892123373194133
Overall Precision,0.48302220065074664,0.028705718802874595
Overall Recall,0.4839,0.027499586773754848
Authentic F1,0.4334771,0.0498302931533367
Authentic Precision,0.24,0.4292346959909279
Authentic Recall,0.39890000000000003,0.06710304152434658
Synthetic F1,0.5232361248489367,0.03277873764314888
Synthetic Precision,0.4864874942808698,0.023849648944664854
Synthetic Recall,0.5689,0.05941881822786413
