Metric,Mean,Standard Deviation
Overall F1,0.8106474159696435,0.02121524468009306
Overall Precision,0.8143986635991125,0.02086329548938549
Overall Recall,0.81115,0.021056141885709045
Authentic F1,0.8192951999999998,0.01993056656991917
Authentic Precision,1.0,0.0
Authentic Recall,0.8563500000000001,0.029014581844237566
Synthetic F1,0.8019995962635407,0.02347520404415996
Synthetic Precision,0.8427923756002363,0.026725614032794876
Synthetic Recall,0.7659499999999998,0.034043161849141884
