Metric,Mean,Standard Deviation
Overall F1,0.8568818370070848,0.018333869853668066
Overall Precision,0.8705317067490127,0.017019119285665962
Overall Recall,0.8581125827814572,0.017967022647350176
Authentic F1,0.8698403,0.015687894995952786
Authentic Precision,1.0,0.0
Authentic Recall,0.9475496688741722,0.020765490926883064
Synthetic F1,0.843922881102769,0.021363859438665304
Synthetic Precision,0.9367185363189755,0.023292439171128325
Synthetic Recall,0.7686754966887418,0.03204866489567442
