Metric,Mean,Standard Deviation
Overall F1,0.9212280321450781,0.01481476084875503
Overall Precision,0.9229829963385207,0.014649782836917256
Overall Recall,0.9213015873015873,0.014789334233973982
Authentic F1,0.9193834999999997,0.015244254647160511
Authentic Precision,1.0,0.0
Authentic Recall,0.8950632911392405,0.0226719419566956
Synthetic F1,0.9230841214267391,0.014528432415949113
Synthetic Precision,0.9001635082932493,0.019282399062427825
Synthetic Recall,0.9477070063694266,0.022236304425956803
