Metric,Mean,Standard Deviation
Overall F1,0.4335666219941441,0.024164658461700537
Overall Precision,0.43802612485683523,0.025215902231462046
Overall Recall,0.44144999999999995,0.023834392856296616
Authentic F1,0.49634829999999996,0.02962834682301134
Authentic Precision,0.0,0.0
Authentic Recall,0.5520999999999999,0.049088561485206184
Synthetic F1,0.3707847930980032,0.03728443822340467
Synthetic Precision,0.42432821577228913,0.03155565260399199
Synthetic Recall,0.33080000000000015,0.04507972735256745
