,Key,Count,Mean Score
0,PRP,100,0.07662269128940818
1,of,100,0.06708046162277155
2,sentiment,100,0.06157830266460289
3,NN,100,0.05304862115085391
4,VB,100,0.052351658134817146
6,DT,97,0.03889020866503018
5,IN,94,0.03867886200998142
8,have,68,0.03535400213334682
9,to,46,0.03612327576565805
12,NNS,45,0.03320244743577845
11,RB,35,0.0323515168986046
7,mean_sen_len,33,0.03339619376526734
10,the,32,0.03303456984722195
13,i,28,0.03220809184044005
14,which,22,0.03379454350582527
