Metric,Mean,Standard Deviation
Overall F1,0.3596086258195492,0.015817069969803626
Overall Precision,0.5701146697061167,0.09811911407275212
Overall Recall,0.5063500000000001,0.008183655798127278
Authentic F1,0.6660967999999999,0.004802858551178272
Authentic Precision,0.73,0.44619604333847374
Authentic Recall,0.9847499999999999,0.008886915816371441
Synthetic F1,0.05312116803156064,0.028582136341841435
Synthetic Precision,0.6369626558082441,0.19280781381395937
Synthetic Recall,0.02795,0.015555294009345235
