Metric,Mean,Standard Deviation
Overall F1,0.9403514391397277,0.011201681781558495
Overall Precision,0.9424680651346926,0.010608856688490985
Overall Recall,0.9404250000000001,0.011163698158121991
Authentic F1,0.9423163999999999,0.010518827902596582
Authentic Precision,1.0,0.0
Authentic Recall,0.97235,0.012153375887157676
Synthetic F1,0.9383867558960454,0.011926123339826126
Synthetic Precision,0.9706313182400218,0.012460827754052923
Synthetic Recall,0.9085000000000002,0.019726667588353952
