,Key,Count,Mean Score
0,TTR,100,0.09135985746581853
1,and,100,0.04278963262039343
6,just,100,0.028597087112001998
4,don,91,0.02157318929041613
10,my,72,0.020194797660261155
7,you,71,0.021235462918226245
2,i,70,0.02005208031031033
9,who,67,0.021399725944654602
11,lex_density,61,0.01958510795991549
15,me,55,0.019848376870731366
8,IN,53,0.020226400291253346
5,an,40,0.019629545285268033
17,here,27,0.020787008351553383
13,VBP,27,0.018623559137862483
14,a,19,0.018687682743792854
12,your,11,0.01942999579984343
23,by,7,0.018357644321495722
16,but,7,0.01839431286815501
24,NNS,4,0.01875187118508656
22,some,3,0.018140427238896303
18,what,3,0.019945703295620034
3,been,2,0.019104690006279325
20,VBZ,2,0.01631287304804701
21,there,2,0.017938934212145517
26,about,2,0.01774217041184971
25,not,2,0.018108967969033628
19,one,1,0.019547323893286526
27,DT,1,0.01742648722627842
