Metric,Mean,Standard Deviation
Overall F1,0.8146510315472659,0.02363975528319256
Overall Precision,0.8177288625747733,0.023324349085502037
Overall Recall,0.815054054054054,0.023509119995205975
Authentic F1,0.8223292000000001,0.02217711162801901
Authentic Precision,1.0,0.0
Authentic Recall,0.8559459459459459,0.028647824485026337
Synthetic F1,0.8069730189634354,0.025766904996966038
Synthetic Precision,0.8436149238678965,0.027477401080728273
Synthetic Recall,0.7741621621621622,0.034535336908624446
