Metric,Mean,Standard Deviation
Overall F1,0.8800157994550307,0.015705418922586818
Overall Precision,0.8924129962561759,0.013397683340009223
Overall Recall,0.8808997429305911,0.015372382416144888
Authentic F1,0.8701013000000001,0.01834829993253166
Authentic Precision,1.0,0.0
Authentic Recall,0.7973846153846154,0.029023195520881465
Synthetic F1,0.8899816080337024,0.013227387538278259
Synthetic Precision,0.8262123549114713,0.020386090611092176
Synthetic Recall,0.9648453608247424,0.014100010441960404
