Metric,Mean,Standard Deviation
Overall F1,0.47051140181879547,0.02611575582663106
Overall Precision,0.597272828320067,0.03758444986913126
Overall Recall,0.5429999999999999,0.016021607884101997
Authentic F1,0.6656435999999998,0.012766651437604653
Authentic Precision,1.0,0.0
Authentic Recall,0.91035,0.03353164493610793
Synthetic F1,0.27537914663301577,0.04986054061183178
Synthetic Precision,0.6696396813469554,0.06849393002240912
Synthetic Recall,0.17564999999999997,0.040086113114724216
