Metric,Mean,Standard Deviation
Overall F1,0.8693740059304325,0.015455659718356938
Overall Precision,0.8707410735350097,0.015556439105292976
Overall Recall,0.8694763092269326,0.015442809011679123
Authentic F1,0.8720558000000002,0.015518520650884198
Authentic Precision,1.0,0.0
Authentic Recall,0.89235,0.0244376654971275
Synthetic F1,0.8667060038669203,0.015751004790075993
Synthetic Precision,0.8882678462976729,0.02236679476160743
Synthetic Recall,0.8467164179104476,0.022234763377397545
