Metric,Mean,Standard Deviation
Overall F1,0.9337883738518858,0.011655242893100567
Overall Precision,0.9353469005161033,0.011079497154357546
Overall Recall,0.9338500000000001,0.011620145342368892
Authentic F1,0.9319403999999999,0.012419956401296306
Authentic Precision,1.0,0.0
Authentic Recall,0.9070500000000001,0.020805678614894126
Synthetic F1,0.9356364140738173,0.010935526562525293
Synthetic Precision,0.912130012972453,0.017927162762644847
Synthetic Recall,0.9606499999999998,0.01175625773618442
