Metric,Mean,Standard Deviation
Overall F1,0.9357904226856312,0.0114597376504049
Overall Precision,0.9383237775349244,0.01085488933002555
Overall Recall,0.9358848797250859,0.011416155441440562
Authentic F1,0.9381292999999999,0.010714504243342382
Authentic Precision,1.0,0.0
Authentic Recall,0.971340206185567,0.012203638034386104
Synthetic F1,0.9334515984373276,0.012249292350642435
Synthetic Precision,0.9693169933943215,0.012666060266915257
Synthetic Recall,0.9004295532646052,0.0198922981426644
