Metric,Mean,Standard Deviation
Overall F1,0.34671520112794474,0.010083896331257843
Overall Precision,0.5704026346160412,0.1550057628181865
Overall Recall,0.5033749999999998,0.005190499771581522
Authentic F1,0.6665994999999999,0.003314432283760881
Authentic Precision,0.61,0.4902071300001973
Authentic Recall,0.9929499999999999,0.006930207628763936
Synthetic F1,0.026832323294939862,0.018530468375973913
Synthetic Precision,0.6390941558441559,0.30811045391558733
Synthetic Recall,0.0138,0.009669278643981127
