Metric,Mean,Standard Deviation
Overall F1,0.3970519997648618,0.02069393792572834
Overall Precision,0.6612129838138407,0.047846623455073595
Overall Recall,0.5248,0.010302740637639328
Authentic F1,0.6744733,0.005319054950426492
Authentic Precision,1.0,0.0
Authentic Recall,0.9845000000000002,0.009197606188349213
Synthetic F1,0.11963084030753705,0.03748948233749726
Synthetic Precision,0.8094486918018124,0.09230153534651085
Synthetic Recall,0.0651,0.021996096990790956
