Metric,Mean,Standard Deviation
Overall F1,0.44287052128673987,0.024945233109694022
Overall Precision,0.4476067581995827,0.02656256162896905
Overall Recall,0.450175,0.025226887111439913
Authentic F1,0.4997771999999998,0.03550372454725381
Authentic Precision,0.03,0.1714466079977653
Authentic Recall,0.5522,0.06191114519204032
Synthetic F1,0.3859644215991223,0.04108491260897088
Synthetic Precision,0.4372058855674627,0.03281992307564099
Synthetic Recall,0.34814999999999996,0.053662125725447526
