Metric,Mean,Standard Deviation
Overall F1,0.8943224053744945,0.010734460055388407
Overall Precision,0.9050688617503931,0.009017596042636187
Overall Recall,0.8950070521861778,0.010534393444101784
Authentic F1,0.9028080000000002,0.009095983462579253
Authentic Precision,1.0,0.0
Authentic Recall,0.9732394366197182,0.008573116343866864
Synthetic F1,0.8858125306718111,0.012451788098117936
Synthetic Precision,0.9682853571807571,0.009817808086707368
Synthetic Recall,0.8165536723163842,0.020126804518123667
