,Key,Count,Mean Score
0,TTR,100,0.09309945609116166
1,of,100,0.07316778570010492
2,the,100,0.06153522011357722
3,a,100,0.048664632674476946
4,to,100,0.04179659324622517
5,and,100,0.031571605988439166
6,RB,100,0.03365496337272677
7,DT,100,0.027903883785069944
10,is,70,0.020857910128852686
11,from,70,0.02165822999359346
8,VB,34,0.02015329968064002
12,with,18,0.020718030144273716
9,VBG,6,0.0201489203134689
13,in,1,0.017551887525609284
14,lex_density,1,0.017970945332654285
