Metric,Mean,Standard Deviation
Overall F1,0.33620874955323127,0.006502396806649262
Overall Precision,0.36959329663554696,0.10819359742027722
Overall Recall,0.49302500000000005,0.006289471320782813
Authentic F1,0.6588048999999999,0.005537916957875333
Authentic Precision,0.07,0.2564323999762428
Authentic Recall,0.9789999999999999,0.012593087730412216
Synthetic F1,0.013613446475297402,0.011724312884384235
Synthetic Precision,0.24273948127895498,0.21447954487583068
Synthetic Recall,0.00705,0.006117329251537567
