Metric,Mean,Standard Deviation
Overall F1,0.9177550446424841,0.014053624097240735
Overall Precision,0.923617188913138,0.012888683607267228
Overall Recall,0.9180392156862746,0.013932209845512397
Authentic F1,0.9224453999999999,0.012672903123426678
Authentic Precision,1.0,0.0
Authentic Recall,0.9737908496732026,0.013794480277365342
Synthetic F1,0.9130649890307931,0.015511676004204179
Synthetic Precision,0.9707215628973218,0.015069245784760963
Synthetic Recall,0.8622875816993464,0.024582954592177946
