Metric,Mean,Standard Deviation
Overall F1,0.9890943632311435,0.005773238180550555
Overall Precision,0.9892717646622183,0.00559737983317247
Overall Recall,0.9890956072351423,0.0057711472824213544
Authentic F1,0.9890164333333333,0.0058735384956960695
Authentic Precision,1.0,0.0
Authentic Recall,0.9815807560137457,0.010803363212221933
Synthetic F1,0.9891739520028531,0.005673916157609468
Synthetic Precision,0.9818728612280161,0.010406719486765697
Synthetic Recall,0.9966493955094992,0.004092614545428324
