Metric,Mean,Standard Deviation
Overall F1,0.9382013278026787,0.013474696426127322
Overall Precision,0.9441386539531716,0.011080956345238912
Overall Recall,0.9384210526315789,0.013334695178482908
Authentic F1,0.9417842000000001,0.011935724255148888
Authentic Precision,1.0,0.0
Authentic Recall,0.9937593984962406,0.006592522530483647
Synthetic F1,0.9346188364662182,0.015031878920730725
Synthetic Precision,0.9930461697888971,0.007297649251818406
Synthetic Recall,0.8830827067669175,0.02631578947368423
