model,domain,mean,min,max,std
bloomz,M4_arxiv,0.9752125,0.9525,0.9925,0.006521261612224692
cohere,M4_arxiv,0.9110125,0.8575,0.94,0.012752099787681045
davinci,M4_arxiv,0.87400625,0.8325,0.92,0.014736641968918843
dolly,M4_arxiv,0.7439375,0.69,0.8,0.020059878172899205
gpt-3.5-turbo,M4_arxiv,0.9688625,0.945,0.99,0.007816992426951372
bloomz,M4_peerread,0.99733125,0.99,1.0,0.0021620785963474883
cohere,M4_peerread,0.95545,0.925,0.9775,0.008660742384265714
davinci,M4_peerread,0.99015625,0.975,1.0,0.003596889973463606
dolly,M4_peerread,0.91439375,0.8675,0.94125,0.010919130205681294
gpt-3.5-turbo,M4_peerread,0.987978125,0.975,1.0,0.004193434148674951
bloomz,M4_reddit,0.99588125,0.99,1.0,0.0025767048681187704
cohere,M4_reddit,0.9342005879345603,0.9025,0.9631901840490796,0.01056151989450608
davinci,M4_reddit,0.93490625,0.8925,0.9675,0.012321551305349163
dolly,M4_reddit,0.88453125,0.85,0.92,0.01403537655041931
gpt-3.5-turbo,M4_reddit,0.93559375,0.89,0.9625,0.011873718854456391
bloomz,M4_wikihow,0.99358125,0.985,1.0,0.0030559006169052732
cohere,M4_wikihow,0.93259375,0.905,0.9525,0.010235095718130648
davinci,M4_wikihow,0.90258125,0.8375,0.945,0.014089893057413412
dolly,M4_wikihow,0.857425,0.8075,0.9,0.016167232199264185
gpt-3.5-turbo,M4_wikihow,0.94635625,0.9125,0.97125,0.010135527516002222
bloomz,M4_wikipedia,0.97595625,0.9525,0.9925,0.007312326856602419
cohere,M4_wikipedia,0.9258375,0.88,0.9575,0.012106306498481515
davinci,M4_wikipedia,0.9491875,0.92,0.9725,0.00867090054905823
dolly,M4_wikipedia,0.8772375,0.8325,0.9075,0.014351337855447687
gpt-3.5-turbo,M4_wikipedia,0.9657375,0.94,0.9825,0.007590730511518147
