Metric,Mean,Standard Deviation
Overall F1,0.9202617465765739,0.014879080901187761
Overall Precision,0.9210656042244706,0.014720994814635001
Overall Recall,0.9203,0.014861651552525614
Authentic F1,0.9216064000000002,0.014407214208601386
Authentic Precision,1.0,0.0
Authentic Recall,0.9366500000000001,0.018188893825240103
Synthetic F1,0.918916789800721,0.015434942803784959
Synthetic Precision,0.9347760424670502,0.017834677797720508
Synthetic Recall,0.9039499999999999,0.022250808633586458
