,Key,Count,Mean Score
0,mean_sen_len,100,0.06534903337535765
1,sentiment,100,0.06105998055889965
2,any,100,0.05012331952236628
3,TTR,100,0.04655082218508442
4,so,100,0.0316063988824252
5,or,100,0.030290813686676677
7,don,92,0.023498637475911122
12,VBP,65,0.020720555769656788
6,because,60,0.021519133271840785
8,VBG,42,0.019983422860089743
11,has,42,0.020936994857848917
9,then,29,0.019723916981663578
10,just,28,0.020891238352452844
13,at,12,0.019270425181459962
17,it,9,0.019162936016641707
16,is,7,0.01775726629232454
14,NNS,7,0.01891703060282803
15,and,3,0.01874133304540056
19,was,2,0.018742994654715347
18,been,1,0.018641465237702083
20,VB,1,0.01828534237088824
