model,domain,mean,min,max,std
bloomz,M4_arxiv,0.9773499999999999,0.9675,0.9925,0.004098995935197752
cohere,M4_arxiv,0.9136,0.89,0.93625,0.00982851705369368
davinci,M4_arxiv,0.8760875,0.84125,0.89875,0.010731830722507947
dolly,M4_arxiv,0.74955,0.7025,0.7825,0.014971057937152466
gpt-3.5-turbo,M4_arxiv,0.96935,0.955,0.98125,0.006057593948462074
bloomz,M4_peerread,0.9975625,0.9925,1.0,0.0017351007160823597
cohere,M4_peerread,0.9566166666666667,0.93125,0.9775,0.007343755262812697
davinci,M4_peerread,0.99035,0.9825,1.0,0.0031164012132168005
dolly,M4_peerread,0.91655,0.8925,0.94125,0.008908537485680762
gpt-3.5-turbo,M4_peerread,0.9880458333333333,0.9775,0.99875,0.0037866082862195397
bloomz,M4_reddit,0.9962875,0.99,1.0,0.0020214678010562308
cohere,M4_reddit,0.9348261758691206,0.9100204498977504,0.9631901840490796,0.009919440783945554
davinci,M4_reddit,0.9390375,0.92125,0.955,0.008143394097318532
dolly,M4_reddit,0.8865875,0.85625,0.91375,0.010801022620403342
gpt-3.5-turbo,M4_reddit,0.9384875,0.91875,0.9625,0.008377336474926946
bloomz,M4_wikihow,0.9938375,0.98625,0.99875,0.0024762444580779222
cohere,M4_wikihow,0.9348875,0.9075,0.9525,0.008998272491333144
davinci,M4_wikihow,0.9066375,0.87875,0.9275,0.009719381800081603
dolly,M4_wikihow,0.862025,0.82875,0.89125,0.01225747040820742
gpt-3.5-turbo,M4_wikihow,0.9492375,0.9325,0.97125,0.007201323443884076
bloomz,M4_wikipedia,0.9783875,0.9675,0.9875,0.0050072390777571455
cohere,M4_wikipedia,0.930575,0.9125,0.9575,0.00828664954043916
davinci,M4_wikipedia,0.950475,0.935,0.9675,0.006832178394638244
dolly,M4_wikipedia,0.8815,0.855,0.9075,0.01171796083201365
gpt-3.5-turbo,M4_wikipedia,0.966675,0.95125,0.98125,0.0056469688839020085
