Metric,Mean,Standard Deviation
Overall F1,0.8840990689166196,0.015111811627657413
Overall Precision,0.8907595528011931,0.01346997080683808
Overall Recall,0.8845994832041342,0.014887929089542874
Authentic F1,0.8914971,0.013056861913193463
Authentic Precision,1.0,0.0
Authentic Recall,0.9447938144329897,0.017434802583270858
Synthetic F1,0.8766629953470154,0.017439853739945138
Synthetic Precision,0.9373779154729572,0.017797804981168716
Synthetic Recall,0.8240932642487047,0.030269351949595243
