Metric,Mean,Standard Deviation
Overall F1,0.33500390411894293,0.003823626125881228
Overall Precision,0.38406308859982546,0.18697040867483128
Overall Recall,0.498925,0.002848333732290689
Authentic F1,0.6651622999999998,0.0021537131924078377
Authentic Precision,0.17,0.3775251680686369
Authentic Recall,0.9954000000000001,0.004419881620061059
Synthetic F1,0.004846685035786042,0.006511846013790025
Synthetic Precision,0.26866666666666666,0.37289837577173574
Synthetic Recall,0.00245,0.0032948536547258976
