Metric,Mean,Standard Deviation
Overall F1,0.934424174671099,0.012963291203131864
Overall Precision,0.9405446115776982,0.010671077353410484
Overall Recall,0.9346744412050534,0.012812185465237741
Authentic F1,0.9384539000000001,0.011390581002532346
Authentic Precision,1.0,0.0
Authentic Recall,0.991124031007752,0.007569175048498744
Synthetic F1,0.9303712946468431,0.014572735527972587
Synthetic Precision,0.9900273030197783,0.008387000732053288
Synthetic Recall,0.8778947368421052,0.025514586416820067
