Metric,Mean,Standard Deviation
Overall F1,0.4940774248043056,0.029191388204557807
Overall Precision,0.5207774273777767,0.031030198224846667
Overall Recall,0.5172249999999999,0.02554184277461657
Authentic F1,0.6008074,0.02231811152993519
Authentic Precision,0.73,0.44619604333847374
Authentic Recall,0.7273,0.039876197300032404
Synthetic F1,0.3873474767711532,0.046056540992223616
Synthetic Precision,0.5292350613976745,0.04407974859195233
Synthetic Recall,0.30715,0.04728088750470239
