Metric,Mean,Standard Deviation
Overall F1,0.448147331954696,0.03314256483166547
Overall Precision,0.5734907856635939,0.04446281138096652
Overall Recall,0.5310999999999999,0.019887054822043154
Authentic F1,0.6616327,0.011287489620340437
Authentic Precision,0.92,0.2726599243442907
Authentic Recall,0.9166500000000002,0.02012655665602744
Synthetic F1,0.2346618405557554,0.05840226762824231
Synthetic Precision,0.6291901265426835,0.07823620266534634
Synthetic Recall,0.14554999999999998,0.04190474407221187
