Metric,Mean,Standard Deviation
Overall F1,0.3254440364109164,0.008586375242349866
Overall Precision,0.29503397826504013,0.042203226779321125
Overall Recall,0.46724999999999994,0.010978054325228876
Authentic F1,0.6346360999999999,0.009937767557671248
Authentic Precision,0.0,0.0
Authentic Recall,0.9256499999999999,0.021125586478022408
Synthetic F1,0.016253484673159947,0.012742919013313748
Synthetic Precision,0.1072095115160635,0.08083522370735256
Synthetic Recall,0.008850000000000002,0.007030058120081026
