,Key,Count,Mean Score
0,PRP,100,0.07601130663228602
1,of,100,0.0674575336705277
2,NN,100,0.05377132754799451
3,VB,100,0.05258711852474495
4,sentiment,100,0.06034714353253043
7,DT,95,0.0385780090541868
6,IN,94,0.0392861367834295
5,have,62,0.035294541890540126
8,to,59,0.035257864999996794
10,NNS,43,0.032861722936875996
14,the,36,0.03352532558322768
9,mean_sen_len,32,0.03191977560075706
12,RB,31,0.0330519175177574
11,i,29,0.032213788023275625
13,which,19,0.031791411949631365
