Metric,Mean,Standard Deviation
Overall F1,0.957142743418702,0.01183603423339757
Overall Precision,0.957691738683724,0.011716227545269547
Overall Recall,0.9571562500000002,0.011829349721597483
Authentic F1,0.9565627000000001,0.012043759678016592
Authentic Precision,1.0,0.0
Authentic Recall,0.9441250000000001,0.017606547938282233
Synthetic F1,0.9577234389802655,0.011651603544450433
Synthetic Precision,0.9457957414703659,0.016297975234319674
Synthetic Recall,0.9701875,0.014860860353779837
