Metric,Mean,Standard Deviation
Overall F1,0.8253979031818204,0.02326478870426479
Overall Precision,0.826963510731207,0.023085047723082095
Overall Recall,0.8255882352941175,0.023199027320009512
Authentic F1,0.82132,0.024868993965771215
Authentic Precision,1.0,0.0
Authentic Recall,0.8027886710239651,0.0355806613785449
Synthetic F1,0.8294756198161709,0.02237109567995406
Synthetic Precision,0.812176734787151,0.0281989629950187
Synthetic Recall,0.84838779956427,0.029919012889860017
