Metric,Mean,Standard Deviation
Overall F1,0.3972384877709548,0.04138334188269669
Overall Precision,0.4007990176090664,0.0429183572199282
Overall Recall,0.4104499999999999,0.03677734672761525
Authentic F1,0.48075009999999985,0.031589273575699774
Authentic Precision,0.01,0.09999999999999999
Authentic Recall,0.5469499999999999,0.05105896274668803
Synthetic F1,0.31372715493695935,0.06980460181314416
Synthetic Precision,0.37139423898641516,0.06058027681389833
Synthetic Recall,0.27395,0.07557622080730918
