,Key,Count,Mean Score
0,PRP,100,0.0764808367597545
1,of,100,0.06727573329576271
2,VB,100,0.05198715847685044
3,NN,100,0.053021706162689156
4,sentiment,100,0.05944225316354393
5,DT,98,0.03884886480883293
6,IN,95,0.03936742959347537
14,have,67,0.03530285739340469
8,to,55,0.0361366538642526
12,NNS,40,0.033821650639631884
7,the,36,0.033295846719008045
11,mean_sen_len,34,0.03174204307775973
9,RB,31,0.03243914530145298
13,i,24,0.03251308896969745
10,which,20,0.03302996315852663
