Metric,Mean,Standard Deviation
Overall F1,0.48133790913527696,0.024371801292943165
Overall Precision,0.5901885502220481,0.03191029914922864
Overall Recall,0.5457500000000001,0.017296800077739614
Authentic F1,0.6638177999999999,0.011782582984124408
Authentic Precision,1.0,0.0
Authentic Recall,0.89695,0.02073029062736338
Synthetic F1,0.2988576542454035,0.04073308261485286
Synthetic Precision,0.6533939830261326,0.054237734087622266
Synthetic Recall,0.19454999999999995,0.0313589112236269
