Metric,Mean,Standard Deviation
Overall F1,0.891103535970068,0.015613401783088949
Overall Precision,0.8922161655857392,0.015609630839173678
Overall Recall,0.8911825192802056,0.015596549947148878
Authentic F1,0.8935851000000002,0.015239801855534725
Authentic Precision,1.0,0.0
Authentic Recall,0.9115384615384617,0.021786109730713283
Synthetic F1,0.888609391104642,0.0161935232380199
Synthetic Precision,0.9077787327272123,0.020864131336763656
Synthetic Recall,0.8707216494845363,0.02318783342575913
