Metric,Mean,Standard Deviation
Overall F1,0.9466914111280706,0.010240622915826121
Overall Precision,0.9469699856034228,0.010165165776200313
Overall Recall,0.9467,0.010236348386159402
Authentic F1,0.9467231999999999,0.010189953249761408
Authentic Precision,1.0,0.0
Authentic Recall,0.9470999999999998,0.015393492000179662
Synthetic F1,0.9466596670935116,0.010340247881621611
Synthetic Precision,0.9473053179853065,0.014321486233940863
Synthetic Recall,0.9462999999999999,0.01670631647314899
