Metric,Mean,Standard Deviation
Overall F1,0.9094623360032068,0.012688936351672796
Overall Precision,0.9171858490077816,0.011131097999901318
Overall Recall,0.909875,0.01252459701160203
Authentic F1,0.9154553999999999,0.01113478981763142
Authentic Precision,1.0,0.0
Authentic Recall,0.9749499999999999,0.011180226954202444
Synthetic F1,0.9034686161917835,0.014322112019306893
Synthetic Precision,0.9713571965986229,0.012446419655448984
Synthetic Recall,0.8448,0.022939534045447005
