Metric,Mean,Standard Deviation
Overall F1,0.921697567153075,0.012719957626079127
Overall Precision,0.9265161725291035,0.011724622097065663
Overall Recall,0.9219293712316967,0.012627375333748348
Authentic F1,0.9259320333333333,0.011552482317285449
Authentic Precision,1.0,0.0
Authentic Recall,0.9725257731958764,0.012248737985147064
Synthetic F1,0.9174413374325652,0.013954311215469377
Synthetic Precision,0.9694334250455517,0.01322285690119582
Synthetic Recall,0.8710708117443869,0.022187732405170905
