Metric,Mean,Standard Deviation
Overall F1,0.49151479181300656,0.026250025621573067
Overall Precision,0.4997568662435916,0.02563745580445798
Overall Recall,0.49994999999999995,0.02422271452562447
Authentic F1,0.43153320000000017,0.04600181256595805
Authentic Precision,0.43,0.497569851956243
Authentic Recall,0.38295,0.06000881669228349
Synthetic F1,0.5514960603633638,0.028407193134246937
Synthetic Precision,0.5001766321353891,0.02026802057694191
Synthetic Recall,0.6169500000000001,0.05423431672945748
