Metric,Mean,Standard Deviation
Overall F1,0.9903365052558257,0.0036938691350543135
Overall Precision,0.9904281641850639,0.003629423386062331
Overall Recall,0.9903370786516854,0.003693245425315081
Authentic F1,0.9904011000000001,0.0036436494900114326
Authentic Precision,1.0,0.0
Authentic Recall,0.9960112359550561,0.0031482757299788064
Synthetic F1,0.9902725870577304,0.003744517203505909
Synthetic Precision,0.9959761807166708,0.003161012799446902
Synthetic Recall,0.9846629213483147,0.006827330690147392
