Metric,Mean,Standard Deviation
Overall F1,0.4827898855407704,0.02792008824760912
Overall Precision,0.6020153857315376,0.03422646597494603
Overall Recall,0.550753768844221,0.018185095530434084
Authentic F1,0.6702584000000001,0.0122163134613458
Authentic Precision,1.0,0.0
Authentic Recall,0.9087000000000001,0.025991645899512722
Synthetic F1,0.2934274141536102,0.049673172925191564
Synthetic Precision,0.6735943151598373,0.05969221913494157
Synthetic Recall,0.18919191919191922,0.039699110200812016
