Metric,Mean,Standard Deviation
Overall F1,0.34789758108147567,0.009922508647358838
Overall Precision,0.6674940776201563,0.15624451906211917
Overall Recall,0.5061,0.004582575694955843
Authentic F1,0.6690744,0.002181096156625016
Authentic Precision,0.85,0.3588702812826367
Authentic Recall,0.9985499999999999,0.0025912634880780605
Synthetic F1,0.026722398302540626,0.017939413805214445
Synthetic Precision,0.8319047619047619,0.311114746201928
Synthetic Recall,0.013650000000000002,0.009316407813393237
