,Key,Count,Mean Score
0,of,100,0.06779448676854039
1,PRP,100,0.07510351659132927
2,sentiment,100,0.06103683937506992
3,NN,100,0.054286798202627606
4,VB,100,0.054422683844505874
5,DT,98,0.0376876708976954
6,IN,98,0.03853815924988998
7,have,62,0.0363921905670468
10,to,56,0.034501066977569946
8,the,43,0.0332917253569952
11,mean_sen_len,35,0.03151782355831688
9,RB,34,0.032756368677906204
12,NNS,34,0.032561737493390724
14,i,25,0.032110530837885294
13,which,15,0.031938308417086794
