Metric,Mean,Standard Deviation
Overall F1,0.9383219675666621,0.012211036867080822
Overall Precision,0.9404351145100175,0.01140678988210032
Overall Recall,0.9384,0.012162203415466772
Authentic F1,0.9403510000000002,0.011382063818467928
Authentic Precision,1.0,0.0
Authentic Recall,0.9698999999999997,0.012349702486908405
Synthetic F1,0.9362936640837417,0.013087692159925977
Synthetic Precision,0.9680506565308323,0.01253804418163558
Synthetic Recall,0.9069000000000002,0.02223360819420307
