Metric,Mean,Standard Deviation
Overall F1,0.9640515531446886,0.006739609568265866
Overall Precision,0.9641381805479456,0.006708883478570831
Overall Recall,0.964053295932679,0.006738534137561023
Authentic F1,0.9640846000000001,0.00670134833711497
Authentic Precision,1.0,0.0
Authentic Recall,0.9634733893557423,0.008946238484276624
Synthetic F1,0.9640182585919354,0.006788046062567326
Synthetic Precision,0.9634899267229404,0.008599335082773172
Synthetic Recall,0.9646348314606742,0.010140496989454904
