Metric,Mean,Standard Deviation
Overall F1,0.9596868111820087,0.01084371792674667
Overall Precision,0.9623930983332645,0.009540479555842326
Overall Recall,0.9597527472527473,0.010795661384700716
Authentic F1,0.9612566,0.010049050633082845
Authentic Precision,1.0,0.0
Authentic Recall,0.9961538461538462,0.005209619662724618
Synthetic F1,0.9581161986399664,0.011645230018580794
Synthetic Precision,0.9958819435313427,0.005494546285760441
Synthetic Recall,0.9233516483516485,0.02101879135776455
