Metric,Mean,Standard Deviation
Overall F1,0.8985269643486327,0.013379694902485882
Overall Precision,0.9046167741919278,0.012159453652143971
Overall Recall,0.8988999999999998,0.013225511007675338
Authentic F1,0.9044703000000002,0.011839597868461104
Authentic Precision,1.0,0.0
Authentic Recall,0.9564499999999999,0.014569495599374802
Synthetic F1,0.8925833960935661,0.015070480728021196
Synthetic Precision,0.9510748315047004,0.015417854972299052
Synthetic Recall,0.8413500000000002,0.024861789675294607
