Metric,Mean,Standard Deviation
Overall F1,0.43662492816835174,0.025547542269731358
Overall Precision,0.44467438683128385,0.02809122279833889
Overall Recall,0.44934999999999997,0.02629864420210074
Authentic F1,0.5179583999999999,0.03252273137361005
Authentic Precision,0.0,0.0
Authentic Recall,0.5937499999999999,0.0557246794426841
Synthetic F1,0.3552912916807693,0.03715784981323787
Synthetic Precision,0.42917334207310887,0.03561966955499143
Synthetic Recall,0.30495,0.04271998917073218
