Metric,Mean,Standard Deviation
Overall F1,0.8829459825512098,0.015255961886853363
Overall Precision,0.8843124684478478,0.01505003146530565
Overall Recall,0.8830379746835445,0.015225111885292564
Authentic F1,0.8803963,0.0160755633525029
Authentic Precision,1.0,0.0
Authentic Recall,0.8594781144781143,0.024215447634321107
Synthetic F1,0.885508745496604,0.01465712702731149
Synthetic Precision,0.8656614876036436,0.020211857742691464
Synthetic Recall,0.9067174280879863,0.01955308655218491
