Metric,Mean,Standard Deviation
Overall F1,0.8858782821909638,0.01629148506873977
Overall Precision,0.8874203550242449,0.01591837865064814
Overall Recall,0.8859895833333331,0.016238060693147892
Authentic F1,0.8830353,0.01733045159349125
Authentic Precision,1.0,0.0
Authentic Recall,0.8616666666666668,0.02716253635124209
Synthetic F1,0.8887214670615835,0.0155424417738684
Synthetic Precision,0.8686477339304318,0.022057698855438283
Synthetic Recall,0.9103125,0.021792171228490566
