Metric,Mean,Standard Deviation
Overall F1,0.9580927443478455,0.009613207909416872
Overall Precision,0.9606979124124518,0.008488284604835673
Overall Recall,0.9581615598885794,0.00956757639891695
Authentic F1,0.9597903000000001,0.008867963957841495
Authentic Precision,1.0,0.0
Authentic Recall,0.9940555555555555,0.005816272951921503
Synthetic F1,0.9563864873914192,0.01037137081858256
Synthetic Precision,0.9936105284645543,0.00619762133417932
Synthetic Recall,0.9220670391061451,0.019013573423335324
