Metric,Mean,Standard Deviation
Overall F1,0.9676145825322758,0.00865650196283226
Overall Precision,0.9677870593105645,0.00859363126185289
Overall Recall,0.9676178451178451,0.008654141810109685
Authentic F1,0.9676749333333335,0.008630501851161296
Authentic Precision,1.0,0.0
Authentic Recall,0.9694781144781143,0.012766314466957735
Synthetic F1,0.9675544268073888,0.008696817299126558
Synthetic Precision,0.9695291141695839,0.012344355383504643
Synthetic Recall,0.9657575757575758,0.012749742480023711
