Metric,Mean,Standard Deviation
Overall F1,0.8808481931728732,0.016774109734133905
Overall Precision,0.8880028343357488,0.01509183595969126
Overall Recall,0.8814039621016366,0.01652717277913738
Authentic F1,0.8888265,0.014531187245342246
Authentic Precision,1.0,0.0
Authentic Recall,0.9446563573883162,0.016442063418279373
Synthetic F1,0.8728288639276205,0.019235916070465646
Synthetic Precision,0.9366261276173315,0.01759011156538467
Synthetic Recall,0.8178238341968913,0.030549572572068126
