Metric,Mean,Standard Deviation
Overall F1,0.8570715111642275,0.012034852657327058
Overall Precision,0.8579016918471843,0.01186493650401844
Overall Recall,0.8571488764044943,0.012006304979300924
Authentic F1,0.8546057,0.012868470611097764
Authentic Precision,1.0,0.0
Authentic Recall,0.840140449438202,0.021292146809768174
Synthetic F1,0.859536905698543,0.011611230949313874
Synthetic Precision,0.8457698558524049,0.016837196050367237
Synthetic Recall,0.8741573033707867,0.01786849097803569
