Metric,Mean,Standard Deviation
Overall F1,0.9089032538738806,0.014105801871995853
Overall Precision,0.9093162193287339,0.014122871500744167
Overall Recall,0.9089250000000001,0.014103043406773359
Authentic F1,0.9093418999999998,0.014176508288807455
Authentic Precision,1.0,0.0
Authentic Recall,0.91385,0.02088756577584865
Synthetic F1,0.9084647734220119,0.014165397898293445
Synthetic Precision,0.9133756708085019,0.01927110826352658
Synthetic Recall,0.904,0.019860625479688317
