Metric,Mean,Standard Deviation
Overall F1,0.4866558914275069,0.03395803897455824
Overall Precision,0.6068042422062089,0.041200543679710204
Overall Recall,0.5527249999999999,0.02288281245958648
Authentic F1,0.6702119000000002,0.014994610526398607
Authentic Precision,0.99,0.09999999999999999
Authentic Recall,0.9089000000000002,0.027206468333687103
Synthetic F1,0.30309976726861865,0.05803970529873025
Synthetic Precision,0.6825709372588168,0.0701926962197573
Synthetic Recall,0.19655,0.04475350559035864
