Metric,Mean,Standard Deviation
Overall F1,0.7775431143936069,0.021259495064557352
Overall Precision,0.7822784048269503,0.020289419119892443
Overall Recall,0.7783500000000001,0.02095335126639482
Authentic F1,0.7651752999999999,0.02499526239776917
Authentic Precision,1.0,0.0
Authentic Recall,0.7236499999999998,0.036789429476578206
Synthetic F1,0.789910950374926,0.018604209969917802
Synthetic Precision,0.7516400439539241,0.024964535492510345
Synthetic Recall,0.8330500000000001,0.02457615457587645
