Metric,Mean,Standard Deviation
Overall F1,0.8713865353299944,0.016115025946435716
Overall Precision,0.8781118779127293,0.015234132665007108
Overall Recall,0.8719289340101521,0.015935898486270833
Authentic F1,0.8793541000000001,0.014404460314763475
Authentic Precision,1.0,0.0
Authentic Recall,0.9329441624365481,0.02017978113216992
Synthetic F1,0.8634195982359959,0.018179215647491174
Synthetic Precision,0.9241724855855579,0.02095383355897506
Synthetic Recall,0.8109137055837562,0.029372544211951384
