Metric,Mean,Standard Deviation
Overall F1,0.4599239399275431,0.02925968789491286
Overall Precision,0.5885422177710882,0.03738851156439045
Overall Recall,0.537525,0.01644740239230942
Authentic F1,0.6638337,0.011756770381702659
Authentic Precision,0.98,0.14070529413628968
Authentic Recall,0.9136500000000001,0.031741180275039
Synthetic F1,0.2560140881025444,0.05587276554317319
Synthetic Precision,0.6555001447412657,0.06725477717301734
Synthetic Recall,0.16140000000000002,0.04300622459057937
