Metric,Mean,Standard Deviation
Overall F1,0.7668937669888506,0.01873942872639398
Overall Precision,0.7682922135289202,0.018681837694496464
Overall Recall,0.7671458333333333,0.018692207012072245
Authentic F1,0.7608886333333333,0.020036011186856075
Authentic Precision,1.0,0.0
Authentic Recall,0.741475,0.028194176353771343
Synthetic F1,0.7728989335946407,0.018662521959813917
Synthetic Precision,0.7545056523819152,0.020700805772037936
Synthetic Recall,0.7928166666666667,0.027019280658693825
