Metric,Mean,Standard Deviation
Overall F1,0.38214733705756415,0.026737450990464356
Overall Precision,0.4689201328095993,0.06019327394514473
Overall Recall,0.49155,0.017673312072046924
Authentic F1,0.6416826,0.013813265591561983
Authentic Precision,0.26,0.44084400227680803
Authentic Recall,0.91095,0.030182065381730763
Synthetic F1,0.12261267836710273,0.04873307468789166
Synthetic Precision,0.4424271024364916,0.11112659959494034
Synthetic Recall,0.07215,0.0314004358845124
