Metric,Mean,Standard Deviation
Overall F1,0.8077075552020192,0.017885833270428197
Overall Precision,0.8186665069913598,0.017624717111283265
Overall Recall,0.8091581632653061,0.017575299767523745
Authentic F1,0.8239072333333333,0.01587254818752932
Authentic Precision,1.0,0.0
Authentic Recall,0.8929251700680273,0.02438467606736992
Synthetic F1,0.7915079735596855,0.02079841192372863
Synthetic Precision,0.8720839103417982,0.024953612547633307
Synthetic Recall,0.7253911564625851,0.03005782594133807
