Metric,Mean,Standard Deviation
Overall F1,0.947839865510347,0.010772020748054906
Overall Precision,0.951593233101626,0.009345552461085446
Overall Recall,0.9479545454545456,0.010707093567632347
Authentic F1,0.9502179,0.009824394837815345
Authentic Precision,1.0,0.0
Authentic Recall,0.9915656565656564,0.006135602034997757
Synthetic F1,0.9454621868248198,0.011730908685555139
Synthetic Precision,0.9908161255097291,0.0066192005899502965
Synthetic Recall,0.904343434343434,0.021219893533342804
