Metric,Mean,Standard Deviation
Overall F1,0.9151278123803157,0.014979509806161449
Overall Precision,0.9161509319071938,0.014804399960522989
Overall Recall,0.915184233076264,0.01495563214992215
Authentic F1,0.9170093333333333,0.01455891567531819
Authentic Precision,1.0,0.0
Authentic Recall,0.9347008547008547,0.019678305439276463
Synthetic F1,0.9132368053111413,0.015521997435955904
Synthetic Precision,0.9320630896687804,0.019163774912541155
Synthetic Recall,0.8955670103092783,0.0221593549021654
