Metric,Mean,Standard Deviation
Overall F1,0.33633993402272194,0.005935905457512857
Overall Precision,0.41360402877010705,0.1924671091451658
Overall Recall,0.4989249999999999,0.004193173263794613
Authentic F1,0.6648130999999998,0.003129838378052019
Authentic Precision,0.25,0.4351941398892446
Authentic Recall,0.99385,0.006429689657433644
Synthetic F1,0.007867934174024397,0.010279068821406763
Synthetic Precision,0.32775000000000004,0.3834651636145692
Synthetic Recall,0.004,0.005270462766947299
