Metric,Mean,Standard Deviation
Overall F1,0.3774074885304712,0.04179527110775531
Overall Precision,0.3822596650989701,0.04512429559667577
Overall Recall,0.40595000000000003,0.03285601431652471
Authentic F1,0.5042724999999999,0.03216261771895058
Authentic Precision,0.01,0.09999999999999999
Authentic Recall,0.6068000000000001,0.06394252469715646
Synthetic F1,0.2505426521459411,0.08243629510889038
Synthetic Precision,0.33140314939796994,0.07228208185566969
Synthetic Recall,0.20509999999999998,0.08406340800643622
