Metric,Mean,Standard Deviation
Overall F1,0.973746007663659,0.006324009885161812
Overall Precision,0.9740111316074648,0.006223289881847227
Overall Recall,0.9737499999999999,0.006321560029938916
Authentic F1,0.9739877,0.006208174776092003
Authentic Precision,1.0,0.0
Authentic Recall,0.98235,0.00860041695019328
Synthetic F1,0.9735048134023907,0.006447907724117462
Synthetic Precision,0.9821375981871193,0.008508734254609374
Synthetic Recall,0.9651499999999998,0.011665692600029543
