Metric,Mean,Standard Deviation
Overall F1,0.3393349394716998,0.006292489867366347
Overall Precision,0.5212906660218765,0.20490305318362384
Overall Recall,0.5008249999999999,0.0041901610344889425
Authentic F1,0.6659630999999999,0.002941920177933682
Authentic Precision,0.47,0.5016135580465918
Authentic Recall,0.9952000000000001,0.005592202363356259
Synthetic F1,0.012707933778397396,0.01073861265449758
Synthetic Precision,0.5421666666666666,0.4080933122646725
Synthetic Recall,0.00645,0.005472382451635639
