Metric,Mean,Standard Deviation
Overall F1,0.41884725634844405,0.025033593295989243
Overall Precision,0.4275547819164053,0.027545413869235858
Overall Recall,0.4359499999999999,0.024976706319806433
Authentic F1,0.5152546,0.03179356756047082
Authentic Precision,0.0,0.0
Authentic Recall,0.6017,0.0555878592950844
Synthetic F1,0.3224397840993356,0.04020141385205509
Synthetic Precision,0.40374267679607584,0.03688830058894915
Synthetic Recall,0.2702,0.04480552815820112
