Metric,Mean,Standard Deviation
Overall F1,0.9835260907564276,0.0108977522504717
Overall Precision,0.9837678414819738,0.010679365719915918
Overall Recall,0.9835294117647058,0.010892453922466794
Authentic F1,0.9836254,0.010780068253752184
Authentic Precision,1.0,0.0
Authentic Recall,0.9822077922077922,0.014376063383511347
Synthetic F1,0.9834245106302307,0.01102646487089647
Synthetic Precision,0.9822307222014319,0.014107417585868942
Synthetic Recall,0.9848684210526315,0.016766572886767122
