Metric,Mean,Standard Deviation
Overall F1,0.9282105253499036,0.013641441683784465
Overall Precision,0.9285458294792389,0.013536821351862256
Overall Recall,0.9282249999999999,0.013634362226863907
Authentic F1,0.9278573,0.013827756514059725
Authentic Precision,1.0,0.0
Authentic Recall,0.9236,0.0199504436547211
Synthetic F1,0.9285639275621216,0.013527965487003697
Synthetic Precision,0.9246177156207984,0.0182908639179596
Synthetic Recall,0.9328499999999998,0.017670597047072266
