Metric,Mean,Standard Deviation
Overall F1,0.9657132103032514,0.009258433716474978
Overall Precision,0.9662631370767927,0.008924766356586915
Overall Recall,0.965725,0.009247542671139483
Authentic F1,0.9662386,0.008952274359179356
Authentic Precision,1.0,0.0
Authentic Recall,0.9798000000000002,0.009742129690631873
Synthetic F1,0.9651883069381042,0.009578965147791399
Synthetic Precision,0.9793175504839523,0.00982115098094428
Synthetic Recall,0.9516499999999999,0.01628432660349492
