Metric,Mean,Standard Deviation
Overall F1,0.9204929628472831,0.012825731920720252
Overall Precision,0.9218253744517206,0.01257121910005443
Overall Recall,0.9205555555555556,0.012801230171634273
Authentic F1,0.9224140666666667,0.012264383275129916
Authentic Precision,1.0,0.0
Authentic Recall,0.9440625,0.01630332683691642
Synthetic F1,0.9185721408825274,0.013483081125727072
Synthetic Precision,0.9415864153618467,0.015990650512926783
Synthetic Recall,0.8970486111111112,0.021694478182453326
