Metric,Mean,Standard Deviation
Overall F1,0.917628730360694,0.013294937639453207
Overall Precision,0.9187504714197778,0.013071688193515564
Overall Recall,0.9176837606837609,0.013271210706804051
Authentic F1,0.9159894333333334,0.013907645331775988
Authentic Precision,1.0,0.0
Authentic Recall,0.8982905982905985,0.02288732232170726
Synthetic F1,0.919268198755982,0.012822742405923255
Synthetic Precision,0.9025593138237533,0.01955561362478458
Synthetic Recall,0.937076923076923,0.01893682100251101
