Metric,Mean,Standard Deviation
Overall F1,0.9799722977516461,0.006761250386496818
Overall Precision,0.9800790713033727,0.006723048601986944
Overall Recall,0.9799735449735449,0.006760490802188954
Authentic F1,0.9799707999999999,0.006783191299235194
Authentic Precision,1.0,0.0
Authentic Recall,0.9801587301587302,0.01056529597580692
Synthetic F1,0.9799736279396671,0.006744185274268938
Synthetic Precision,0.980266889343826,0.010280658861761147
Synthetic Recall,0.9797883597883598,0.009553454772385525
