Metric,Mean,Standard Deviation
Overall F1,0.35588865209017967,0.01733824880277763
Overall Precision,0.3947967137604597,0.047965266610634785
Overall Recall,0.46417499999999995,0.020409491627300474
Authentic F1,0.6194293,0.020407948850208517
Authentic Precision,0.02,0.14070529413628968
Authentic Recall,0.87335,0.04362405392450456
Synthetic F1,0.09234791209228224,0.029470582603999495
Synthetic Precision,0.30954722132999013,0.08608122694236979
Synthetic Recall,0.055,0.0188829461834126
