Metric,Mean,Standard Deviation
Overall F1,0.9815203019607994,0.007138087326902158
Overall Precision,0.9816854636620985,0.007050630348797516
Overall Recall,0.9815222222222222,0.007136292394798581
Authentic F1,0.9815968999999999,0.007078715474285317
Authentic Precision,1.0,0.0
Authentic Recall,0.9850666666666666,0.01008857096986714
Synthetic F1,0.9814437235682497,0.007203222281129568
Synthetic Precision,0.985080173117437,0.009904855642432188
Synthetic Recall,0.9779777777777777,0.012090312122485708
