,Key,Count,Mean Score
0,TTR,300,0.2010788741094309
1,the,300,0.08720193475058192
2,DT,300,0.06411192810762494
3,mean_sen_len,300,0.052651980762372014
4,and,300,0.05572820894393888
5,a,300,0.0454143889113863
6,or,300,0.04216558068061382
7,lex_density,299,0.0342395324404093
8,of,298,0.03666569014632956
9,VBG,286,0.028268456890780547
10,NNS,13,0.0265031696205797
11,is,2,0.02520121402309308
12,to,2,0.02177890821487459
