Metric,Mean,Standard Deviation
Overall F1,0.903673162517699,0.010296597206697261
Overall Precision,0.905243279168467,0.009954339079146644
Overall Recall,0.9037640449438203,0.010261793272304302
Authentic F1,0.9063854,0.009690180223694339
Authentic Precision,1.0,0.0
Authentic Recall,0.9315168539325844,0.013282445844947907
Synthetic F1,0.9009608574708031,0.01103111220801252
Synthetic Precision,0.9276845674891063,0.012738158229835374
Synthetic Recall,0.876011235955056,0.01818251156895542
