,Key,Count,Mean Score
0,TTR,100,0.0776426084528473
1,just,100,0.04385533231183121
2,sentiment,100,0.04112123052468558
3,mean_sen_len,100,0.030453948005132805
4,VBD,100,0.03153221369963896
5,i,100,0.029377682515550535
6,so,100,0.03496813681428334
8,don,90,0.022283948540070236
10,NNS,52,0.020781788698190324
7,because,51,0.022006405404828462
9,VB,41,0.020390103697174703
12,VBG,30,0.020285003901195982
11,VBP,22,0.01969165210743784
13,or,10,0.019906838598802087
14,to,4,0.019372068628843584
