Metric,Mean,Standard Deviation
Overall F1,0.970731529899027,0.006395335410839346
Overall Precision,0.97083743461315,0.0063648400793231375
Overall Recall,0.9707334273624822,0.006394280682610709
Authentic F1,0.9708857999999999,0.006330926206035153
Authentic Precision,1.0,0.0
Authentic Recall,0.9743943661971829,0.008380177080849765
Synthetic F1,0.9705773113619729,0.006466270348541466
Synthetic Precision,0.9742027991334504,0.008241432617331032
Synthetic Recall,0.9670621468926552,0.009869421266116132
