Metric,Mean,Standard Deviation
Overall F1,0.8749925419662573,0.016512585765252608
Overall Precision,0.8842238705854676,0.014618636882730263
Overall Recall,0.8757142857142859,0.016235930591649815
Authentic F1,0.8842045000000001,0.014235315125320258
Authentic Precision,1.0,0.0
Authentic Recall,0.9480612244897958,0.01676356670796137
Synthetic F1,0.8657810718971707,0.019045978655177306
Synthetic Precision,0.9396423303622568,0.01778885986339081
Synthetic Recall,0.8033673469387757,0.030478129907809886
