Metric,Mean,Standard Deviation
Overall F1,0.8289685711559627,0.017005760746368472
Overall Precision,0.8343469575852208,0.01668226406938055
Overall Recall,0.8295875420875419,0.01685149540351766
Authentic F1,0.8386061666666668,0.01569067116189078
Authentic Precision,1.0,0.0
Authentic Recall,0.8854882154882155,0.0242336720197117
Synthetic F1,0.8193314559901153,0.01907005199451522
Synthetic Precision,0.8717130324578183,0.022972789835794635
Synthetic Recall,0.7736868686868688,0.0293333968269501
