Metric,Mean,Standard Deviation
Overall F1,0.9598289833824047,0.009769031389750214
Overall Precision,0.9604555988953044,0.009612342317456448
Overall Recall,0.9598449612403098,0.009761530795181524
Authentic F1,0.9605440000000001,0.009554167528974837
Authentic Precision,1.0,0.0
Authentic Recall,0.974639175257732,0.013119932723474783
Synthetic F1,0.9591110182948073,0.010009405522051706
Synthetic Precision,0.9739238869459623,0.013000281011964607
Synthetic Recall,0.9449740932642489,0.016029812901071246
