Metric,Mean,Standard Deviation
Overall F1,0.874207689850269,0.022733989207093845
Overall Precision,0.8823035127056934,0.02030005916359752
Overall Recall,0.8748275862068965,0.02238447920061075
Authentic F1,0.8663909,0.02606866395878315
Authentic Precision,1.0,0.0
Authentic Recall,0.8109803921568628,0.042860887506981554
Synthetic F1,0.8821015602094967,0.019773405324092816
Synthetic Precision,0.8323416816576414,0.03139308037038814
Synthetic Recall,0.9393069306930693,0.024197396491032835
