Metric,Mean,Standard Deviation
Overall F1,0.4457311476435118,0.02610610828077327
Overall Precision,0.44961888296525354,0.027024640203847795
Overall Recall,0.4510552763819096,0.026151534140299946
Authentic F1,0.4015656000000001,0.04212166752864776
Authentic Precision,0.06,0.23868325657594203
Authentic Recall,0.36925,0.05576997762273537
Synthetic F1,0.49034248405188974,0.03666919005396474
Synthetic Precision,0.4552303297018996,0.023357485575995002
Synthetic Recall,0.5336868686868687,0.06244883631768423
