Metric,Mean,Standard Deviation
Overall F1,0.8952078303687386,0.0165809752949594
Overall Precision,0.8958708133315525,0.016523223050405694
Overall Recall,0.8952500000000001,0.016569794229503304
Authentic F1,0.8962646999999998,0.016560100183601215
Authentic Precision,1.0,0.0
Authentic Recall,0.90535,0.023966042896590427
Synthetic F1,0.8941515476863041,0.016812743826746423
Synthetic Precision,0.9038938991221535,0.02204334756794959
Synthetic Recall,0.88515,0.023724587680422637
