Metric,Mean,Standard Deviation
Overall F1,0.9640991879876453,0.009323126776049734
Overall Precision,0.9662473878354366,0.008321938039672416
Overall Recall,0.9641450777202073,0.009291468132506624
Authentic F1,0.9653406000000001,0.008711683878562162
Authentic Precision,1.0,0.0
Authentic Recall,0.9965284974093265,0.0042340762252612504
Synthetic F1,0.9628584413238583,0.009938043123750219
Synthetic Precision,0.9963093359466911,0.004487548505294141
Synthetic Recall,0.931761658031088,0.018234330027821644
