Metric,Mean,Standard Deviation
Overall F1,0.8819997649595785,0.009128315835412572
Overall Precision,0.8824749840792657,0.009095847244843329
Overall Recall,0.8820341098169716,0.009121644409810387
Authentic F1,0.88035985,0.009444406309035563
Authentic Precision,1.0,0.0
Authentic Recall,0.8682029950083193,0.014017328036420381
Synthetic F1,0.8836398332615587,0.008961970074901855
Synthetic Precision,0.8719029375023759,0.011869403700792681
Synthetic Recall,0.8958652246256239,0.012864994301393245
