Metric,Mean,Standard Deviation
Overall F1,0.39385059620262586,0.02074773643947237
Overall Precision,0.7174613187053162,0.039809641873251034
Overall Recall,0.526875,0.010489141812350335
Authentic F1,0.6777314,0.005159254902746629
Authentic Precision,1.0,0.0
Authentic Recall,0.9948500000000001,0.005433482057826944
Synthetic F1,0.10997017546562816,0.03684875304211746
Synthetic Precision,0.9209843315024665,0.07724189797731934
Synthetic Recall,0.05890000000000001,0.02095666524478115
