Metric,Mean,Standard Deviation
Overall F1,0.7442111493730498,0.020517199675657162
Overall Precision,0.7471782297819712,0.020513309539582473
Overall Recall,0.7448250000000001,0.020400828736385025
Authentic F1,0.7548921,0.019985006819254695
Authentic Precision,1.0,0.0
Authentic Recall,0.7863499999999999,0.03137308084999307
Synthetic F1,0.733530461582993,0.023116625572844413
Synthetic Precision,0.7677185585820072,0.02580284877639213
Synthetic Recall,0.7032999999999998,0.034165521045094974
