Metric,Mean,Standard Deviation
Overall F1,0.9350372691609411,0.01352396770676589
Overall Precision,0.9353858802787005,0.013512075246463712
Overall Recall,0.9350499999999999,0.013521307539426698
Authentic F1,0.9353648999999998,0.013486796498348995
Authentic Precision,1.0,0.0
Authentic Recall,0.93995,0.01827808479678281
Synthetic F1,0.9347092373366632,0.013617053474265457
Synthetic Precision,0.9396380589098711,0.01732257526601482
Synthetic Recall,0.93015,0.019312096486582435
