Metric,Mean,Standard Deviation
Overall F1,0.8967729249599952,0.015743041898558383
Overall Precision,0.897289972261431,0.015731278585190328
Overall Recall,0.8968048359240068,0.01573612028137139
Authentic F1,0.8958897666666666,0.01605876000365758
Authentic Precision,1.0,0.0
Authentic Recall,0.8884283246977545,0.022809792058593955
Synthetic F1,0.8976562576313953,0.01559040328358166
Synthetic Precision,0.8906575057914053,0.020211283579763355
Synthetic Recall,0.905181347150259,0.021147808432668645
