Metric,Mean,Standard Deviation
Overall F1,0.5117157805275928,0.02433976268205756
Overall Precision,0.5133074220042961,0.024374322301528185
Overall Recall,0.513175,0.024062877965023134
Authentic F1,0.5281296999999999,0.03303734719995086
Authentic Precision,0.7,0.4605661864718383
Authentic Recall,0.54695,0.05169302846534715
Synthetic F1,0.4953024250376574,0.03169789160225625
Synthetic Precision,0.5144703526170276,0.026046479859036176
Synthetic Recall,0.4794,0.04655441043889539
