Metric,Mean,Standard Deviation
Overall F1,0.9044927270512376,0.01704226114145113
Overall Precision,0.909745343307105,0.015724587983208114
Overall Recall,0.9048,0.0168928756591622
Authentic F1,0.9096673999999999,0.015284531337997327
Authentic Precision,1.0,0.0
Authentic Recall,0.9573333333333334,0.01619189083597083
Synthetic F1,0.8993184906458959,0.018910082112008345
Synthetic Precision,0.9525853615313903,0.01747260742578741
Synthetic Recall,0.8522666666666666,0.029704417399085272
