Metric,Mean,Standard Deviation
Overall F1,0.34886752046995456,0.01046436112227116
Overall Precision,0.5984263802286759,0.15211409235002119
Overall Recall,0.5048999999999999,0.00522136249101958
Authentic F1,0.6675870999999998,0.0030908798051197295
Authentic Precision,0.76,0.42923469599092784
Authentic Recall,0.9943000000000001,0.005946733251427747
Synthetic F1,0.030149602806082122,0.019080441984352225
Synthetic Precision,0.6943683261183261,0.3023235010391273
Synthetic Recall,0.0155,0.009962049198956218
