Metric,Mean,Standard Deviation
Overall F1,0.9778812591685263,0.006514128265438873
Overall Precision,0.9788202675421485,0.005994701081005898
Overall Recall,0.9778952122854562,0.006502925692192956
Authentic F1,0.9784462,0.006208703263488033
Authentic Precision,1.0,0.0
Authentic Recall,0.9989729729729732,0.002214189199188218
Synthetic F1,0.9773131317906709,0.0068219097150797325
Synthetic Precision,0.9989284445862976,0.002307745129085831
Synthetic Recall,0.9567028985507245,0.012957716130176296
