Metric,Mean,Standard Deviation
Overall F1,0.8967026515878134,0.014928816492858033
Overall Precision,0.8977761301380004,0.014789557630492367
Overall Recall,0.8967702936096718,0.014901841336809184
Authentic F1,0.8986109333333333,0.014531013855697425
Authentic Precision,1.0,0.0
Authentic Recall,0.9149740932642485,0.02176621671000232
Synthetic F1,0.8947947695735697,0.015560230406047962
Synthetic Precision,0.9122437944972408,0.020398338573504846
Synthetic Recall,0.8785664939550948,0.024053485140292843
