domain,mean,min,max,std
RAID_abstracts,0.5640452261306532,0.5175879396984925,0.6206030150753769,0.02147920971028635
RAID_books,0.5630150753768844,0.5100502512562815,0.6231155778894473,0.020644138220005423
RAID_news,0.5507537688442211,0.5050251256281407,0.6030150753768844,0.018185095530434084
RAID_poetry,0.5950753768844221,0.535175879396985,0.6457286432160804,0.01809975565727316
RAID_recipes,0.5071356783919598,0.4698492462311557,0.550251256281407,0.015305087117806144
RAID_reddit,0.5084924623115578,0.4949748743718593,0.5201005025125628,0.004428577576684189
RAID_reviews,0.6712814070351759,0.6055276381909548,0.7185929648241206,0.023017091788945464
RAID_wiki,0.4510552763819095,0.3994974874371859,0.5100502512562815,0.026151534140299946
