Metric,Mean,Standard Deviation
Overall F1,0.7003966367642214,0.038941616476429984
Overall Precision,0.8037228929975252,0.018503134665605075
Overall Recall,0.7215,0.03154682266412927
Authentic F1,0.6215024,0.05849116186573866
Authentic Precision,1.0,0.0
Authentic Recall,0.46240000000000003,0.06493384356715719
Synthetic F1,0.7792912582565527,0.019767638729937444
Synthetic Precision,0.6470982867986678,0.027826559283306344
Synthetic Recall,0.9805999999999999,0.011618515352225483
