Metric,Mean,Standard Deviation
Overall F1,0.9576573116045101,0.009318308465382015
Overall Precision,0.9596610410692823,0.008625753110989797
Overall Recall,0.9577099236641223,0.00928975848691641
Authentic F1,0.9591470999999997,0.008741927681344581
Authentic Precision,1.0,0.0
Authentic Recall,0.9890355329949237,0.007727708713771459
Synthetic F1,0.9561611986425054,0.00990828815090769
Synthetic Precision,0.9883111350133714,0.008117846661345835
Synthetic Recall,0.9262244897959184,0.017304445510598055
