Metric,Mean,Standard Deviation
Overall F1,0.9758502145176707,0.005438101202504695
Overall Precision,0.9760492368171163,0.005341778647194444
Overall Recall,0.9758533145275036,0.005435976140897773
Authentic F1,0.9761054999999998,0.005311658109167691
Authentic Precision,1.0,0.0
Authentic Recall,0.9843943661971829,0.005377883459932649
Synthetic F1,0.975594173294919,0.005567493117558201
Synthetic Precision,0.9841081886185276,0.005380686225153515
Synthetic Recall,0.9672881355932205,0.009662753858387859
