Metric,Mean,Standard Deviation
Overall F1,0.9158273187498179,0.010132668441781097
Overall Precision,0.916879248251297,0.010039458595262165
Overall Recall,0.9158815232722144,0.010118356258452008
Authentic F1,0.9178059999999998,0.009790144910762938
Authentic Precision,1.0,0.0
Authentic Recall,0.937887323943662,0.013778871922627342
Synthetic F1,0.9138429086094344,0.010563632353146482
Synthetic Precision,0.9350465429765529,0.013454016822097145
Synthetic Recall,0.8938135593220341,0.016170828875807765
