Metric,Mean,Standard Deviation
Overall F1,0.33500166464119885,0.004112357812599334
Overall Precision,0.37294705468111394,0.18579246951713982
Overall Recall,0.49912500000000004,0.0026441998656101767
Authentic F1,0.6653638,0.0019284131645820547
Authentic Precision,0.18,0.38612291966536916
Authentic Recall,0.9959,0.004043950463783574
Synthetic F1,0.004640937866423618,0.007326852605688883
Synthetic Precision,0.24633333333333332,0.3706364532414216
Synthetic Recall,0.00235,0.0037237295304790347
