Metric,Mean,Standard Deviation
Overall F1,0.8195699346232977,0.01847437467737346
Overall Precision,0.8206147477390108,0.018451281777708946
Overall Recall,0.8197,0.01845099980866603
Authentic F1,0.8230112999999999,0.01786636429272626
Authentic Precision,1.0,0.0
Authentic Recall,0.8383999999999999,0.024014726121841794
Synthetic F1,0.8161284091922709,0.019691940716853932
Synthetic Precision,0.8325096901518921,0.02125055763533733
Synthetic Recall,0.801,0.028972296067000605
