Metric,Mean,Standard Deviation
Overall F1,0.8842486795874667,0.015397999957041717
Overall Precision,0.8875797477397149,0.014648153917888151
Overall Recall,0.8844905008635578,0.015292723638679647
Authentic F1,0.8890881999999999,0.014109067037508053
Authentic Precision,1.0,0.0
Authentic Recall,0.9254058721934368,0.019186168568351078
Synthetic F1,0.8794096330934148,0.01695825005666867
Synthetic Precision,0.9191782429070544,0.01874280807927096
Synthetic Recall,0.8435751295336789,0.027707316884543687
