Metric,Mean,Standard Deviation
Overall F1,0.9468445872195183,0.010035026126641172
Overall Precision,0.9507147486937388,0.00887029632057885
Overall Recall,0.9469627749576989,0.009976532337480755
Authentic F1,0.9492950666666666,0.009190813193223506
Authentic Precision,1.0,0.0
Authentic Recall,0.9916074450084602,0.006896785787510662
Synthetic F1,0.9443949104937936,0.010893937530999603
Synthetic Precision,0.9908381605570952,0.007453977602406127
Synthetic Recall,0.9023181049069374,0.018767787287963536
