Metric,Mean,Standard Deviation
Overall F1,0.9304428657303652,0.01359474583088832
Overall Precision,0.9330981625637826,0.012490042967489012
Overall Recall,0.9305555555555556,0.01352290238330061
Authentic F1,0.9278789000000001,0.014775079202645397
Authentic Precision,1.0,0.0
Authentic Recall,0.8955555555555554,0.026510644789261847
Synthetic F1,0.9330065733742804,0.012484145341841772
Synthetic Precision,0.9029788863123801,0.022186419342620226
Synthetic Recall,0.9655555555555554,0.013665147400015041
