Metric,Mean,Standard Deviation
Overall F1,0.8707096273271696,0.014820470014360532
Overall Precision,0.8742290777123733,0.014584678037501632
Overall Recall,0.8709948979591837,0.014738384111488598
Authentic F1,0.8760969,0.013923270231137973
Authentic Precision,1.0,0.0
Authentic Recall,0.9121428571428574,0.023760661939910263
Synthetic F1,0.8653227447810384,0.01624273776184039
Synthetic Precision,0.9050264919984887,0.022637010115251297
Synthetic Recall,0.8298469387755101,0.028498218408429934
