Metric,Mean,Standard Deviation
Overall F1,0.8498374000106369,0.016250993326893243
Overall Precision,0.8567210502346876,0.015457415768963784
Overall Recall,0.8505076142131981,0.01605419752511165
Authentic F1,0.8594853,0.014496566047923841
Authentic Precision,1.0,0.0
Authentic Recall,0.9140609137055837,0.019854193451402935
Synthetic F1,0.840189384743811,0.018434335023560032
Synthetic Precision,0.9019848281511783,0.0201772371669331
Synthetic Recall,0.7869543147208122,0.02809609340679779
