Metric,Mean,Standard Deviation
Overall F1,0.8974112641348142,0.01539926325793048
Overall Precision,0.8980438691698563,0.015385947128764671
Overall Recall,0.8974500000000002,0.015390456835849995
Authentic F1,0.8965479,0.015882435205934485
Authentic Precision,1.0,0.0
Authentic Recall,0.8894500000000001,0.025205168221031696
Synthetic F1,0.8982751461833813,0.015126303581076906
Synthetic Precision,0.8917442186794614,0.022042761622056532
Synthetic Recall,0.90545,0.021521600612623898
