Metric,Mean,Standard Deviation
Overall F1,0.8020651966945538,0.018562673289523348
Overall Precision,0.8137767195113647,0.01833935289205095
Overall Recall,0.8036752136752137,0.0182347422568484
Authentic F1,0.8194408666666666,0.01637144107457914
Authentic Precision,1.0,0.0
Authentic Recall,0.890957264957265,0.024333702364213207
Synthetic F1,0.7846898431531351,0.02162074319345615
Synthetic Precision,0.8685668473973851,0.025380133105678732
Synthetic Recall,0.7163931623931624,0.0304696225087839
