Metric,Mean,Standard Deviation
Overall F1,0.94122091497855,0.013272581378305531
Overall Precision,0.9453079197058344,0.011460258163919558
Overall Recall,0.9413666666666668,0.013173239206850334
Authentic F1,0.9440226999999999,0.011983941515733681
Authentic Precision,1.0,0.0
Authentic Recall,0.9864666666666667,0.008810513054970522
Synthetic F1,0.9384193255454814,0.014587523519319932
Synthetic Precision,0.9852416403952483,0.009446696591243012
Synthetic Recall,0.8962666666666668,0.02607629314095589
