Metric,Mean,Standard Deviation
Overall F1,0.8453981852021858,0.017169227925322418
Overall Precision,0.8517107102725271,0.016286257827433395
Overall Recall,0.8460668380462725,0.016955010088206695
Authentic F1,0.8553828,0.01508237851188458
Authentic Precision,1.0,0.0
Authentic Recall,0.9076410256410257,0.018633048899551446
Synthetic F1,0.8353623118295649,0.019612466730797955
Synthetic Precision,0.8944555499173353,0.019462457498416116
Synthetic Recall,0.7841752577319587,0.029082131682209484
