Metric,Mean,Standard Deviation
Overall F1,0.7469663151442273,0.03187604211751086
Overall Precision,0.7931232528321657,0.02317266631239764
Overall Recall,0.755475,0.028285822465066356
Authentic F1,0.701499,0.045144858572771666
Authentic Precision,1.0,0.0
Authentic Recall,0.5792499999999999,0.059921560680137785
Synthetic F1,0.7924334901175598,0.02005523049151213
Synthetic Precision,0.6902264012248929,0.029016924539670485
Synthetic Recall,0.9316999999999999,0.025753493437637217
