Metric,Mean,Standard Deviation
Overall F1,0.941722943964082,0.013019561077369271
Overall Precision,0.9448985859686039,0.011891132901522493
Overall Recall,0.9418333333333334,0.012952256280700425
Authentic F1,0.9441442000000001,0.012021752437842316
Authentic Precision,1.0,0.0
Authentic Recall,0.9815333333333333,0.010880640041912068
Synthetic F1,0.9393029123098803,0.014050589048875657
Synthetic Precision,0.9800607241162599,0.011601562951820016
Synthetic Recall,0.9021333333333332,0.023323807579381187
