Metric,Mean,Standard Deviation
Overall F1,0.4099728631479798,0.044701038131819054
Overall Precision,0.5584387017049294,0.08141933530383384
Overall Recall,0.5164499999999999,0.02145343795292494
Authentic F1,0.6589503999999999,0.015459471871492072
Authentic Precision,0.76,0.42923469599092784
Authentic Recall,0.9351999999999999,0.04626952222433992
Synthetic F1,0.1609952959932739,0.0886757017467977
Synthetic Precision,0.6076184612193574,0.15487132955728725
Synthetic Recall,0.0977,0.0626333728449889
