Metric,Mean,Standard Deviation
Overall F1,0.8420655519837497,0.016947949890829376
Overall Precision,0.8486866123707574,0.016530355851619685
Overall Recall,0.8427499999999998,0.01677050983124843
Authentic F1,0.8519804000000002,0.015385207963521592
Authentic Precision,1.0,0.0
Authentic Recall,0.905,0.022807937657798445
Synthetic F1,0.8321508119163792,0.019071602385485262
Synthetic Precision,0.8920763786008362,0.022760337477062426
Synthetic Recall,0.7805000000000001,0.028722813232690145
