Metric,Mean,Standard Deviation
Overall F1,0.46980869807823994,0.02882256801081145
Overall Precision,0.6057302288507516,0.0402400682298922
Overall Recall,0.545775,0.019396497523048232
Authentic F1,0.670183,0.012325184162780882
Authentic Precision,0.99,0.09999999999999999
Authentic Recall,0.92285,0.020427934429366676
Synthetic F1,0.2694342305408926,0.04857524507901031
Synthetic Precision,0.6852120229158466,0.07035964501138965
Synthetic Recall,0.16870000000000004,0.03550231177563148
