,Key,Count,Mean Score
0,of,100,0.06800801499182285
1,PRP,100,0.07446380330546869
2,NN,100,0.0537254417678941
3,sentiment,100,0.06036405381366349
4,DT,100,0.038419925652774474
6,VB,100,0.05035703903312883
5,IN,90,0.039832991438922855
8,have,62,0.03474477344470821
7,to,60,0.03594927533996839
9,NNS,49,0.03352535144828884
10,RB,36,0.03305088738330371
12,mean_sen_len,31,0.03191749580028679
13,i,28,0.03120595744465044
11,the,27,0.03176387766779274
14,which,17,0.03184973131265352
