Metric,Mean,Standard Deviation
Overall F1,0.8558391114843054,0.018052255732565137
Overall Precision,0.8564723953775973,0.017893396158009757
Overall Recall,0.8559,0.01802607538926302
Authentic F1,0.8543068999999999,0.018799189843654904
Authentic Precision,1.0,0.0
Authentic Recall,0.8456,0.026886217414665965
Synthetic F1,0.8573718581137784,0.01767200360886567
Synthetic Precision,0.8492031798037821,0.0226300384154566
Synthetic Recall,0.8662000000000001,0.023106254345933934
