Metric,Mean,Standard Deviation
Overall F1,0.9792625450127794,0.006801034219978456
Overall Precision,0.9793970927310622,0.006749579923470211
Overall Recall,0.9792641843971633,0.00679994089450114
Authentic F1,0.9791957666666667,0.006837592215336694
Authentic Precision,1.0,0.0
Authentic Recall,0.9764007092198583,0.01103901198586763
Synthetic F1,0.9793288823962882,0.006769646249703272
Synthetic Precision,0.9766643395628374,0.010658341586915454
Synthetic Recall,0.9821276595744681,0.009694098330291917
