Metric,Mean,Standard Deviation
Overall F1,0.962018006139975,0.007789164170656184
Overall Precision,0.9640270823798541,0.007011232850388024
Overall Recall,0.962061855670103,0.007762963280656573
Authentic F1,0.9632603000000001,0.007284933317776108
Authentic Precision,1.0,0.0
Authentic Recall,0.9934020618556701,0.006263180673515913
Synthetic F1,0.960775665167689,0.008301848308613856
Synthetic Precision,0.9930276166146393,0.006510705529538748
Synthetic Recall,0.9307216494845361,0.015753135599452597
