Metric,Mean,Standard Deviation
Overall F1,0.9464721766656701,0.01188790460608786
Overall Precision,0.9479127596320552,0.01123997744293871
Overall Recall,0.9465189873417721,0.011853409979284385
Authentic F1,0.9450502333333335,0.012609629898062405
Authentic Precision,1.0,0.0
Authentic Recall,0.9214556962025316,0.021432055698015328
Synthetic F1,0.9478941108250714,0.011200346681423194
Synthetic Precision,0.9255906995969936,0.018698862823492934
Synthetic Recall,0.9715822784810126,0.011798011704347534
