Metric,Mean,Standard Deviation
Overall F1,0.952371335197348,0.010064564254328561
Overall Precision,0.9540032167576236,0.009493951914710794
Overall Recall,0.9524166666666666,0.010039290149769545
Authentic F1,0.9509878666666668,0.010642385667283108
Authentic Precision,1.0,0.0
Authentic Recall,0.9246833333333332,0.018337683177087345
Synthetic F1,0.9537546096900473,0.009504556950056614
Synthetic Precision,0.9289238701738217,0.016152740031464156
Synthetic Recall,0.9801499999999999,0.009346229543990633
