Metric,Mean,Standard Deviation
Overall F1,0.4212850893403485,0.022590717065807234
Overall Precision,0.7229008681885819,0.034241355206725894
Overall Recall,0.5401750000000001,0.012140044555856539
Authentic F1,0.6834911000000001,0.006179193974275059
Authentic Precision,1.0,0.0
Authentic Recall,0.9928,0.006525784135708035
Synthetic F1,0.159079337115221,0.03960003856742774
Synthetic Precision,0.9246390525486984,0.06529581135409718
Synthetic Recall,0.08754999999999999,0.023873562149310055
