Metric,Mean,Standard Deviation
Overall F1,0.8758844132408378,0.015914465778612767
Overall Precision,0.8763785636903744,0.01589477910686574
Overall Recall,0.8759231411862989,0.015905913374887372
Authentic F1,0.8764149999999998,0.0160202221183855
Authentic Precision,1.0,0.0
Authentic Recall,0.8779833333333332,0.023402463686062656
Synthetic F1,0.8753517484915896,0.01611165692159907
Synthetic Precision,0.8773945636771071,0.020636272158116156
Synthetic Recall,0.8738525963149079,0.023698208295396837
