Metric,Mean,Standard Deviation
Overall F1,0.9650561360963964,0.012099478544816784
Overall Precision,0.966786040705121,0.011183531253722147
Overall Recall,0.9650943396226416,0.01206796507673266
Authentic F1,0.9661449000000002,0.011432960016433798
Authentic Precision,1.0,0.0
Authentic Recall,0.9932075471698114,0.007827828972041095
Synthetic F1,0.9639680084926862,0.012773372813240383
Synthetic Precision,0.9928459777950941,0.008165357742745644
Synthetic Recall,0.9369811320754715,0.02206886538853977
