Metric,Mean,Standard Deviation
Overall F1,0.959615470468154,0.0098596099789464
Overall Precision,0.960842368348849,0.009317733832375143
Overall Recall,0.9596451612903226,0.009838936693800435
Authentic F1,0.9605788999999999,0.009395814767300068
Authentic Precision,1.0,0.0
Authentic Recall,0.9820000000000002,0.011464054572506379
Synthetic F1,0.9586519585694553,0.010348112731834475
Synthetic Precision,0.9813552725019367,0.011718966051219765
Synthetic Recall,0.9372903225806453,0.019367433720997716
