Metric,Mean,Standard Deviation
Overall F1,0.8681235531563197,0.01629267331093338
Overall Precision,0.8687035299579052,0.016206353963401844
Overall Recall,0.8681725888324874,0.016276868955155597
Authentic F1,0.8673849000000002,0.016837175048869172
Authentic Precision,1.0,0.0
Authentic Recall,0.8628426395939087,0.025973490917605018
Synthetic F1,0.8688629296781294,0.01612117333330038
Synthetic Precision,0.8648361211776725,0.022090325847506906
Synthetic Recall,0.8735025380710659,0.023005057044421705
