Metric,Mean,Standard Deviation
Overall F1,0.44099321652333073,0.021518740540917274
Overall Precision,0.4438263238897379,0.02246334034925073
Overall Recall,0.44545000000000007,0.0221888701739399
Authentic F1,0.40324850000000007,0.04025779278034819
Authentic Precision,0.0,0.0
Authentic Recall,0.37795,0.058292604829238655
Synthetic F1,0.4787382217654511,0.038240166769481096
Synthetic Precision,0.4510511840268417,0.020960996689356696
Synthetic Recall,0.5129499999999999,0.0671237926174731
