Metric,Mean,Standard Deviation
Overall F1,0.4095577675618115,0.02278901442779746
Overall Precision,0.49168792578778975,0.04067980688134267
Overall Recall,0.496675,0.01621764455614609
Authentic F1,0.6358987000000001,0.013540604305554309
Authentic Precision,0.41,0.4943110704237103
Authentic Recall,0.8794999999999998,0.02967415635794144
Synthetic F1,0.18321690940737956,0.04127511992165226
Synthetic Precision,0.48526517582847023,0.0723715762777747
Synthetic Recall,0.11384999999999999,0.029205428788276176
