Metric,Mean,Standard Deviation
Overall F1,0.41864362536338745,0.026233643695869863
Overall Precision,0.42621675994831804,0.026342890961228035
Overall Recall,0.434975,0.0224606698902591
Authentic F1,0.5098431999999999,0.030608823375694216
Authentic Precision,0.01,0.09999999999999999
Authentic Recall,0.59055,0.06183186308796859
Synthetic F1,0.32744439603026515,0.05598927317650633
Synthetic Precision,0.40230344114395744,0.03839514585447579
Synthetic Recall,0.27940000000000004,0.06492917664500283
