Metric,Mean,Standard Deviation
Overall F1,0.4010680584286617,0.023035813551627534
Overall Precision,0.671267539524135,0.05401014971361493
Overall Recall,0.527125,0.011999447588295166
Authentic F1,0.6757100000000001,0.0064824448249939555
Authentic Precision,1.0,0.0
Authentic Recall,0.9852000000000001,0.010490977364412063
Synthetic F1,0.12642611745610144,0.041221031371115276
Synthetic Precision,0.8283117540952507,0.10429332349511937
Synthetic Recall,0.06905000000000001,0.024159560083626182
