Metric,Mean,Standard Deviation
Overall F1,0.4737407611598256,0.026191728684578506
Overall Precision,0.4769802083824361,0.026555953699022593
Overall Recall,0.47765,0.025900011700009055
Authentic F1,0.5127783,0.03145394122034518
Authentic Precision,0.18,0.38612291966536916
Authentic Recall,0.55155,0.05138827736463882
Synthetic F1,0.43470378152975575,0.03860758278954476
Synthetic Precision,0.473544660304823,0.030420994852032947
Synthetic Recall,0.40375,0.050967285011212254
