,Key,Count,Mean Score
0,PRP,100,0.07752691326375821
1,of,100,0.06792719051395582
2,NN,100,0.05340896812235652
3,sentiment,100,0.05929730587456574
4,VB,100,0.052890559343351705
7,IN,97,0.03939409562676033
5,DT,95,0.037954150743398654
9,to,55,0.03439588654615695
8,have,54,0.033777161283995244
13,NNS,46,0.03382967067049046
6,the,38,0.03277501613938097
11,RB,38,0.03253343791583879
12,i,29,0.03158010379855444
14,mean_sen_len,27,0.0318284498969224
10,which,21,0.03151076359422368
