Metric,Mean,Standard Deviation
Overall F1,0.9681543322836399,0.007684087255618931
Overall Precision,0.9697858221561287,0.007067824388582934
Overall Recall,0.9681842105263158,0.0076663308916649995
Authentic F1,0.969104,0.00728046743421094
Authentic Precision,1.0,0.0
Authentic Recall,0.9965789473684212,0.004385964912280671
Synthetic F1,0.9672049408902659,0.008090792876382405
Synthetic Precision,0.9963852719724112,0.004617781624132872
Synthetic Recall,0.9397894736842107,0.01418026983535923
