Metric,Mean,Standard Deviation
Overall F1,0.961595955498526,0.009678379689114775
Overall Precision,0.9617780057287613,0.00962117088607545
Overall Recall,0.9616000000000001,0.009676066485213025
Authentic F1,0.9615082000000001,0.00968068861604421
Authentic Precision,1.0,0.0
Authentic Recall,0.9592999999999999,0.01359627102769674
Synthetic F1,0.9616836079542738,0.009693580768237023
Synthetic Precision,0.9596507288512517,0.012953278029416175
Synthetic Recall,0.9638999999999999,0.013699148392023013
