Metric,Mean,Standard Deviation
Overall F1,0.3812865528358094,0.018542403120639577
Overall Precision,0.4665859445951614,0.044909467700954074
Overall Recall,0.48987500000000006,0.013597640726733931
Authentic F1,0.6401312999999998,0.012341002746858933
Authentic Precision,0.16,0.3684529491774707
Authentic Recall,0.9078999999999999,0.02871999971863482
Synthetic F1,0.12244145033076242,0.03521624137349996
Synthetic Precision,0.4387344883978659,0.08277129623409424
Synthetic Recall,0.07185000000000001,0.022914586682466757
