Metric,Mean,Standard Deviation
Overall F1,0.4388206255389022,0.025131577564588597
Overall Precision,0.5739449667755248,0.0433712243771183
Overall Recall,0.527425,0.01703922613479637
Authentic F1,0.6615215000000001,0.011934716728261227
Authentic Precision,0.94,0.23868325657594203
Authentic Recall,0.9237000000000001,0.02271496636514561
Synthetic F1,0.21611947089814199,0.04308531100828806
Synthetic Precision,0.6325249441610022,0.07768777188118901
Synthetic Recall,0.13115,0.02982994732774025
