,Key,Count,Mean Score
0,PRP,100,0.07630330547666939
1,of,100,0.06638270233866499
2,NN,100,0.053582643091554756
3,VB,100,0.0530019149664757
4,sentiment,100,0.05999987458414111
6,DT,97,0.03820515944055549
7,IN,96,0.03947705810734874
5,to,67,0.036601278610927844
11,have,61,0.03489972729642652
9,NNS,44,0.03311776084238238
10,the,36,0.03286839566499245
13,RB,34,0.03223186727751834
8,i,24,0.03191425888561049
14,mean_sen_len,24,0.03212494481466197
12,which,14,0.032550427553074905
15,a,2,0.027183402900744252
16,had,1,0.02887677381720945
