Metric,Mean,Standard Deviation
Overall F1,0.3814543297339265,0.014266366202214801
Overall Precision,0.6954334735499816,0.055048910475812576
Overall Recall,0.5200750000000001,0.0074489423695074
Authentic F1,0.6742332999999999,0.004111243036239803
Authentic Precision,1.0,0.0
Authentic Recall,0.9932500000000002,0.006371297696971507
Synthetic F1,0.08867609399351581,0.0253819768598221
Synthetic Precision,0.8805313086466339,0.10789263294166686
Synthetic Recall,0.046900000000000004,0.014102439075521223
