Metric,Mean,Standard Deviation
Overall F1,0.9127682481054812,0.010987418028604092
Overall Precision,0.9149324010441275,0.010675173827115053
Overall Recall,0.9128792134831462,0.010953009813849328
Authentic F1,0.9157071000000001,0.010358169205164988
Authentic Precision,1.0,0.0
Authentic Recall,0.9460955056179776,0.013341808057193746
Synthetic F1,0.909829845124749,0.011705945879140586
Synthetic Precision,0.9424485422249925,0.013456217487069131
Synthetic Recall,0.8796629213483145,0.0184293744326118
