,Key,Count,Mean Score
0,mean_sen_len,100,0.07852240101186066
1,TTR,100,0.041352394453086826
2,VBD,100,0.03382684075269967
3,i,100,0.027997362911465085
4,VB,96,0.021594223308048218
5,me,92,0.021901625930223666
11,so,77,0.02107870787543934
9,of,69,0.01976547180580881
12,sentiment,69,0.019058141952568972
8,my,62,0.019605465704976698
10,have,26,0.019216381877917188
14,because,21,0.018841318627491596
13,PRP$,18,0.019489761045531417
6,not,15,0.018396629786188452
16,been,13,0.017845707735205735
7,don,8,0.017698221716893406
17,VBZ,8,0.018817297861246703
18,as,7,0.018102150998567882
23,NN,5,0.017353188368062336
24,is,5,0.01796982938015817
19,the,4,0.017297904715948394
21,at,2,0.016867814113503948
15,VBN,1,0.01816394942594267
20,to,1,0.018555633486206854
22,do,1,0.01872468407300485
