Metric,Mean,Standard Deviation
Overall F1,0.34174537982607395,0.006305052676007719
Overall Precision,0.6203572327793474,0.18329104845149882
Overall Recall,0.5030749999999999,0.0033115767247702986
Authentic F1,0.6676162999999997,0.0019945661815355398
Authentic Precision,0.7,0.4605661864718383
Authentic Recall,0.9980999999999999,0.0035376760048302243
Synthetic F1,0.015875969162054016,0.011286952007354873
Synthetic Precision,0.7391666666666665,0.36538938073111293
Synthetic Recall,0.00805,0.005768908304896432
