,Key,Count,Mean Score
0,sentiment,100,0.060526679957207626
1,PRP,100,0.07444266512616138
2,of,100,0.06687213670334097
3,VB,100,0.052563236095810595
4,NN,100,0.053527242286918034
6,DT,95,0.03864151703750933
7,IN,95,0.03971414514524117
5,have,57,0.03495272683151001
11,to,57,0.035021588198726965
9,the,39,0.03348967521292718
13,NNS,38,0.032891597394638074
14,RB,37,0.03322808623135035
8,i,30,0.03319158351035923
10,mean_sen_len,26,0.032090848066364176
12,which,25,0.03185045364748999
15,a,1,0.03479434084781671
