Metric,Mean,Standard Deviation
Overall F1,0.8688512439757433,0.017100359063692946
Overall Precision,0.8711076976827641,0.0167775099751675
Overall Recall,0.8690401396160559,0.01703794167955343
Authentic F1,0.8644383000000001,0.018340165110970478
Authentic Precision,1.0,0.0
Authentic Recall,0.8359162303664921,0.026972006831270563
Synthetic F1,0.8732642235944238,0.016163993197495147
Synthetic Precision,0.8465980623567628,0.021563299481902887
Synthetic Recall,0.9021640488656195,0.02149660411751851
