Metric,Mean,Standard Deviation
Overall F1,0.37741661644684255,0.04291379226255777
Overall Precision,0.4868559826687672,0.10286304947988151
Overall Recall,0.50085,0.01767845518640635
Authentic F1,0.6527639999999999,0.014334338724429066
Authentic Precision,0.47,0.5016135580465918
Authentic Recall,0.93975,0.05074383577033635
Synthetic F1,0.10206951148103091,0.08995194057743623
Synthetic Precision,0.47298702732109765,0.19849718169861288
Synthetic Recall,0.06194999999999999,0.06465875849801828
