Metric,Mean,Standard Deviation
Overall F1,0.7250674300244951,0.020073738939824823
Overall Precision,0.72658000544388,0.020265791062435864
Overall Recall,0.7254385964912282,0.020067127167834885
Authentic F1,0.7331554,0.021022118146217697
Authentic Precision,1.0,0.0
Authentic Recall,0.7531500000000001,0.03214279220772663
Synthetic F1,0.7169388879168878,0.02119134908259795
Synthetic Precision,0.7383359478503002,0.025123410159600307
Synthetic Recall,0.6975879396984925,0.02975374373054126
