Metric,Mean,Standard Deviation
Overall F1,0.8179696854732176,0.019414845903528752
Overall Precision,0.8217134949031107,0.0190287237471564
Overall Recall,0.8184438775510204,0.01928214121730644
Authentic F1,0.8094497000000002,0.021474192895546775
Authentic Precision,1.0,0.0
Authentic Recall,0.7721428571428572,0.030955778728468327
Synthetic F1,0.8264900987701396,0.018047422172972866
Synthetic Precision,0.7920010824472833,0.02275325410612675
Synthetic Recall,0.8647448979591836,0.024767534121269308
