Metric,Mean,Standard Deviation
Overall F1,0.9141344794679511,0.009365872644282439
Overall Precision,0.9145832678716616,0.00931496076362355
Overall Recall,0.9141584158415843,0.009360026421555073
Authentic F1,0.9152265000000002,0.009202362276320484
Authentic Precision,1.0,0.0
Authentic Recall,0.92545197740113,0.014115131423004955
Synthetic F1,0.9130394512420037,0.009637325472893919
Synthetic Precision,0.9237394141431389,0.013105089834839047
Synthetic Recall,0.9028328611898015,0.015659229416220024
