Metric,Mean,Standard Deviation
Overall F1,0.9095824298655195,0.013587027125309403
Overall Precision,0.9125031038987256,0.013025959945586488
Overall Recall,0.9097313182199832,0.01352547847759529
Authentic F1,0.9063099333333334,0.014653820326548458
Authentic Precision,1.0,0.0
Authentic Recall,0.8720938023450586,0.023862550951964247
Synthetic F1,0.912871703255333,0.01264364015037393
Synthetic Precision,0.880986660492866,0.019496341221011165
Synthetic Recall,0.9475589225589226,0.01648862987169505
