Metric,Mean,Standard Deviation
Overall F1,0.974169866376306,0.009401772828530452
Overall Precision,0.9746573058349111,0.009089891741895575
Overall Recall,0.9741780821917807,0.009393578022999225
Authentic F1,0.9745130000000001,0.009143520695392487
Authentic Precision,1.0,0.0
Authentic Recall,0.9856849315068493,0.010931845313051088
Synthetic F1,0.973826495821749,0.009671016844242002
Synthetic Precision,0.9854989133191079,0.010810712759142336
Synthetic Recall,0.9626712328767124,0.017479347734779983
