Metric,Mean,Standard Deviation
Overall F1,0.9518788233179601,0.01079405588405371
Overall Precision,0.9531146278652544,0.01044374753382482
Overall Recall,0.9519132653061223,0.010776652666068302
Authentic F1,0.9530530999999999,0.010345622769797348
Authentic Precision,1.0,0.0
Authentic Recall,0.9753061224489796,0.011820979142981898
Synthetic F1,0.9507046854868382,0.011266364876926942
Synthetic Precision,0.9742379577993856,0.012052257951219988
Synthetic Recall,0.9285204081632653,0.01828089264017619
