Metric,Mean,Standard Deviation
Overall F1,0.9575767797201992,0.0075105487002546075
Overall Precision,0.9590487852986501,0.006996241377522949
Overall Recall,0.9576123595505618,0.0074916474462787585
Authentic F1,0.9587522999999999,0.007079382620887876
Authentic Precision,1.0,0.0
Authentic Recall,0.9843539325842697,0.006719488189409233
Synthetic F1,0.9564011017743593,0.007952670561596856
Synthetic Precision,0.9835318322589433,0.006937304543705596
Synthetic Recall,0.9308707865168541,0.014521453552180782
