,Key,Count,Mean Score
0,TTR,100,0.16329804483348975
1,to,100,0.05623570314177253
2,of,100,0.04742259233853392
3,and,100,0.04492501371259653
4,a,100,0.04004766644957632
5,the,100,0.047968191631614455
6,i,100,0.023147999805545286
8,is,97,0.02082616831491747
7,me,81,0.01931278868206118
11,DT,77,0.018179089673038894
9,RB,35,0.01790118231709627
13,NNS,4,0.016606196709844118
14,my,3,0.015763072649635102
10,VBP,1,0.01593058510724365
12,VB,1,0.017936579286780746
15,just,1,0.018000878528340484
