Metric,Mean,Standard Deviation
Overall F1,0.39140649402310584,0.01742901263434934
Overall Precision,0.48879893056130236,0.03355705756228087
Overall Recall,0.48036538461538464,0.012800961198855643
Authentic F1,0.6194118000000001,0.010798441094000842
Authentic Precision,0.0,0.0
Authentic Recall,0.8798,0.02334025871252668
Synthetic F1,0.18029053475891132,0.029990684976461346
Synthetic Precision,0.49877708173042096,0.058000096910420094
Synthetic Recall,0.1105185185185185,0.020676507880569742
