domain,mean,min,max,std
MAGE_overall_random_forest,0.4803653846153846,0.4538461538461538,0.5096153846153846,0.012800961198855643
