Metric,Mean,Standard Deviation
Overall F1,0.38971531554274214,0.03547469661979113
Overall Precision,0.5206834260162237,0.07741640629463693
Overall Recall,0.5071356783919597,0.015305087117806144
Authentic F1,0.6566364999999998,0.013245669875644092
Authentic Precision,0.74,0.44084400227680803
Authentic Recall,0.93885,0.04253254843960889
Synthetic F1,0.12009814801433105,0.07419756782483035
Synthetic Precision,0.5362402332923201,0.14897940932681303
Synthetic Recall,0.07106060606060603,0.050368425548734067
