Metric,Mean,Standard Deviation
Overall F1,0.7959524482650892,0.01996507110494558
Overall Precision,0.7978171193688214,0.01986708572790865
Overall Recall,0.7962290502793296,0.019901794158885606
Authentic F1,0.8019039666666666,0.01903943508159604
Authentic Precision,1.0,0.0
Authentic Recall,0.8249348230912478,0.02707525814302451
Synthetic F1,0.7900011537703168,0.021898274049780415
Synthetic Precision,0.8148034017606048,0.023509601813741197
Synthetic Recall,0.7675232774674116,0.0329655751420883
