,Key,Count,Mean Score
0,TTR,300,0.12108772440206267
1,mean_sen_len,300,0.04775280529615892
2,DT,300,0.043483145680868585
3,lex_density,300,0.029372440056226565
4,the,300,0.03850268032236145
6,RB,287,0.024435299445662455
8,JJ,280,0.02411972853779348
5,NNS,251,0.02224105892232207
9,is,249,0.022497927559370825
7,a,232,0.02169926789109061
11,VBG,103,0.021227885498770825
10,of,73,0.020277690384323536
12,VBZ,23,0.019813393989691928
13,NN,2,0.019512323298292063
