Metric,Mean,Standard Deviation
Overall F1,0.9411092796433287,0.012285698345781432
Overall Precision,0.9415504046936458,0.012105698414041683
Overall Recall,0.941125,0.012275123690462813
Authentic F1,0.9415617000000002,0.011987722259028017
Authentic Precision,1.0,0.0
Authentic Recall,0.9481499999999999,0.016401758343777533
Synthetic F1,0.9406568462225074,0.012644546770824503
Synthetic Precision,0.9476901492752888,0.015673389548174828
Synthetic Recall,0.9341000000000002,0.020601804373266492
