Metric,Mean,Standard Deviation
Overall F1,0.7608832707258011,0.022455063140863585
Overall Precision,0.7623219230480545,0.022503650720802126
Overall Recall,0.7611688311688313,0.022417424859326424
Authentic F1,0.7673066333333333,0.02272145974128434
Authentic Precision,1.0,0.0
Authentic Recall,0.7861139896373058,0.032668841122441915
Synthetic F1,0.7544264185131634,0.023578920331546935
Synthetic Precision,0.774615875130971,0.02734677071574577
Synthetic Recall,0.73609375,0.031648578219402576
