Metric,Mean,Standard Deviation
Overall F1,0.3390511265376209,0.007744212125686243
Overall Precision,0.46533859391023297,0.20030969777731675
Overall Recall,0.500725,0.004312522873603506
Authentic F1,0.6659321,0.002720925754149861
Authentic Precision,0.38,0.4878317312145634
Authentic Recall,0.99525,0.004942855266120811
Synthetic F1,0.012171539851454492,0.013738421692602164
Synthetic Precision,0.43030952380952386,0.3989741040087958
Synthetic Recall,0.006200000000000001,0.007039570693980959
