Metric,Mean,Standard Deviation
Overall F1,0.9783986534147721,0.0058531378211419596
Overall Precision,0.9792225590942603,0.005460845213851072
Overall Recall,0.9784090909090909,0.0058456708767490725
Authentic F1,0.9788557666666666,0.0056217704288540685
Authentic Precision,1.0,0.0
Authentic Recall,0.9981818181818182,0.0031609290473000977
Synthetic F1,0.9779415801157959,0.006085021283555455
Synthetic Precision,0.9981191790886615,0.003265693604396488
Synthetic Recall,0.9586363636363635,0.011402915871348252
