Metric,Mean,Standard Deviation
Overall F1,0.9487486612298065,0.010686268820510342
Overall Precision,0.9496522647514251,0.01051990359869989
Overall Recall,0.9487749999999999,0.010674801585457635
Authentic F1,0.9497395000000001,0.010334946538298823
Authentic Precision,1.0,0.0
Authentic Recall,0.9674499999999999,0.013771127019744596
Synthetic F1,0.9477583148745158,0.011071594818429583
Synthetic Precision,0.9663995149284966,0.01379022956416796
Synthetic Recall,0.9301,0.017964330539075785
