Metric,Mean,Standard Deviation
Overall F1,0.9463476282515723,0.012985987364644406
Overall Precision,0.9477188325785245,0.012409401859135537
Overall Recall,0.9463924050632911,0.012956934604398418
Authentic F1,0.9449778999999998,0.013675364659699492
Authentic Precision,1.0,0.0
Authentic Recall,0.9225316455696202,0.02300747864603748
Synthetic F1,0.9477176866070642,0.012332524041061322
Synthetic Precision,0.9264984108021985,0.020271828813619615
Synthetic Recall,0.9702531645569621,0.012989527186955918
