Metric,Mean,Standard Deviation
Overall F1,0.9222493176145855,0.014087104623538037
Overall Precision,0.9244328594973884,0.013625126481326886
Overall Recall,0.9223499999999999,0.014043440726002625
Authentic F1,0.9196622,0.01496927546185328
Authentic Precision,1.0,0.0
Authentic Recall,0.8899833333333333,0.022901922387703562
Synthetic F1,0.9248365405977866,0.013278584460007284
Synthetic Precision,0.8970573230627295,0.01941713339699425
Synthetic Recall,0.9547166666666665,0.01565203959127301
