Metric,Mean,Standard Deviation
Overall F1,0.448273410303827,0.027025408281492743
Overall Precision,0.47870841108134776,0.03250901641360155
Overall Recall,0.4845499999999999,0.022808989455914083
Authentic F1,0.5884206,0.021632137419435312
Authentic Precision,0.24,0.4292346959909279
Authentic Recall,0.7379000000000001,0.04181597490882831
Synthetic F1,0.3081262986818815,0.04561507560961925
Synthetic Precision,0.46770754930456915,0.050422839821016106
Synthetic Recall,0.23119999999999996,0.04149431018558782
