Metric,Mean,Standard Deviation
Overall F1,0.9224900443205426,0.016645598154046586
Overall Precision,0.9233927084111032,0.016450790754000737
Overall Recall,0.9225320512820514,0.016626616703794422
Authentic F1,0.9211209000000001,0.01716992014447583
Authentic Precision,1.0,0.0
Authentic Recall,0.905448717948718,0.024266701143451835
Synthetic F1,0.923859199507154,0.016210386989803722
Synthetic Precision,0.9089915882014867,0.021563882608907365
Synthetic Recall,0.9396153846153846,0.020233710426122195
