Metric,Mean,Standard Deviation
Overall F1,0.857753691615883,0.013204578063221381
Overall Precision,0.8580591662015833,0.013252042100755772
Overall Recall,0.8577808988764043,0.01320496353513212
Authentic F1,0.8584634,0.013315616731090338
Authentic Precision,1.0,0.0
Authentic Recall,0.8628089887640453,0.018878005509548185
Synthetic F1,0.8570444364183978,0.01334964078779352
Synthetic Precision,0.8616748964237153,0.0167062994145698
Synthetic Recall,0.852752808988764,0.01821386966038851
