Metric,Mean,Standard Deviation
Overall F1,0.9786395438301221,0.006335204290927889
Overall Precision,0.9794846996387611,0.005898026859068347
Overall Recall,0.9786503623188406,0.006326830703506861
Authentic F1,0.9791007666666667,0.006083157823799496
Authentic Precision,1.0,0.0
Authentic Recall,0.9985869565217391,0.0028412585904411445
Synthetic F1,0.9781775390106892,0.006588655846762865
Synthetic Precision,0.998537102185843,0.0029351353164778896
Synthetic Recall,0.9587137681159421,0.012366865766627669
