Metric,Mean,Standard Deviation
Overall F1,0.3692885100366519,0.014215418801091421
Overall Precision,0.68999190585888,0.07347660233814855
Overall Recall,0.514925,0.007119604106006364
Authentic F1,0.6723300999999999,0.0036487622074430396
Authentic Precision,0.98,0.14070529413628968
Authentic Recall,0.9952500000000001,0.0045156853457049215
Synthetic F1,0.06624743509382874,0.025304026490503107
Synthetic Precision,0.8723495589377943,0.14481606388700485
Synthetic Recall,0.034600000000000006,0.013682548052615097
