Metric,Mean,Standard Deviation
Overall F1,0.9165810822323276,0.014445903156483798
Overall Precision,0.9205826135600003,0.013506787434814508
Overall Recall,0.916792270531401,0.014353640582529015
Authentic F1,0.9207133999999998,0.013218955242340322
Authentic Precision,1.0,0.0
Authentic Recall,0.9624662813102118,0.014544275090717073
Synthetic F1,0.9124247989736114,0.01576475975541784
Synthetic Precision,0.9586631191393525,0.015300297855500604
Synthetic Recall,0.8708527131782946,0.02476793086298385
