Metric,Mean,Standard Deviation
Overall F1,0.9541482993577509,0.007965423677019839
Overall Precision,0.9545976606287823,0.0078611622107184
Overall Recall,0.954160789844852,0.007959726636793714
Authentic F1,0.9548296000000001,0.007752339877466512
Authentic Precision,1.0,0.0
Authentic Recall,0.9673239436619718,0.010049381239615164
Synthetic F1,0.9534648628541086,0.00819766065349851
Synthetic Precision,0.9664505331489651,0.009952910852493868
Synthetic Recall,0.940960451977401,0.012938900970258472
