Metric,Mean,Standard Deviation
Overall F1,0.3350186768723517,0.004126973365888848
Overall Precision,0.3818844430272748,0.17933081840525447
Overall Recall,0.4981999999999999,0.004005677788521504
Authentic F1,0.6644200999999998,0.0033837694882327633
Authentic Precision,0.16,0.3684529491774706
Authentic Recall,0.9935499999999999,0.0074973059134329076
Synthetic F1,0.005618544089815403,0.007031244765144961
Synthetic Precision,0.26467857142857143,0.3574994634189741
Synthetic Recall,0.0028499999999999997,0.003571421356414068
