Metric,Mean,Standard Deviation
Overall F1,0.5007449630876046,0.0345736914660169
Overall Precision,0.6287298343572167,0.03431650928374737
Overall Recall,0.564075,0.02072138101848261
Authentic F1,0.6776002,0.012456416867290421
Authentic Precision,1.0,0.0
Authentic Recall,0.9162,0.0303441539141838
Synthetic F1,0.32389001885731816,0.0629937954065338
Synthetic Precision,0.719473919796857,0.06007473209779986
Synthetic Recall,0.21195000000000003,0.052333888242570493
