Metric,Mean,Standard Deviation
Overall F1,0.9212812750350348,0.014297839390811699
Overall Precision,0.9222091127708832,0.014105806633244363
Overall Recall,0.9213247863247864,0.014278949849419034
Authentic F1,0.9199045666666666,0.014813140334427643
Authentic Precision,1.0,0.0
Authentic Recall,0.9042948717948718,0.022651638922867423
Synthetic F1,0.9226581842017356,0.013894037757239783
Synthetic Precision,0.9078725329953398,0.019707863960393677
Synthetic Recall,0.938354700854701,0.01923761657627044
