Metric,Mean,Standard Deviation
Overall F1,0.9905549542575742,0.005321733900734542
Overall Precision,0.9906420870651078,0.005256146014530797
Overall Recall,0.9905555555555557,0.005321049326823829
Authentic F1,0.9906095,0.005268558803760936
Authentic Precision,1.0,0.0
Authentic Recall,0.9948148148148148,0.0052631407793727655
Synthetic F1,0.9905012668655424,0.005375265377611681
Synthetic Precision,0.9947958383139915,0.005269445987907509
Synthetic Recall,0.9862962962962962,0.009058615368455028
