Metric,Mean,Standard Deviation
Overall F1,0.8534508213410582,0.012545842792101957
Overall Precision,0.8570925382499389,0.012345985564376412
Overall Recall,0.8537727039267872,0.012480999396322233
Authentic F1,0.8597594214876033,0.011701510393785404
Authentic Precision,1.0,0.0
Authentic Recall,0.898930068129141,0.017559226308113525
Synthetic F1,0.8471776441773871,0.01376086767362829
Synthetic Precision,0.88982250341733,0.01675339915077554
Synthetic Recall,0.8088697474100804,0.02186098546684338
