Metric,Mean,Standard Deviation
Overall F1,0.9779801526860882,0.007075975321186617
Overall Precision,0.9789288043903767,0.006487971632381075
Overall Recall,0.9779945799457995,0.00706352609203979
Authentic F1,0.9785475000000002,0.006738524008125285
Authentic Precision,1.0,0.0
Authentic Recall,0.9988648648648649,0.0025820746251438978
Synthetic F1,0.9774090991176556,0.00741567731245399
Synthetic Precision,0.9988246443471819,0.0026651840806242574
Synthetic Recall,0.9570108695652175,0.014515278115565702
