Metric,Mean,Standard Deviation
Overall F1,0.8306750762485273,0.01826276898121363
Overall Precision,0.8430229541236521,0.016926427242370846
Overall Recall,0.832061855670103,0.01784762447041706
Authentic F1,0.8455678999999999,0.015486518235568831
Authentic Precision,1.0,0.0
Authentic Recall,0.9190206185567011,0.021551513147760645
Synthetic F1,0.815782547829034,0.02165784819361372
Synthetic Precision,0.9025866894383262,0.022999112079942447
Synthetic Recall,0.7451030927835052,0.03292336056650339
