Metric,Mean,Standard Deviation
Overall F1,0.3584277238534183,0.01179812358749453
Overall Precision,0.6289533937535424,0.10569215494417614
Overall Recall,0.5086999999999999,0.006575897219575766
Authentic F1,0.6689066999999999,0.0038973246599494993
Authentic Precision,0.84,0.3684529491774707
Authentic Recall,0.9925499999999999,0.006009042008389184
Synthetic F1,0.047949440217860344,0.02057527078424286
Synthetic Precision,0.7534747752247752,0.2085787323228433
Synthetic Recall,0.024850000000000004,0.01085847897527852
