Metric,Mean,Standard Deviation
Overall F1,0.9212397584682861,0.009252218577105127
Overall Precision,0.9239262654936291,0.008782356908132283
Overall Recall,0.9213623595505618,0.00920987475049085
Authentic F1,0.924236,0.00858611928897127
Authentic Precision,1.0,0.0
Authentic Recall,0.9589044943820225,0.010755051605372268
Synthetic F1,0.9182438180751249,0.009981921329571429
Synthetic Precision,0.9557071877691671,0.011026426700394559
Synthetic Recall,0.883820224719101,0.01645442593226834
