Metric,Mean,Standard Deviation
Overall F1,0.9138340224691567,0.013742308613595627
Overall Precision,0.9147013661606718,0.013697267378253783
Overall Recall,0.9138817480719797,0.01373226031300474
Authentic F1,0.9156129,0.013554478502127864
Authentic Precision,1.0,0.0
Authentic Recall,0.9322051282051282,0.01907106264401901
Synthetic F1,0.9120460393977945,0.014035293921319603
Synthetic Precision,0.9295976231607868,0.018347575687541053
Synthetic Recall,0.8954639175257734,0.018894378656004008
