Metric,Mean,Standard Deviation
Overall F1,0.3975447270974254,0.022732945345303658
Overall Precision,0.47120484605471247,0.03954235842937004
Overall Recall,0.48824999999999996,0.01568913604692718
Authentic F1,0.6304251000000001,0.01600791442481884
Authentic Precision,0.16,0.3684529491774706
Authentic Recall,0.8740000000000001,0.04042701367085424
Synthetic F1,0.1646646849543572,0.04691572912306636
Synthetic Precision,0.44912113393208386,0.07079821294517467
Synthetic Recall,0.1025,0.034395941738536655
