Metric,Mean,Standard Deviation
Overall F1,0.9395856859389615,0.011634294505722002
Overall Precision,0.9436785499563872,0.010458572745731039
Overall Recall,0.9397294938917976,0.011564194689551192
Authentic F1,0.9424463333333334,0.010638736026255343
Authentic Precision,1.0,0.0
Authentic Recall,0.9855322862129147,0.00946987241422178
Synthetic F1,0.9367247694271623,0.012656073261760888
Synthetic Precision,0.9841804637392526,0.010219479872389633
Synthetic Recall,0.8939267015706805,0.021494841287421688
