Metric,Mean,Standard Deviation
Overall F1,0.9425070016549469,0.011795963079416704
Overall Precision,0.9467080244542646,0.010415650705428743
Overall Recall,0.9426578073089701,0.011716213180574836
Authentic F1,0.9454511000000001,0.010709071194482035
Authentic Precision,1.0,0.0
Authentic Recall,0.9888741721854305,0.00916870059978318
Synthetic F1,0.9395437166049309,0.012914541041627687
Synthetic Precision,0.9877756644469907,0.009901457779222444
Synthetic Recall,0.8961333333333333,0.022705453049967184
