Metric,Mean,Standard Deviation
Overall F1,0.8664551477249292,0.01299886556597021
Overall Precision,0.8816917258613246,0.011570165461795066
Overall Recall,0.8676999999999998,0.012686388155990033
Authentic F1,0.8792002000000001,0.010873262079174956
Authentic Precision,1.0,0.0
Authentic Recall,0.9624000000000001,0.013789177428019923
Synthetic F1,0.8537101169346407,0.015350193788739197
Synthetic Precision,0.9539182897366123,0.01592026046647882
Synthetic Recall,0.7730000000000001,0.023709095556794492
