Metric,Mean,Standard Deviation
Overall F1,0.8676610764429049,0.017529995956975394
Overall Precision,0.881999913991571,0.014582975532755569
Overall Recall,0.8688150042625746,0.017074209056661127
Authentic F1,0.8557087666666666,0.02079587768222673
Authentic Precision,1.0,0.0
Authentic Recall,0.7778571428571429,0.03125187781915932
Synthetic F1,0.8796748611286322,0.014402280768362105
Synthetic Precision,0.8118813618375857,0.021606002038917684
Synthetic Recall,0.9602393162393161,0.012946798203592617
