Metric,Mean,Standard Deviation
Overall F1,0.904405408991169,0.014050302417192545
Overall Precision,0.9054596125333577,0.013757176076433076
Overall Recall,0.90446735395189,0.014020761374194604
Authentic F1,0.9062773000000001,0.01355492859963258
Authentic Precision,1.0,0.0
Authentic Recall,0.9235567010309279,0.018915479693609828
Synthetic F1,0.9025335838614565,0.014722925401110474
Synthetic Precision,0.9208743671294796,0.017668291813427474
Synthetic Recall,0.8853780068728524,0.023298029012108028
