Metric,Mean,Standard Deviation
Overall F1,0.9101834560497315,0.013875594106793163
Overall Precision,0.9129622686477302,0.012967883028329014
Overall Recall,0.9103274559193956,0.013791891891141418
Authentic F1,0.9069954999999998,0.015125940216206148
Authentic Precision,1.0,0.0
Authentic Recall,0.8736683417085428,0.024957766253978768
Synthetic F1,0.913387704877004,0.012743459504088367
Synthetic Precision,0.8822680653945203,0.020195233426394617
Synthetic Recall,0.9471717171717171,0.014996314257040974
