Metric,Mean,Standard Deviation
Overall F1,0.8142930884303167,0.017905664448492044
Overall Precision,0.8172625691740321,0.017889940008964177
Overall Recall,0.814675,0.017834494356813443
Authentic F1,0.8218805666666668,0.017144310268838545
Authentic Precision,1.0,0.0
Authentic Recall,0.8553083333333332,0.02519673289106151
Synthetic F1,0.8067060007671811,0.019409824255701244
Synthetic Precision,0.843053251283603,0.023158804348370848
Synthetic Recall,0.7740416666666667,0.027866933520482768
