Metric,Mean,Standard Deviation
Overall F1,0.34415571418478286,0.006691829200161128
Overall Precision,0.5702433683380964,0.15262382712883582
Overall Recall,0.502475,0.004090130397269337
Authentic F1,0.6663748999999999,0.0029039142844989674
Authentic Precision,0.63,0.4852365870939097
Authentic Recall,0.9937500000000001,0.006003996985174115
Synthetic F1,0.021938150930653627,0.011967841712558509
Synthetic Precision,0.6392380952380952,0.303573146021229
Synthetic Recall,0.011199999999999998,0.006159496240715952
