Metric,Mean,Standard Deviation
Overall F1,0.342949613911612,0.007180120921668288
Overall Precision,0.6209448490620163,0.19004450479203314
Overall Recall,0.5037499999999999,0.0033616223836869367
Authentic F1,0.6679861999999999,0.0017574360226583945
Authentic Precision,0.76,0.42923469599092784
Authentic Recall,0.9983999999999998,0.002831996119383294
Synthetic F1,0.017914911989537156,0.013056261763471154
Synthetic Precision,0.74,0.37891984233288745
Synthetic Recall,0.009100000000000002,0.00668104510060841
