,Key,Count,Mean Score
0,of,100,0.06758865598097881
1,PRP,100,0.07635085766223618
2,sentiment,100,0.06009761438523633
3,NN,100,0.053275723859795426
4,VB,100,0.05315099429176116
6,IN,97,0.0394549111794698
5,DT,96,0.03785775081642261
10,have,60,0.03554372063524912
7,to,53,0.035761597812453964
11,the,41,0.032418723351902365
8,RB,35,0.032092337512773336
9,NNS,34,0.0330641125177762
13,mean_sen_len,33,0.031324255828038106
14,i,30,0.03257695617186731
12,which,20,0.03193936494204881
15,had,1,0.03576468301746384
