Metric,Mean,Standard Deviation
Overall F1,0.3448759584749127,0.007814425552489103
Overall Precision,0.597874335155683,0.14801149754442253
Overall Recall,0.5032249999999999,0.004193775450027401
Authentic F1,0.6669469999999998,0.0026490945661116014
Authentic Precision,0.71,0.4560480215720686
Authentic Recall,0.9947999999999999,0.00512076383191241
Synthetic F1,0.022806187240092344,0.014088461239947135
Synthetic Precision,0.6941190476190475,0.2944263003787256
Synthetic Recall,0.011649999999999999,0.007284097803302808
