Metric,Mean,Standard Deviation
Overall F1,0.3132413434870846,0.012300274408339112
Overall Precision,0.2739626658796923,0.032198265337664636
Overall Recall,0.439825,0.020911233146736517
Authentic F1,0.607726,0.020287050554529115
Authentic Precision,0.0,0.0
Authentic Recall,0.8689,0.041563994713762265
Synthetic F1,0.01875708295248549,0.012334821117573249
Synthetic Precision,0.08056824522370346,0.05703904380386817
Synthetic Recall,0.01075,0.007155382236435378
