Metric,Mean,Standard Deviation
Overall F1,0.34176961546206086,0.008113571063735031
Overall Precision,0.4428091413950929,0.10835530979679876
Overall Recall,0.4965500000000001,0.005932916226401223
Authentic F1,0.6609117999999999,0.0050633181478815445
Authentic Precision,0.16,0.3684529491774707
Authentic Recall,0.98135,0.011931094254133199
Synthetic F1,0.022627626590372464,0.015395780154370846
Synthetic Precision,0.3873798146298145,0.21435631543333358
Synthetic Recall,0.011749999999999997,0.008145612935869843
