Metric,Mean,Standard Deviation
Overall F1,0.9860147724324354,0.007988887327262717
Overall Precision,0.9863743848143416,0.007576152306429559
Overall Recall,0.9860191082802546,0.007981318118541464
Authentic F1,0.9862209,0.007742315459652087
Authentic Precision,1.0,0.0
Authentic Recall,0.9966242038216562,0.0048292205840161015
Synthetic F1,0.9858096836445847,0.008238239386935863
Synthetic Precision,0.9965846363859702,0.004866924238184467
Synthetic Recall,0.9754140127388535,0.015888657610125548
