Metric,Mean,Standard Deviation
Overall F1,0.33363299648156913,0.0031213318899799497
Overall Precision,0.33880802372082863,0.16565525012948557
Overall Recall,0.4977249999999999,0.0033727779815948874
Authentic F1,0.6643011999999999,0.002844480844148425
Authentic Precision,0.11,0.3144660377352202
Authentic Recall,0.9939500000000001,0.006207481637735898
Synthetic F1,0.002966041196543697,0.004963802930342192
Synthetic Precision,0.17876190476190476,0.33035442779327084
Synthetic Recall,0.0015000000000000002,0.00251259453814803
