Metric,Mean,Standard Deviation
Overall F1,0.8873467662425508,0.015853129434692907
Overall Precision,0.8877431720910565,0.015745610690913233
Overall Recall,0.887375,0.015840807645719546
Authentic F1,0.8871611,0.016088789866980004
Authentic Precision,1.0,0.0
Authentic Recall,0.8858,0.022571099783895033
Synthetic F1,0.8875333755458962,0.015828064846557417
Synthetic Precision,0.8865401395236084,0.01998754679850879
Synthetic Recall,0.8889500000000001,0.02173410251473966
