Metric,Mean,Standard Deviation
Overall F1,0.7655771538843286,0.023289016908637
Overall Precision,0.7670672069752291,0.023193025942679663
Overall Recall,0.7658500000000003,0.023225454078913445
Authentic F1,0.7595911999999998,0.024888266323021713
Authentic Precision,1.0,0.0
Authentic Recall,0.7405000000000002,0.033541019662496854
Synthetic F1,0.7715629964008122,0.022917470202018224
Synthetic Precision,0.753553581262677,0.025377477073390987
Synthetic Recall,0.7912,0.031189547588701547
