Metric,Mean,Standard Deviation
Overall F1,0.4508510251049887,0.027093633164278458
Overall Precision,0.45414948650122966,0.027637313923792057
Overall Recall,0.45585000000000003,0.026515242424086576
Authentic F1,0.49716409999999994,0.032528808990390866
Authentic Precision,0.05,0.21904291355759034
Authentic Recall,0.5398999999999998,0.05259421560544005
Synthetic F1,0.4045381088443456,0.040909879319616434
Synthetic Precision,0.4463712136782451,0.03318763716526818
Synthetic Recall,0.3717999999999999,0.05136284079119276
