,Key,Count,Mean Score
0,PRP,100,0.07521301683090473
1,of,100,0.06674460482216912
2,sentiment,100,0.06079475348493223
3,VB,100,0.05235588380471847
4,NN,100,0.0529065679232201
6,DT,93,0.037271418476157156
5,IN,92,0.038703070982590924
13,to,59,0.03558227406083219
7,have,55,0.03534196424358209
14,NNS,42,0.034424558050842886
9,the,41,0.03332356127898554
11,RB,39,0.031516078369793296
8,i,33,0.03205199002335255
12,mean_sen_len,25,0.03205895309607239
10,which,21,0.03153897770827484
