Metric,Mean,Standard Deviation
Overall F1,0.9228859810793614,0.013738739095294878
Overall Precision,0.9232169373170243,0.013802218522386046
Overall Recall,0.9228999999999999,0.013737804508991704
Authentic F1,0.9227963999999999,0.013743562351188654
Authentic Precision,1.0,0.0
Authentic Recall,0.9215499999999999,0.018582263184297676
Synthetic F1,0.9229755967175354,0.013812852968035645
Synthetic Precision,0.9220400209245245,0.017132303957223944
Synthetic Recall,0.9242500000000001,0.020105466867988846
