,Key,Count,Mean Score
0,mean_sen_len,100,0.0972669701875254
1,sentiment,100,0.04373358958034285
2,so,100,0.03390895947149401
3,or,100,0.028304994624879752
4,any,100,0.03457800671543796
5,don,99,0.025969803533199522
6,VBP,99,0.025195245987491805
7,been,96,0.024664482255728776
8,VBG,67,0.020069411011093313
10,because,67,0.021752737103745593
11,your,24,0.021105600627278908
12,have,19,0.0181633889361755
9,NNS,12,0.01725203198798762
13,then,7,0.02053808743753621
14,this,4,0.01748806611947279
15,a,2,0.018607745948008993
17,you,2,0.016596512454411766
16,DT,1,0.01610654792257429
18,go,1,0.015500841772598329
