Metric,Mean,Standard Deviation
Overall F1,0.9615207737790508,0.009335968866117433
Overall Precision,0.9637565502526054,0.008331885792735388
Overall Recall,0.9615752828546562,0.009299343336444736
Authentic F1,0.9629690333333334,0.008678103036181205
Authentic Precision,1.0,0.0
Authentic Recall,0.9947222222222223,0.00509337551553018
Synthetic F1,0.9600655023397985,0.01000345197989946
Synthetic Precision,0.9943501723319722,0.005431431266202148
Synthetic Recall,0.9282547993019197,0.018193678960379198
