Metric,Mean,Standard Deviation
Overall F1,0.8706269720405738,0.016656023488899045
Overall Precision,0.8712284845204248,0.016694696632464128
Overall Recall,0.870675,0.01665095850670222
Authentic F1,0.8720772999999998,0.016883704405566496
Authentic Precision,1.0,0.0
Authentic Recall,0.8821499999999999,0.02433203607999094
Synthetic F1,0.8691776555979586,0.016681299112720715
Synthetic Precision,0.879833430468377,0.02209197948621481
Synthetic Recall,0.8591999999999997,0.021150256105620425
