Metric,Mean,Standard Deviation
Overall F1,0.8974535867972125,0.014599207211092542
Overall Precision,0.9115489122778709,0.011136866075205833
Overall Recall,0.8983162393162394,0.014249059159492657
Authentic F1,0.8881728,0.017213682844865363
Authentic Precision,1.0,0.0
Authentic Recall,0.8096410256410255,0.028194102513989815
Synthetic F1,0.9067344983504482,0.0120373520915949
Synthetic Precision,0.8388002511789422,0.0200693740668096
Synthetic Recall,0.986991452991453,0.008049050813204454
