Metric,Mean,Standard Deviation
Overall F1,0.4001415773578676,0.021560064038029552
Overall Precision,0.659055416822964,0.0463710566431193
Overall Recall,0.52595,0.010605292179955362
Authentic F1,0.6747287999999998,0.005358139523334116
Authentic Precision,0.99,0.09999999999999999
Authentic Recall,0.9832499999999998,0.00927620503212278
Synthetic F1,0.12555434487497352,0.03915422669634048
Synthetic Precision,0.8044937944908109,0.08925052868055942
Synthetic Recall,0.06865,0.023048642020516066
