Metric,Mean,Standard Deviation
Overall F1,0.942632499528356,0.011380280232035496
Overall Precision,0.9454418729300335,0.01040733042116338
Overall Recall,0.942727272727273,0.01132676056018224
Authentic F1,0.9403924999999999,0.012261726473507357
Authentic Precision,1.0,0.0
Authentic Recall,0.905151515151515,0.02053821874371334
Synthetic F1,0.9448723999436366,0.010523223160957915
Synthetic Precision,0.9121001140811694,0.017381228987166035
Synthetic Recall,0.9803030303030301,0.009178909517829105
