Metric,Mean,Standard Deviation
Overall F1,0.7681169203061373,0.020771974292528146
Overall Precision,0.7707669215874807,0.02083152547693385
Overall Recall,0.7685858585858586,0.020707506198122647
Authentic F1,0.7776293,0.019977074752492344
Authentic Precision,1.0,0.0
Authentic Recall,0.8094444444444442,0.026636448158573054
Synthetic F1,0.7586040557325627,0.022439688503442377
Synthetic Precision,0.7928910832527251,0.024676958214626236
Synthetic Recall,0.7277272727272728,0.028956006505363455
