Metric,Mean,Standard Deviation
Overall F1,0.96177665764408,0.008286743961222006
Overall Precision,0.9637880889991137,0.007462603780941395
Overall Recall,0.9618213058419245,0.008257903441818336
Authentic F1,0.9630340333333334,0.007743364625145111
Authentic Precision,1.0,0.0
Authentic Recall,0.9931958762886598,0.005971541204085577
Synthetic F1,0.9605195634801634,0.008837751733831513
Synthetic Precision,0.992794563611744,0.00625945852044488
Synthetic Recall,0.930446735395189,0.0163303205198059
