Metric,Mean,Standard Deviation
Overall F1,0.9098619663072737,0.014896084558755919
Overall Precision,0.9148599913441251,0.013916174124614393
Overall Recall,0.9101315789473684,0.014783708983430266
Authentic F1,0.9145839000000001,0.013569716521661784
Authentic Precision,1.0,0.0
Authentic Recall,0.9613596491228069,0.01603937129725054
Synthetic F1,0.9051405397954038,0.016341793339492074
Synthetic Precision,0.9572452605763305,0.01700292958789817
Synthetic Recall,0.8589035087719299,0.025749008496628242
