Metric,Mean,Standard Deviation
Overall F1,0.3400699341614128,0.00757509084459916
Overall Precision,0.41849718067833735,0.10611535618794438
Overall Recall,0.49454999999999993,0.0064782074462903455
Authentic F1,0.6593042,0.005822624140264234
Authentic Precision,0.13,0.3379976689896311
Authentic Recall,0.9782499999999997,0.013787254398116544
Synthetic F1,0.020835978464981145,0.014580102694342737
Synthetic Precision,0.33978159340659336,0.21002433630204748
Synthetic Recall,0.01085,0.007721640847238194
