Metric,Mean,Standard Deviation
Overall F1,0.9889913462774763,0.005229003582717478
Overall Precision,0.9891378112884636,0.0051113118864716525
Overall Recall,0.9889922480620155,0.005227903843408645
Authentic F1,0.9889287999999999,0.005302666430459987
Authentic Precision,1.0,0.0
Authentic Recall,0.9823711340206185,0.00980709622975728
Synthetic F1,0.9890556187601902,0.005156315393180497
Synthetic Precision,0.9826081421127507,0.009519076855916749
Synthetic Recall,0.9956476683937825,0.004401450445442151
