Metric,Mean,Standard Deviation
Overall F1,0.9123723699838437,0.015411311643432648
Overall Precision,0.9149861458691362,0.014851765648558864
Overall Recall,0.9125106837606836,0.015346196843466888
Authentic F1,0.9155266999999999,0.014427478848702772
Authentic Precision,1.0,0.0
Authentic Recall,0.9475641025641027,0.018632904129181015
Synthetic F1,0.9092182225900933,0.0165299850079266
Synthetic Precision,0.9439813238693638,0.018788283487269047
Synthetic Recall,0.8774572649572648,0.025894140947495724
