Metric,Mean,Standard Deviation
Overall F1,0.3463291948311896,0.009906376802728573
Overall Precision,0.5869949368120532,0.1566629641928181
Overall Recall,0.503325,0.005470940217977789
Authentic F1,0.6666553000000001,0.003530678950072468
Authentic Precision,0.69,0.4648231987117317
Authentic Recall,0.9933000000000001,0.0068615456043670045
Synthetic F1,0.026004018238341472,0.01778997460089679
Synthetic Precision,0.6723055555555557,0.31125180207932096
Synthetic Recall,0.013349999999999999,0.00926748960810659
