Metric,Mean,Standard Deviation
Overall F1,0.8380220404463661,0.017870805905884492
Overall Precision,0.8398493601366315,0.01786441317128429
Overall Recall,0.8382316534040671,0.017827299915082914
Authentic F1,0.8429885666666667,0.017319233347873185
Authentic Precision,1.0,0.0
Authentic Recall,0.8664550264550265,0.026130479028133168
Synthetic F1,0.8330292744006738,0.019060569477557597
Synthetic Precision,0.8584253292506427,0.023745899644051497
Synthetic Recall,0.8098581560283687,0.028541482041797118
