Metric,Mean,Standard Deviation
Overall F1,0.7709083727130033,0.021404464469162443
Overall Precision,0.7726133462788826,0.021299725810822397
Overall Recall,0.7712280701754385,0.021335117357474825
Authentic F1,0.7780539000000001,0.021071713717203882
Authentic Precision,1.0,0.0
Authentic Recall,0.8003500000000001,0.029867172276564435
Synthetic F1,0.7637269466106967,0.022985676146421545
Synthetic Precision,0.7877052353143043,0.025658695648635196
Synthetic Recall,0.7419597989949749,0.031607653253230346
