Metric,Mean,Standard Deviation
Overall F1,0.3340896516996507,0.01316363503337598
Overall Precision,0.3367160733920238,0.03917878206661541
Overall Recall,0.452125,0.01821717679287958
Authentic F1,0.6139893,0.0185993564163121
Authentic Precision,0.0,0.0
Authentic Recall,0.8725,0.04033633848058352
Synthetic F1,0.05419076150061577,0.023316936589107797
Synthetic Precision,0.19966686168386258,0.07216531108417006
Synthetic Recall,0.03175,0.014449057150044515
