,Key,Count,Mean Score
0,PRP,100,0.07578467894782456
1,of,100,0.06627979191916446
2,sentiment,100,0.062003184553645105
3,NN,100,0.053400215000454186
5,VB,100,0.05181674072230322
4,IN,96,0.038657646436686115
10,DT,94,0.03770095753382501
6,to,66,0.03499792300056409
9,have,58,0.035372389659997984
7,NNS,49,0.03360580149833943
12,the,36,0.032753835299593054
11,RB,31,0.03248934335299201
8,mean_sen_len,28,0.031100796145309754
14,i,26,0.033047910769864304
13,which,16,0.03272491832315383
