Metric,Mean,Standard Deviation
Overall F1,0.9008032724551618,0.014092934826337859
Overall Precision,0.9012321527934368,0.01401697452134675
Overall Recall,0.9008291666666668,0.014083073795541154
Authentic F1,0.9002002999999998,0.014355808057831893
Authentic Precision,1.0,0.0
Authentic Recall,0.8949083333333332,0.021162196461753262
Synthetic F1,0.901406518916927,0.013994021043265845
Synthetic Precision,0.8965013944314895,0.01866165279445023
Synthetic Recall,0.90675,0.019630257002050566
