Metric,Mean,Standard Deviation
Overall F1,0.7250242636245965,0.02129401520418537
Overall Precision,0.7259728899104221,0.0213801648101014
Overall Recall,0.7252441077441077,0.021284367771805666
Authentic F1,0.7281196999999999,0.02236908118109207
Authentic Precision,1.0,0.0
Authentic Recall,0.7365151515151515,0.03381344103849748
Synthetic F1,0.7219287929752176,0.022562348705021162
Synthetic Precision,0.7311058314517916,0.025086953973728104
Synthetic Recall,0.7139730639730639,0.03337071214958992
