Metric,Mean,Standard Deviation
Overall F1,0.9049675765570363,0.01564803235915889
Overall Precision,0.9129323678448077,0.013405463227150432
Overall Recall,0.9054276315789472,0.015417483377152381
Authentic F1,0.9113595999999999,0.01355391284366759
Authentic Precision,1.0,0.0
Authentic Recall,0.9707894736842105,0.013942577893954804
Synthetic F1,0.8985758653454541,0.017862405631513124
Synthetic Precision,0.9666949694657078,0.015291230673165464
Synthetic Recall,0.8400657894736843,0.030035127195751302
