Metric,Mean,Standard Deviation
Overall F1,0.3463883571351775,0.009907971835857217
Overall Precision,0.5705226169482622,0.15157680286896025
Overall Recall,0.5029250000000001,0.005607703485727317
Authentic F1,0.6662281,0.003759086417864009
Authentic Precision,0.6,0.49236596391733095
Authentic Recall,0.9922,0.007598511284282853
Synthetic F1,0.026549346563372347,0.017856948579591077
Synthetic Precision,0.6395631313131314,0.3010060480873091
Synthetic Recall,0.013649999999999997,0.009316407813393235
