Metric,Mean,Standard Deviation
Overall F1,0.40441106969890844,0.05153396559738962
Overall Precision,0.5340956938652396,0.08329930592408184
Overall Recall,0.513125,0.02177239645686133
Authentic F1,0.6567874000000002,0.01254745977108796
Authentic Precision,0.68,0.4688261722621507
Authentic Recall,0.93235,0.04594383373844479
Synthetic F1,0.15203470640100758,0.10305595546939095
Synthetic Precision,0.5605076825174056,0.15874670858072792
Synthetic Recall,0.09390000000000001,0.07314914886584792
