Metric,Mean,Standard Deviation
Overall F1,0.94048826653676,0.012279032693603267
Overall Precision,0.9444568305828502,0.010810421103386503
Overall Recall,0.9406282722513091,0.012198713419988523
Authentic F1,0.9432775000000001,0.011159712205749371
Authentic Precision,1.0,0.0
Authentic Recall,0.9854973821989529,0.008414394925668369
Synthetic F1,0.9376987179748757,0.013420306869644655
Synthetic Precision,0.9841539333643312,0.009047103822536815
Synthetic Recall,0.895759162303665,0.023415447759329425
