Metric,Mean,Standard Deviation
Overall F1,0.9527518696375172,0.011460641880500343
Overall Precision,0.9563797440943472,0.00987226320682048
Overall Recall,0.9528542914171658,0.011391975022794206
Authentic F1,0.9548841999999998,0.010477707966955485
Authentic Precision,1.0,0.0
Authentic Recall,0.9954690618762474,0.005311295237202825
Synthetic F1,0.9506201466730891,0.012453615689055834
Synthetic Precision,0.9950824186889766,0.005725211750878036
Synthetic Recall,0.9102395209580838,0.02234878273274231
