Metric,Mean,Standard Deviation
Overall F1,0.9270966644466945,0.013270461513170238
Overall Precision,0.931186477455207,0.011936316775734599
Overall Recall,0.9272750000000001,0.01317182005018073
Authentic F1,0.930519,0.012002054580004801
Authentic Precision,1.0,0.0
Authentic Recall,0.9725499999999998,0.013075055285048355
Synthetic F1,0.9236744496582066,0.014608285012986754
Synthetic Precision,0.9700637775848859,0.01370977394070552
Synthetic Recall,0.8819999999999998,0.025574213654390335
