,Key,Count,Mean Score
0,TTR,100,0.1237965447623393
1,and,100,0.045835015567276996
2,a,100,0.026828809686947796
3,the,100,0.02782605018219714
4,i,99,0.022478136678494465
9,IN,93,0.02063872775487105
10,just,78,0.020772946263978107
8,RB,69,0.017164079141520867
5,VBP,57,0.01693143091065344
15,which,48,0.017804129636275184
16,is,31,0.016664977161964117
6,have,25,0.017695064350930677
12,been,22,0.016786541727002915
7,here,20,0.01820986314243215
13,VBN,12,0.016091298327383517
14,DT,11,0.015448026348168258
25,about,7,0.016013399097393157
20,VBZ,6,0.014736911082671925
21,an,6,0.01764086913711496
11,there,5,0.016127226555155395
24,my,3,0.01611903904337589
19,by,2,0.015806926309220006
18,but,1,0.014688382484661866
17,don,1,0.014730027150953484
23,NN,1,0.015631439663603933
22,some,1,0.015093859911562042
26,these,1,0.014406335191605328
27,me,1,0.01421099063893807
