Metric,Mean,Standard Deviation
Overall F1,0.9504815240641268,0.010684674106187899
Overall Precision,0.951107392389358,0.01042678152497066
Overall Recall,0.9505,0.010671873729054742
Authentic F1,0.9512848000000002,0.010290894620041936
Authentic Precision,1.0,0.0
Authentic Recall,0.9658,0.01143095213298817
Synthetic F1,0.9496791628796305,0.011101612089594603
Synthetic Precision,0.9648345223452618,0.011430750473113526
Synthetic Recall,0.9351999999999998,0.01762287310757402
