Metric,Mean,Standard Deviation
Overall F1,0.9318095438265316,0.01311551384454142
Overall Precision,0.9322009468777327,0.013060022658464124
Overall Recall,0.9318249999999999,0.013108208354410074
Authentic F1,0.9322345,0.01299960320878521
Authentic Precision,1.0,0.0
Authentic Recall,0.9379,0.018232228097907848
Synthetic F1,0.9313838574393025,0.013303870897962426
Synthetic Precision,0.9374360334389077,0.01723077188122247
Synthetic Recall,0.9257499999999999,0.01944137782455686
