,Key,Count,Mean Score
0,i,100,0.07637286991408666
1,TTR,100,0.06596334270335774
2,you,100,0.05300717236260827
3,but,100,0.03831714517723967
4,sentiment,100,0.03213433271739375
5,here,100,0.034887688348895066
8,and,95,0.023601874271520003
11,there,57,0.020802188368860566
9,just,43,0.02092764144432697
7,RB,39,0.018988657501463207
14,about,34,0.01978024738076996
6,my,32,0.019504159644816072
10,your,32,0.020053098708005437
12,PRP,22,0.01832539954205472
13,VB,19,0.017850398143118406
20,do,12,0.01864251916210087
16,to,7,0.01863510699584438
18,so,2,0.021044818344658142
15,now,1,0.0179018530794004
17,very,1,0.01671258577009011
19,it,1,0.015669719849779405
21,VBP,1,0.018610735833263354
22,such,1,0.01674410617532797
23,at,1,0.017178216836156602
