Metric,Mean,Standard Deviation
Overall F1,0.9776644174229544,0.0075967043250498995
Overall Precision,0.9785551490753776,0.0070961546049394565
Overall Recall,0.9776767676767677,0.007586123574978698
Authentic F1,0.9781650999999999,0.007290704126253215
Authentic Precision,1.0,0.0
Authentic Recall,0.9980303030303029,0.0035816923190885603
Synthetic F1,0.9771633742899158,0.007903646415531582
Synthetic Precision,0.9979508174676229,0.0037184997146010885
Synthetic Recall,0.9573232323232322,0.014146787936363028
