Metric,Mean,Standard Deviation
Overall F1,0.8264619656150077,0.01623393002316774
Overall Precision,0.8351306298256814,0.015231935135779898
Overall Recall,0.8274750000000001,0.015952482312141643
Authentic F1,0.8392719000000001,0.014193224211758676
Authentic Precision,1.0,0.0
Authentic Recall,0.9006000000000001,0.020514591998099442
Synthetic F1,0.8136525973751282,0.018938742441639823
Synthetic Precision,0.884070606072911,0.020323541753882866
Synthetic Recall,0.7543500000000001,0.02934172572782436
