Metric,Mean,Standard Deviation
Overall F1,0.939159540852082,0.012609926788153342
Overall Precision,0.9419067647011503,0.011778819123690873
Overall Recall,0.939258064516129,0.012556894977411342
Authentic F1,0.9368484000000002,0.01352215015775556
Authentic Precision,1.0,0.0
Authentic Recall,0.9027096774193546,0.022549063237596714
Synthetic F1,0.9414707247797786,0.011740699415963875
Synthetic Precision,0.9097358888398968,0.019094781087712318
Synthetic Recall,0.975806451612903,0.012585698828730759
