Metric,Mean,Standard Deviation
Overall F1,0.8123637199655992,0.020688997474241716
Overall Precision,0.8148155940929827,0.02038592525969985
Overall Recall,0.8126903553299492,0.020584644772582806
Authentic F1,0.8054389999999999,0.022667998958171773
Authentic Precision,1.0,0.0
Authentic Recall,0.776294416243655,0.03140978762074439
Synthetic F1,0.819288602680257,0.019328594454755918
Synthetic Precision,0.7920123677775172,0.023867652471401827
Synthetic Recall,0.8490862944162438,0.024929121007189782
