Metric,Mean,Standard Deviation
Overall F1,0.9930896105542879,0.004466651054053105
Overall Precision,0.9932220738745531,0.004303045273141457
Overall Recall,0.9930904522613063,0.004465034619378527
Authentic F1,0.9930236333333334,0.004550517460988894
Authentic Precision,1.0,0.0
Authentic Recall,0.9861976549413735,0.008932417496447253
Synthetic F1,0.9931571092312897,0.004382384667064073
Synthetic Precision,0.9864609827659414,0.008608096567024047
Synthetic Recall,0.9999832495812395,0.0002901257634118799
