Metric,Mean,Standard Deviation
Overall F1,0.3721932960962734,0.01844482563329341
Overall Precision,0.45288546179846184,0.05632445680149608
Overall Recall,0.4866249999999999,0.015772911025623077
Authentic F1,0.6399415999999999,0.013925490740495877
Authentic Precision,0.17,0.3775251680686369
Authentic Recall,0.9129499999999999,0.029730226430963545
Synthetic F1,0.10444465124451702,0.032002212251901314
Synthetic Precision,0.41306662394837246,0.10463057278559562
Synthetic Recall,0.0603,0.019730763550938172
