Metric,Mean,Standard Deviation
Overall F1,0.7513571174311428,0.0287711016087328
Overall Precision,0.7929610657242451,0.025312977287840762
Overall Recall,0.7588000000000003,0.026298308122406085
Authentic F1,0.7092600000000001,0.03937195656347755
Authentic Precision,1.0,0.0
Authentic Recall,0.59185,0.05381719431594706
Synthetic F1,0.7934544454438526,0.02032788059147488
Synthetic Precision,0.6950888430888008,0.02667476778235475
Synthetic Recall,0.9257500000000001,0.03201463522651582
