Metric,Mean,Standard Deviation
Overall F1,0.9770957676434746,0.008971191692022703
Overall Precision,0.9776099240657247,0.008654658490212009
Overall Recall,0.9771034482758619,0.008964177484764371
Authentic F1,0.9767303000000002,0.009229041826777262
Authentic Precision,1.0,0.0
Authentic Recall,0.9633103448275862,0.016103295003510702
Synthetic F1,0.977461469734707,0.008718439734110786
Synthetic Precision,0.9645253287730187,0.015077444796620742
Synthetic Recall,0.9908965517241378,0.007648331798865749
