Metric,Mean,Standard Deviation
Overall F1,0.46286210616879236,0.02531887101527654
Overall Precision,0.46656502124945726,0.02586433723653716
Overall Recall,0.46777500000000005,0.024979524443314388
Authentic F1,0.5100073,0.02925620634682632
Authentic Precision,0.12,0.3265986323710904
Authentic Recall,0.55535,0.04644022442284752
Synthetic F1,0.4157171026320835,0.03605393565404832
Synthetic Precision,0.46072007969698925,0.030468456919975122
Synthetic Recall,0.38020000000000004,0.04471526076692996
