Metric,Mean,Standard Deviation
Overall F1,0.9935567469897298,0.00435276864336662
Overall Precision,0.9936178835782769,0.004297616221735519
Overall Recall,0.9935569755058572,0.004352451623309666
Authentic F1,0.9935491,0.0043740029564320465
Authentic Precision,1.0,0.0
Authentic Recall,0.9905520169851378,0.007787140828709802
Synthetic F1,0.9935658272386068,0.004332429061883776
Synthetic Precision,0.9906111825521814,0.007667593327345658
Synthetic Recall,0.9965811965811967,0.004550387665850746
