,Key,Count,Mean Score
0,TTR,300,0.20362061944569682
1,the,300,0.08637908685390402
2,to,300,0.06660982608397126
3,mean_sen_len,300,0.05192104056867191
4,DT,300,0.046817437829363144
6,and,300,0.03833910621108125
5,a,299,0.035632150924585416
7,RB,297,0.032027280872760265
8,VBG,293,0.02769438853975676
10,of,209,0.023422003081476676
11,lex_density,81,0.022598214645349137
12,i,11,0.020365571043435005
9,VB,10,0.020083986870942715
