Metric,Mean,Standard Deviation
Overall F1,0.41758436725857506,0.030355452496743682
Overall Precision,0.4249435707283083,0.03151142021072179
Overall Recall,0.43324999999999997,0.028323304820581856
Authentic F1,0.5076395000000001,0.0342415013233764
Authentic Precision,0.02,0.14070529413628965
Authentic Recall,0.58695,0.061615027518955284
Synthetic F1,0.327529618825331,0.05414306375191413
Synthetic Precision,0.4012596710327066,0.04268228855911417
Synthetic Recall,0.2795500000000001,0.06256348291087536
