Metric,Mean,Standard Deviation
Overall F1,0.9300585913604071,0.012393088836599502
Overall Precision,0.9304671316450664,0.012346720693374153
Overall Recall,0.9300749999999998,0.012388161300372232
Authentic F1,0.9304826999999999,0.012247869479128926
Authentic Precision,1.0,0.0
Authentic Recall,0.9358500000000002,0.01762480747083035
Synthetic F1,0.9296348028158262,0.012619130241917294
Synthetic Precision,0.9354056801791784,0.01650727455423368
Synthetic Recall,0.9243000000000001,0.019758900308826415
