,Key,Count,Mean Score
0,mean_sen_len,100,0.07264534091406664
1,or,100,0.030955504852553672
2,so,100,0.030976609268080525
3,don,100,0.034307837317030625
4,VBG,100,0.028977476870745554
10,you,92,0.02367132515662526
5,some,65,0.02125395838975165
12,am,61,0.02198971429492101
6,because,55,0.020336161986996847
7,been,43,0.020285724250557868
9,sentiment,33,0.01870221299833358
8,very,25,0.018944099424344357
16,any,24,0.01936953101306471
17,has,23,0.019952421335148695
14,VB,18,0.019170689125412338
15,here,16,0.02137448505788646
18,have,11,0.018602998113951556
19,it,9,0.01782498650719859
13,TTR,7,0.017216132173706326
11,VBP,4,0.019534271370789003
20,NNS,4,0.018219100257390982
25,only,3,0.01746850998389896
23,is,2,0.0184868607290659
21,who,1,0.01903082300383016
22,but,1,0.015727488270144988
24,after,1,0.015295075177721636
26,to,1,0.01688572717033316
27,might,1,0.01779079332615516
