Metric,Mean,Standard Deviation
Overall F1,0.9491085964232893,0.012778514261349213
Overall Precision,0.9507983365307041,0.012012363322942058
Overall Recall,0.9491612200435728,0.012739837629722292
Authentic F1,0.9476002000000001,0.013569679385382453
Authentic Precision,1.0,0.0
Authentic Recall,0.9214379084967322,0.02251424750800086
Synthetic F1,0.9506167249255124,0.01201013881780985
Synthetic Precision,0.9259658212912124,0.019694190757090866
Synthetic Recall,0.9768845315904139,0.010906623186702833
