Metric,Mean,Standard Deviation
Overall F1,0.9626471288360302,0.011674616445550878
Overall Precision,0.964592248653808,0.010674373700817488
Overall Recall,0.9626923076923076,0.01163696478990606
Authentic F1,0.9614176000000001,0.012397868676396428
Authentic Precision,1.0,0.0
Authentic Recall,0.9324999999999999,0.021569653878889598
Synthetic F1,0.9638771533978374,0.010960312748716635
Synthetic Precision,0.9367146269249256,0.01901529420877923
Synthetic Recall,0.9928846153846154,0.007339701883797345
