Metric,Mean,Standard Deviation
Overall F1,0.9690280846196235,0.009941043897273573
Overall Precision,0.9696253349315819,0.009634325513796834
Overall Recall,0.9690395480225988,0.009932108665831009
Authentic F1,0.9695347,0.00962116432347946
Authentic Precision,1.0,0.0
Authentic Recall,0.9836158192090396,0.009585870692805634
Synthetic F1,0.9685218737722802,0.010268659674096313
Synthetic Precision,0.9832179233181719,0.009679116808864543
Synthetic Recall,0.9544632768361582,0.01768130834058367
