Metric,Mean,Standard Deviation
Overall F1,0.9786099228356049,0.009340580731244563
Overall Precision,0.9788182306925094,0.00925676586528534
Overall Recall,0.9786122448979592,0.009338600214877103
Authentic F1,0.978594,0.009393194721217434
Authentic Precision,1.0,0.0
Authentic Recall,0.9746341463414633,0.014492023824708072
Synthetic F1,0.9786259919057875,0.009294046089154179
Synthetic Precision,0.9748360036184974,0.014008605479495157
Synthetic Recall,0.982622950819672,0.01217889575146804
