Metric,Mean,Standard Deviation
Overall F1,0.6544313662085772,0.02314667027211181
Overall Precision,0.6554133260661342,0.023224070707524313
Overall Recall,0.6547811447811447,0.023118591476190962
Authentic F1,0.6605048333333333,0.024477360073329405
Authentic Precision,1.0,0.0
Authentic Recall,0.6723569023569024,0.03544293024723665
Synthetic F1,0.6483582488226218,0.025346509588367934
Synthetic Precision,0.6609248072746119,0.025880909449553575
Synthetic Recall,0.6372053872053872,0.034931956120518214
