Metric,Mean,Standard Deviation
Overall F1,0.3375843034045246,0.00519072393990211
Overall Precision,0.4674812275659212,0.20239093137730066
Overall Recall,0.49984999999999985,0.003514400389968402
Authentic F1,0.6654257999999998,0.002755185443537854
Authentic Precision,0.34,0.47609522856952335
Authentic Recall,0.9947499999999998,0.006169941800226473
Synthetic F1,0.00974384764811023,0.009482965406432897
Synthetic Precision,0.4350396825396825,0.40347867042446967
Synthetic Recall,0.0049499999999999995,0.004845856295054903
