Metric,Mean,Standard Deviation
Overall F1,0.8726019878484383,0.017523587636297095
Overall Precision,0.8874489607503777,0.014804318213742312
Overall Recall,0.8737381567614126,0.01710196176639594
Authentic F1,0.8609462666666665,0.0206226741320505
Authentic Precision,1.0,0.0
Authentic Recall,0.7815463917525772,0.03074726910600917
Synthetic F1,0.8843180992451561,0.014543472729252181
Synthetic Precision,0.8153726105627084,0.021542666323574437
Synthetic Recall,0.9664075993091537,0.013289237927428806
