Metric,Mean,Standard Deviation
Overall F1,0.36074840571769534,0.028160811642003087
Overall Precision,0.44612278905218716,0.10322047580821142
Overall Recall,0.48965000000000003,0.018129096541585885
Authentic F1,0.646815,0.01813644979347146
Authentic Precision,0.27,0.4461960433384737
Authentic Recall,0.93605,0.04644044192796452
Synthetic F1,0.07468206341062106,0.05868837800781706
Synthetic Precision,0.3978338316277788,0.19976573498682657
Synthetic Recall,0.043250000000000004,0.03740560510042971
