Metric,Mean,Standard Deviation
Overall F1,0.7557250211968503,0.019067248917837624
Overall Precision,0.7567060545022296,0.019196816579883116
Overall Recall,0.7559114583333334,0.019064390827043788
Authentic F1,0.7589244,0.019616726388004147
Authentic Precision,1.0,0.0
Authentic Recall,0.7689583333333333,0.03077750257416254
Synthetic F1,0.7525255909471964,0.020342422450195935
Synthetic Precision,0.763415984431539,0.023553826619431697
Synthetic Recall,0.7428645833333334,0.03135202726014232
