Metric,Mean,Standard Deviation
Overall F1,0.8187841441347232,0.0037315952527210536
Overall Precision,0.8223978555690783,0.0038160857870527293
Overall Recall,0.819229229229229,0.0037248797438589306
Authentic F1,0.8277391891891892,0.0036283663078418766
Authentic Precision,1.0,0.0
Authentic Recall,0.8686453119786453,0.005426674658007389
Synthetic F1,0.809829449405516,0.003961214787839533
Synthetic Precision,0.854265991400149,0.005206184090440081
Synthetic Recall,0.7698131464798129,0.005221045757559367
