domain,mean,min,max,std
MAGE_overall_random_forest,0.8192292292292292,0.8085185185185185,0.8278703703703704,0.0037248797438589306
