Metric,Mean,Standard Deviation
Overall F1,0.91180097230071,0.013727445923745998
Overall Precision,0.9122626043279264,0.013681887914508768
Overall Recall,0.9118249999999999,0.013720031620837026
Authentic F1,0.9116158,0.01381483145175518
Authentic Precision,1.0,0.0
Authentic Recall,0.9096500000000001,0.020952748668556037
Synthetic F1,0.9119862300456885,0.013800554886239049
Synthetic Precision,0.9104553823033267,0.018748199382703442
Synthetic Recall,0.9139999999999999,0.02157907703439991
