Metric,Mean,Standard Deviation
Overall F1,0.906358677231243,0.013600728330399044
Overall Precision,0.9074144541908548,0.013500078788650012
Overall Recall,0.9064175257731958,0.013582160289417583
Authentic F1,0.9081299999999999,0.013173168475229022
Authentic Precision,1.0,0.0
Authentic Recall,0.9249484536082474,0.019649736838443836
Synthetic F1,0.904587395197896,0.014202902548254041
Synthetic Precision,0.9224789303418626,0.018655022139663763
Synthetic Recall,0.8878865979381445,0.022963301156849865
