Metric,Mean,Standard Deviation
Overall F1,0.48980442891328474,0.026534797722759483
Overall Precision,0.4924823203631323,0.026359269629442926
Overall Recall,0.4927749999999999,0.0255492567446104
Authentic F1,0.5188348,0.030277143110093642
Authentic Precision,0.4,0.49236596391733095
Authentic Recall,0.5488999999999998,0.05270740656749017
Synthetic F1,0.4607747027108761,0.04376366822975663
Synthetic Precision,0.4911405614148724,0.030175723933350593
Synthetic Recall,0.43665000000000004,0.060972982094158266
