,Key,Count,Mean Score
0,PRP,100,0.07571354746351962
1,of,100,0.06663023831389549
2,VB,100,0.052160506046103894
3,sentiment,100,0.06009138253204156
5,NN,100,0.05470194102435436
8,DT,98,0.03821478622347157
4,IN,96,0.03942796529966767
11,have,66,0.03418349172779856
9,to,55,0.03649235555875697
6,NNS,39,0.03250501745989254
14,the,36,0.031736737124202115
7,RB,34,0.033092087812811706
12,mean_sen_len,29,0.032677637378329495
13,i,27,0.03244412448689967
10,which,20,0.03365141862063533
