Metric,Mean,Standard Deviation
Overall F1,0.8456956133657207,0.018642689799464346
Overall Precision,0.8464540908537899,0.01846479580000729
Overall Recall,0.8457750000000002,0.018609134147976204
Authentic F1,0.8438817000000001,0.01935995408913289
Authentic Precision,1.0,0.0
Authentic Recall,0.8342,0.027649684455795333
Synthetic F1,0.847509635136086,0.01842981164813532
Synthetic Precision,0.838457013189185,0.022627594615330655
Synthetic Recall,0.8573499999999998,0.025667404554525125
