Metric,Mean,Standard Deviation
Overall F1,0.9896995099401146,0.004991467926595752
Overall Precision,0.9897680683734168,0.004941390921177743
Overall Recall,0.9897,0.004990900811385749
Authentic F1,0.9897465999999998,0.004944546883060966
Authentic Precision,1.0,0.0
Authentic Recall,0.9932999999999998,0.005184475660931193
Synthetic F1,0.9896523799948165,0.005039117132293527
Synthetic Precision,0.9932750357649622,0.00517444848366774
Synthetic Recall,0.9861,0.008213686533137638
