Metric,Mean,Standard Deviation
Overall F1,0.516042606188662,0.02667706250017248
Overall Precision,0.518175672773046,0.0267789825029986
Overall Recall,0.5178999999999999,0.026401905349057793
Authentic F1,0.5355534000000001,0.03117581039812435
Authentic Precision,0.73,0.4461960433384737
Authentic Recall,0.55775,0.05175883762921335
Synthetic F1,0.4965315407844729,0.038987250007805015
Synthetic Precision,0.519400480274108,0.028837384064934787
Synthetic Recall,0.4780500000000001,0.05647424996483716
