,Key,Count,Mean Score
0,sentiment,100,0.06123694036868148
1,PRP,100,0.07464754358433942
2,of,100,0.06696820853461646
4,NN,100,0.052604255877028445
6,VB,100,0.05190108485740865
5,DT,96,0.037546708916480036
7,IN,95,0.03889843360646657
12,to,60,0.03566102213888632
3,have,52,0.03497116878316353
9,NNS,45,0.03266707145057846
10,mean_sen_len,36,0.031929197844426785
13,RB,35,0.03242624640414523
8,the,29,0.0324508110714187
14,which,29,0.032286893706062546
11,i,23,0.03230253246742547
