Metric,Mean,Standard Deviation
Overall F1,0.9334779493254075,0.015336354109005124
Overall Precision,0.9363809273284651,0.014493715051660111
Overall Recall,0.933601108033241,0.015271433298899148
Authentic F1,0.9362751999999999,0.014274411553970318
Authentic Precision,1.0,0.0
Authentic Recall,0.9714364640883976,0.014373974739291903
Synthetic F1,0.9306655546914455,0.016450787668482566
Synthetic Precision,0.9690907054178166,0.01524124213790672
Synthetic Recall,0.8955555555555559,0.025379032166828266
