Metric,Mean,Standard Deviation
Overall F1,0.4227250176188802,0.02583660206721043
Overall Precision,0.7210319991041491,0.03957215925744681
Overall Recall,0.5407749999999999,0.013792725172233653
Authentic F1,0.6836435000000001,0.0069769711200564025
Authentic Precision,1.0,0.0
Authentic Recall,0.9921500000000001,0.007462194277445713
Synthetic F1,0.16180675329478691,0.04539507235951543
Synthetic Precision,0.9205340915576451,0.0757080983850068
Synthetic Recall,0.0894,0.02737026330036511
