Metric,Mean,Standard Deviation
Overall F1,0.8213592914001094,0.019193629032135815
Overall Precision,0.8220669783903176,0.01897435894127937
Overall Recall,0.82145,0.019149135592485468
Authentic F1,0.8226203,0.01892790305476296
Authentic Precision,1.0,0.0
Authentic Recall,0.8281999999999999,0.026538708150605776
Synthetic F1,0.8200981412352085,0.020243124774157725
Synthetic Precision,0.8263236942226646,0.022137133586700865
Synthetic Recall,0.8147,0.030366615108228842
