Metric,Mean,Standard Deviation
Overall F1,0.9505548307035995,0.01122964599958213
Overall Precision,0.9538584772740656,0.009813158180785448
Overall Recall,0.9506521739130434,0.011163592636674996
Authentic F1,0.9526688666666666,0.010272215344111919
Authentic Precision,1.0,0.0
Authentic Recall,0.9912681159420291,0.006810899334128194
Synthetic F1,0.9484403760495406,0.012200777983366228
Synthetic Precision,0.9905551477044893,0.0072931894501059216
Synthetic Recall,0.9100362318840579,0.02166207685987467
