Metric,Mean,Standard Deviation
Overall F1,0.9720106929592969,0.00612431139849976
Overall Precision,0.9732405531121603,0.005587461370776215
Overall Recall,0.9720304568527917,0.006111206998012447
Authentic F1,0.9727257000000001,0.005803681390881874
Authentic Precision,1.0,0.0
Authentic Recall,0.9963451776649745,0.004452251042024454
Synthetic F1,0.9712957155167085,0.006448120525767638
Synthetic Precision,0.9961947479084262,0.0046125044460565996
Synthetic Recall,0.947715736040609,0.012589973699209573
