Metric,Mean,Standard Deviation
Overall F1,0.9237699812556106,0.009706835110039539
Overall Precision,0.9313808816445214,0.008154023821458146
Overall Recall,0.9241093969144459,0.009589140776997133
Authentic F1,0.9288487,0.008505860802405537
Authentic Precision,1.0,0.0
Authentic Recall,0.9884593837535014,0.006484573823826418
Synthetic F1,0.9186767731743899,0.010936365884891368
Synthetic Precision,0.9867717968440737,0.007352000005928995
Synthetic Recall,0.8595786516853932,0.018411093582843662
