,Key,Count,Mean Score
0,TTR,100,0.09741699062859958
1,is,100,0.05851606409520924
2,to,100,0.061051171390932274
3,the,100,0.045976209872440624
4,of,100,0.03929432490745252
5,DT,100,0.03497774074826916
6,a,100,0.03679724357278422
7,RB,100,0.028692915718622748
9,and,100,0.031553724784403846
8,mean_sen_len,95,0.028260155257112896
10,from,5,0.02872279104126573
