Metric,Mean,Standard Deviation
Overall F1,0.9166938509019964,0.013829588770395305
Overall Precision,0.9173892229787638,0.013633979694430889
Overall Recall,0.9167290552584669,0.013810460288547512
Authentic F1,0.9175187333333334,0.013550451314685468
Authentic Precision,1.0,0.0
Authentic Recall,0.9262210338680927,0.02079316881562633
Synthetic F1,0.915868623227851,0.014281088491224305
Synthetic Precision,0.9252665956151834,0.01916536166849725
Synthetic Recall,0.9072370766488415,0.02383895281284213
