Metric,Mean,Standard Deviation
Overall F1,0.9931307399417447,0.0042691930158697666
Overall Precision,0.9931998161240798,0.004215158242525761
Overall Recall,0.9931309904153355,0.004268917643191806
Authentic F1,0.9931206999999997,0.004292882823860207
Authentic Precision,1.0,0.0
Authentic Recall,0.9898726114649681,0.00805141594435579
Synthetic F1,0.9931426191875313,0.004245958572597813
Synthetic Precision,0.9899435690211635,0.007929915515681979
Synthetic Recall,0.9964102564102564,0.004493187970412094
