,Key,Count,Mean Score
0,TTR,100,0.20598500904584324
1,the,100,0.08591933716313639
2,to,100,0.06613664368326293
3,mean_sen_len,100,0.051992452730853136
4,and,100,0.038712922764818386
5,DT,100,0.046625050212450274
7,a,100,0.03516316413870043
8,RB,100,0.03156507368449434
6,VBG,98,0.028745316660195655
9,of,60,0.02337984074356895
10,lex_density,40,0.022542329924347924
11,IN,1,0.018259368633305448
12,NNS,1,0.021804791061461746
