Metric,Mean,Standard Deviation
Overall F1,0.9470995686355725,0.012883511490286959
Overall Precision,0.9493387661089658,0.011826579921632397
Overall Recall,0.9471661237785014,0.012833770598287839
Authentic F1,0.9454536,0.01378084982064837
Authentic Precision,1.0,0.0
Authentic Recall,0.9151948051948053,0.023966059041983363
Synthetic F1,0.9487563677405736,0.012005885622083838
Synthetic Precision,0.9202994120808834,0.020744305507960845
Synthetic Recall,0.979346405228758,0.010408765638105881
