Metric,Mean,Standard Deviation
Overall F1,0.8324578882163384,0.013183622050447047
Overall Precision,0.8329013690519868,0.01312177047591209
Overall Recall,0.8325105189340813,0.013170702773818873
Authentic F1,0.834095,0.013145831808576963
Authentic Precision,1.0,0.0
Authentic Recall,0.8410364145658262,0.019440904381875106
Synthetic F1,0.830816060249858,0.013724192370265417
Synthetic Precision,0.8381858530272577,0.016379261913624467
Synthetic Recall,0.8239606741573031,0.020780515349529228
