Metric,Mean,Standard Deviation
Overall F1,0.8913593122213254,0.015736472824089996
Overall Precision,0.8986911419282018,0.01474755163094771
Overall Recall,0.891842105263158,0.015564979927025643
Authentic F1,0.898332,0.014111233794106
Authentic Precision,1.0,0.0
Authentic Recall,0.9550657894736844,0.01893541677371248
Synthetic F1,0.8843868312987752,0.017588227771852507
Synthetic Precision,0.9490273682186519,0.020065114770334732
Synthetic Recall,0.8286184210526316,0.02753957684172917
