Metric,Mean,Standard Deviation
Overall F1,0.944323699732294,0.011259178124934897
Overall Precision,0.9473591597169715,0.009908096646326962
Overall Recall,0.944425,0.011185166719609254
Authentic F1,0.9465826000000002,0.010240927358970822
Authentic Precision,1.0,0.0
Authentic Recall,0.9831,0.008726483550177315
Synthetic F1,0.9420653953484915,0.012305873803847876
Synthetic Precision,0.9818014630053835,0.009249640253907369
Synthetic Recall,0.9057500000000002,0.02227440212214438
