Metric,Mean,Standard Deviation
Overall F1,0.3360182942161493,0.005107608780447963
Overall Precision,0.4102632588181636,0.18155958653996102
Overall Recall,0.4983999999999999,0.003785938897200176
Authentic F1,0.6643656999999998,0.002948125668894731
Authentic Precision,0.21,0.40936018074033237
Authentic Recall,0.9928999999999999,0.006323756714951886
Synthetic F1,0.007671749347199175,0.008960040551119037
Synthetic Precision,0.3213333333333333,0.36175994545682477
Synthetic Recall,0.0039000000000000003,0.004582575694955841
