Metric,Mean,Standard Deviation
Overall F1,0.8437110998617934,0.018977917803770585
Overall Precision,0.8444539008786843,0.018939859974114816
Overall Recall,0.8437878787878788,0.018961980206433172
Authentic F1,0.8433195000000001,0.019730814917869773
Authentic Precision,1.0,0.0
Authentic Recall,0.8415656565656563,0.03056256407196752
Synthetic F1,0.8441033843191135,0.01885645392469128
Synthetic Precision,0.8430061923023078,0.025327917155495646
Synthetic Recall,0.8460101010101009,0.02746172613465057
