Metric,Mean,Standard Deviation
Overall F1,0.9668403181859362,0.008720890013120798
Overall Precision,0.9673535151659187,0.008583032880690662
Overall Recall,0.9668499999999999,0.008715625118838083
Authentic F1,0.9673223999999999,0.008508994186189462
Authentic Precision,1.0,0.0
Authentic Recall,0.9806999999999998,0.01054140465598453
Synthetic F1,0.9663589846067869,0.008942298524420288
Synthetic Precision,0.980262292733507,0.01056105192597453
Synthetic Recall,0.9530000000000001,0.014142135623730939
