Metric,Mean,Standard Deviation
Overall F1,0.35113047564132804,0.00999911684063653
Overall Precision,0.6322280504044694,0.11078456203990876
Overall Recall,0.5061749999999999,0.005203619078598233
Authentic F1,0.6682939999999998,0.002998183962118914
Authentic Precision,0.81,0.3942772444036626
Authentic Recall,0.9948999999999999,0.004922633769875967
Synthetic F1,0.033968207866864546,0.01782730145944214
Synthetic Precision,0.7613253968253969,0.21963413092412792
Synthetic Recall,0.01745,0.00930664474252866
