Metric,Mean,Standard Deviation
Overall F1,0.4794281003247879,0.030074753808922904
Overall Precision,0.6071986298341902,0.039317464546632694
Overall Recall,0.5491999999999999,0.019065543514281188
Authentic F1,0.6691818,0.014027537375037738
Authentic Precision,0.99,0.09999999999999999
Authentic Recall,0.9123000000000002,0.03369066051683472
Synthetic F1,0.2896742712565176,0.055176022231618105
Synthetic Precision,0.6857139277567701,0.07022464745186424
Synthetic Recall,0.18610000000000004,0.04418498762377479
