Metric,Mean,Standard Deviation
Overall F1,0.9824223208430637,0.005927640045742118
Overall Precision,0.982729427816016,0.005757403797130698
Overall Recall,0.982425952045134,0.005924650438534122
Authentic F1,0.9826685000000001,0.005782339077053518
Authentic Precision,1.0,0.0
Authentic Recall,0.9938309859154928,0.004612074637241734
Synthetic F1,0.9821757030545387,0.006074631115792615
Synthetic Precision,0.9936839395332568,0.004696808899376991
Synthetic Recall,0.9709887005649717,0.010345006164910943
