Metric,Mean,Standard Deviation
Overall F1,0.966844931266769,0.00904635837402663
Overall Precision,0.967101824704678,0.008936045518262164
Overall Recall,0.96685,0.009042687765272124
Authentic F1,0.9670725,0.00887770233435283
Authentic Precision,1.0,0.0
Authentic Recall,0.9728999999999999,0.011307903734498586
Synthetic F1,0.9666174763476257,0.009227665579266978
Synthetic Precision,0.9727044493393879,0.011050270242762039
Synthetic Recall,0.9608000000000001,0.015369522511197997
