Metric,Mean,Standard Deviation
Overall F1,0.9745041941796844,0.008314575991713705
Overall Precision,0.9748879078479259,0.008074670438123852
Overall Recall,0.9745104166666666,0.00830863335355067
Authentic F1,0.9741815333333335,0.008541469388417105
Authentic Precision,1.0,0.0
Authentic Recall,0.9632916666666667,0.01477600074045167
Synthetic F1,0.974827216224654,0.008094179519811352
Synthetic Precision,0.9642994038161655,0.013824100316912606
Synthetic Recall,0.9857291666666669,0.008375251664299825
