Metric,Mean,Standard Deviation
Overall F1,0.9024074569302691,0.014362384187155495
Overall Precision,0.9074028161205715,0.01354812828216266
Overall Recall,0.9027,0.01424745236840254
Authentic F1,0.9075392,0.013063994290732177
Authentic Precision,1.0,0.0
Authentic Recall,0.9544499999999999,0.016312835003719783
Synthetic F1,0.897275015061814,0.015801073377205425
Synthetic Precision,0.9494813193430816,0.017088147409122175
Synthetic Recall,0.8509499999999997,0.024232616387210384
