Metric,Mean,Standard Deviation
Overall F1,0.36031198430445616,0.02029889638405733
Overall Precision,0.4223269566905076,0.06280773214307092
Overall Recall,0.48210000000000003,0.014701233370920361
Authentic F1,0.6391511,0.012249728745296088
Authentic Precision,0.11,0.3144660377352202
Authentic Recall,0.9177000000000001,0.026661173676681624
Synthetic F1,0.08147293354619155,0.03678947922784073
Synthetic Precision,0.3542555912427045,0.1185900628495989
Synthetic Recall,0.04650000000000001,0.022196323291860023
