Metric,Mean,Standard Deviation
Overall F1,0.9940837364671075,0.004247538136610712
Overall Precision,0.9941342353713842,0.004210212037959374
Overall Recall,0.9940839694656487,0.004247277608997586
Authentic F1,0.9940830999999999,0.004252104345051286
Authentic Precision,1.0,0.0
Authentic Recall,0.9940458015267175,0.006831683450903803
Synthetic F1,0.9940854363622152,0.004243503812656237
Synthetic Precision,0.9940993911514192,0.006731069485977933
Synthetic Recall,0.9941221374045801,0.006384123487042602
