Metric,Mean,Standard Deviation
Overall F1,0.8964591029228781,0.01509560923649252
Overall Precision,0.8970894190613315,0.015066009166217668
Overall Recall,0.8964952870608397,0.015086739627813147
Authentic F1,0.8956273666666668,0.01528551046468875
Authentic Precision,1.0,0.0
Authentic Recall,0.8861538461538462,0.021946310238718857
Synthetic F1,0.8972953263181341,0.015100902268702048
Synthetic Precision,0.8883397415710386,0.019189929209676698
Synthetic Recall,0.9068900343642613,0.022167527560927793
