Metric,Mean,Standard Deviation
Overall F1,0.36377644146258176,0.01455638676098843
Overall Precision,0.3882867482448464,0.04524950400159925
Overall Recall,0.475012853470437,0.018668795673520824
Authentic F1,0.6323109,0.01897743940189311
Authentic Precision,0.3,0.4605661864718382
Authentic Recall,0.8792,0.042030051778760076
Synthetic F1,0.0796134215109687,0.02820431506073866
Synthetic Precision,0.2765937998910195,0.08460412377379253
Synthetic Recall,0.04730158730158727,0.01840279315867048
