Metric,Mean,Standard Deviation
Overall F1,0.9686719458301276,0.00799852811838681
Overall Precision,0.9688415925157432,0.007942852376234894
Overall Recall,0.9686750000000001,0.007996645445675236
Authentic F1,0.9687388999999998,0.008009707228662535
Authentic Precision,1.0,0.0
Authentic Recall,0.9708999999999999,0.012439347801929727
Synthetic F1,0.9686049900583238,0.00800084455377926
Synthetic Precision,0.9709348318623059,0.011995157068439366
Synthetic Recall,0.9664499999999999,0.011982626312012466
