Metric,Mean,Standard Deviation
Overall F1,0.8273050911407646,0.01347228367930904
Overall Precision,0.8280079330636737,0.013430070548314422
Overall Recall,0.8273876404494382,0.013457378292390942
Authentic F1,0.8300555,0.01332915573758397
Authentic Precision,1.0,0.0
Authentic Recall,0.8432303370786515,0.01945999589792263
Synthetic F1,0.82455444622215,0.01411585102638007
Synthetic Precision,0.8383897153144599,0.01675222665138766
Synthetic Recall,0.8115449438202247,0.020826642140858956
