Metric,Mean,Standard Deviation
Overall F1,0.3474900869897968,0.00933016028429869
Overall Precision,0.6083939887083227,0.14635039640262357
Overall Recall,0.5042500000000001,0.005324092372973966
Authentic F1,0.6672920999999999,0.0035950008204435613
Authentic Precision,0.75,0.4351941398892446
Authentic Recall,0.9943000000000001,0.0072481275882364015
Synthetic F1,0.027689856963432163,0.016783923561414015
Synthetic Precision,0.7146385281385282,0.29079334045166616
Synthetic Recall,0.0142,0.00875364282034986
