Metric,Mean,Standard Deviation
Overall F1,0.3470308103186329,0.010336815435025256
Overall Precision,0.5714582227754859,0.16190004741199948
Overall Recall,0.5036499999999999,0.004864580291673825
Authentic F1,0.6667884999999998,0.003131773104453409
Authentic Precision,0.68,0.4688261722621507
Authentic Recall,0.9932500000000001,0.007398300378117164
Synthetic F1,0.027274668383186866,0.019547741350367326
Synthetic Precision,0.6410658230658232,0.32211007408906944
Synthetic Recall,0.01405,0.010241897512007462
