Metric,Mean,Standard Deviation
Overall F1,0.8834429033056693,0.016513719143227468
Overall Precision,0.8838913110078148,0.01649210235311205
Overall Recall,0.8834750000000001,0.016506407540679162
Authentic F1,0.8830368,0.01657873549052057
Authentic Precision,1.0,0.0
Authentic Recall,0.87985,0.022399664048707302
Synthetic F1,0.8838497402548207,0.01667402188109451
Synthetic Precision,0.8810723213814988,0.019834038666127506
Synthetic Recall,0.8870999999999998,0.023785446700608247
