,Key,Count,Mean Score
0,i,100,0.08334135648649407
1,you,100,0.045621719584081066
2,so,100,0.038071780200220895
4,here,100,0.029982940084571176
6,RB,100,0.028137476488070492
5,TTR,100,0.03233379012853159
3,just,98,0.02764589109615593
7,PRP,98,0.025880708138954406
8,but,94,0.02546782077348976
12,do,39,0.02069335794385523
9,what,24,0.019854437822744438
11,we,17,0.01946065833542819
13,your,12,0.018495319696932636
14,there,8,0.018839296839913464
16,out,3,0.016608938446238862
10,not,2,0.01505210723513448
18,up,2,0.01862608620784903
15,now,1,0.01586140724339137
17,my,1,0.014962589119917763
19,VBN,1,0.0145542039628927
