Metric,Mean,Standard Deviation
Overall F1,0.3354539884527551,0.004375318684804216
Overall Precision,0.40240773213454806,0.1773681106275375
Overall Recall,0.49809999999999993,0.003660463071660449
Authentic F1,0.6642093999999998,0.002952405566019461
Authentic Precision,0.17,0.3775251680686369
Authentic Recall,0.9928000000000001,0.006369117408688321
Synthetic F1,0.0066994282019036296,0.00749789146586985
Synthetic Precision,0.3057738095238095,0.3534461711475996
Synthetic Recall,0.0034000000000000002,0.003819143697985006
