Metric,Mean,Standard Deviation
Overall F1,0.9525149063538924,0.009905778367032688
Overall Precision,0.9553198433098018,0.008845022845020053
Overall Recall,0.9525925925925927,0.00986049682525786
Authentic F1,0.9543668,0.009159191870311043
Authentic Precision,1.0,0.0
Authentic Recall,0.9899470899470901,0.007310574388441911
Synthetic F1,0.9506625389550392,0.01066614300467896
Synthetic Precision,0.9892106262012212,0.00773128529204182
Synthetic Recall,0.9152380952380953,0.01920227712842276
