Metric,Mean,Standard Deviation
Overall F1,0.965721291535618,0.007897690695340923
Overall Precision,0.9659169352473822,0.007790195189057528
Overall Recall,0.9657251908396947,0.007894339410574578
Authentic F1,0.9657554,0.00789739100506419
Authentic Precision,1.0,0.0
Authentic Recall,0.9642639593908626,0.01280357635475271
Synthetic F1,0.9656872687294645,0.007918948411925584
Synthetic Precision,0.9643792493654476,0.012137506498708204
Synthetic Recall,0.9671938775510207,0.012855306253041288
