Metric,Mean,Standard Deviation
Overall F1,0.329543550914328,0.012587561751216761
Overall Precision,0.32470066512162205,0.03540165731290021
Overall Recall,0.448275,0.018845112299367115
Authentic F1,0.6112446,0.01911486826340356
Authentic Precision,0.0,0.0
Authentic Recall,0.8685499999999999,0.040832838586984214
Synthetic F1,0.04784306903124698,0.020562203960481543
Synthetic Precision,0.1777439404282143,0.06392026372724056
Synthetic Recall,0.028000000000000004,0.012772286918610664
