Metric,Mean,Standard Deviation
Overall F1,0.9131447122926926,0.016562421067508704
Overall Precision,0.9155857266966129,0.015862367702394763
Overall Recall,0.9132750000000002,0.016486507339106865
Authentic F1,0.9162666999999999,0.015397611519815394
Authentic Precision,1.0,0.0
Authentic Recall,0.94805,0.01635920955834164
Synthetic F1,0.9100229081633094,0.017811125398430706
Synthetic Precision,0.9443378373604567,0.017040361566841213
Synthetic Recall,0.8785000000000001,0.02590288779189681
