Metric,Mean,Standard Deviation
Overall F1,0.9092625305968854,0.013046068278866913
Overall Precision,0.9099640211273882,0.013003659533406346
Overall Recall,0.9093000000000001,0.013036855294111239
Authentic F1,0.9104360999999999,0.01283877380902055
Authentic Precision,1.0,0.0
Authentic Recall,0.9220000000000002,0.019371435807717625
Synthetic F1,0.9080891086581093,0.013412108120530166
Synthetic Precision,0.9203609866427976,0.018133209767112676
Synthetic Recall,0.8966,0.021389603818564577
