Metric,Mean,Standard Deviation
Overall F1,0.9782695509448267,0.007012713690925304
Overall Precision,0.9784063812925816,0.006965189546856996
Overall Recall,0.9782712765957449,0.007011702682799868
Authentic F1,0.9782208,0.0070456053614356496
Authentic Precision,1.0,0.0
Authentic Recall,0.9763297872340426,0.011400158967080925
Synthetic F1,0.9783181576261439,0.00698589034400558
Synthetic Precision,0.9765602783091232,0.010998270378417786
Synthetic Recall,0.9802127659574471,0.010201655967153306
