Metric,Mean,Standard Deviation
Overall F1,0.4012100424153622,0.024479662996550258
Overall Precision,0.6721961781039907,0.05283680371167615
Overall Recall,0.5273750000000001,0.012489263065497186
Authentic F1,0.6759226000000002,0.006453228558503317
Authentic Precision,1.0,0.0
Authentic Recall,0.9856,0.009931075602685883
Synthetic F1,0.12649773537695122,0.04391746921055669
Synthetic Precision,0.8300272599383363,0.1019184749480535
Synthetic Recall,0.06915,0.02584975040420305
