Metric,Mean,Standard Deviation
Overall F1,0.9662670871314762,0.008359626517795248
Overall Precision,0.9679664526897107,0.007558948042232927
Overall Recall,0.9663010204081633,0.008333924921891344
Authentic F1,0.967293,0.007850475440791125
Authentic Precision,1.0,0.0
Authentic Recall,0.995,0.005126718304037683
Synthetic F1,0.9652409765612249,0.008873569022802378
Synthetic Precision,0.994727636785742,0.005373015576835739
Synthetic Recall,0.9376020408163265,0.016115398780506985
