Metric,Mean,Standard Deviation
Overall F1,0.38751774473558676,0.04119315866521294
Overall Precision,0.502127686178135,0.09186284220428563
Overall Recall,0.5023249999999999,0.021385869851210854
Authentic F1,0.6511485,0.01744130789131354
Authentic Precision,0.46,0.5009082659620331
Authentic Recall,0.9301499999999998,0.04842705125164335
Synthetic F1,0.12388699058317001,0.08245278648737764
Synthetic Precision,0.5028406484823319,0.1746096120157576
Synthetic Recall,0.07450000000000001,0.057623385404317794
