Metric,Mean,Standard Deviation
Overall F1,0.916779401612365,0.014201172056781099
Overall Precision,0.9250845635017343,0.011861640818361247
Overall Recall,0.9171902268760906,0.013999948079961438
Authentic F1,0.9225053333333333,0.012324913842551194
Authentic Precision,1.0,0.0
Authentic Recall,0.9841361256544504,0.009384944631298962
Synthetic F1,0.9110530971736098,0.016124119851300075
Synthetic Precision,0.9817835101461266,0.010637122257576844
Synthetic Recall,0.8502443280977313,0.026412989875406197
