Metric,Mean,Standard Deviation
Overall F1,0.959638489983883,0.006639875528830966
Overall Precision,0.959955132207958,0.006527652367908889
Overall Recall,0.9596463932107498,0.00663563722683574
Authentic F1,0.9601477000000002,0.006441138279320931
Authentic Precision,1.0,0.0
Authentic Recall,0.97045197740113,0.007769152709608238
Synthetic F1,0.9591276143386245,0.006850755586991413
Synthetic Precision,0.9697813637186172,0.007681373958096643
Synthetic Recall,0.9488101983002832,0.011657643535359367
