Metric,Mean,Standard Deviation
Overall F1,0.9687076875787572,0.005970434876900583
Overall Precision,0.9688328326255327,0.005942655368001785
Overall Recall,0.9687096774193549,0.005969394000219189
Authentic F1,0.9686352,0.006033696202046123
Authentic Precision,1.0,0.0
Authentic Recall,0.9652100840336135,0.010002436407725154
Synthetic F1,0.9687804274048204,0.0059159773382535235
Synthetic Precision,0.9654668101180597,0.009514044580444858
Synthetic Recall,0.9722191011235956,0.008854898891079124
