Metric,Mean,Standard Deviation
Overall F1,0.8549314283829302,0.015394789084979143
Overall Precision,0.8596402030639486,0.01504520742160654
Overall Recall,0.8553703703703702,0.015274071206717622
Authentic F1,0.8624548,0.01408577715787859
Authentic Precision,1.0,0.0
Authentic Recall,0.9067195767195766,0.02083620577707247
Synthetic F1,0.8474083024705168,0.017137793353589108
Synthetic Precision,0.8965352142947768,0.020595521740169254
Synthetic Recall,0.8040211640211641,0.02668300041082917
