Metric,Mean,Standard Deviation
Overall F1,0.40075441420048236,0.02081529386536767
Overall Precision,0.5164945093788984,0.047956557635403615
Overall Recall,0.5047,0.015126904254447841
Authentic F1,0.6500337,0.012499523276161903
Authentic Precision,0.61,0.4902071300001973
Authentic Recall,0.92035,0.02682956871766218
Synthetic F1,0.15147527760508137,0.036990289505069496
Synthetic Precision,0.5304455096935763,0.08783892104020792
Synthetic Recall,0.08904999999999998,0.02383333333333333
