Metric,Mean,Standard Deviation
Overall F1,0.46789660160460145,0.032923399331417906
Overall Precision,0.4710266354160343,0.032960208472044644
Overall Recall,0.472075,0.03190115534147959
Authentic F1,0.43402169999999995,0.05375403898482252
Authentic Precision,0.16,0.3684529491774707
Authentic Recall,0.4093500000000001,0.07353160180933409
Synthetic F1,0.5017710391576953,0.03923461781173924
Synthetic Precision,0.47533420366528456,0.02851182083832777
Synthetic Recall,0.5348,0.06549701203763868
