Metric,Mean,Standard Deviation
Overall F1,0.9009417366077692,0.015227322700751915
Overall Precision,0.9056616770338324,0.014324031365475155
Overall Recall,0.9012249999999998,0.015106921117705147
Authentic F1,0.9060212,0.013848529096673562
Authentic Precision,1.0,0.0
Authentic Recall,0.95155,0.016185399955428077
Synthetic F1,0.8958616119610338,0.016739002574680237
Synthetic Precision,0.9463771050365072,0.017003797754339495
Synthetic Recall,0.8508999999999999,0.02520000801667342
