Metric,Mean,Standard Deviation
Overall F1,0.9748728430784199,0.008215347274978862
Overall Precision,0.9750286333520657,0.008191959874368503
Overall Recall,0.9748750000000002,0.008214109258409645
Authentic F1,0.9749674000000002,0.008176842716359463
Authentic Precision,1.0,0.0
Authentic Recall,0.9786500000000001,0.011652697264382773
Synthetic F1,0.9747783797185404,0.008260251237133835
Synthetic Precision,0.9786182127292133,0.011489274404880734
Synthetic Recall,0.9711,0.011581507377337081
