Metric,Mean,Standard Deviation
Overall F1,0.8904371829414702,0.017156896132266435
Overall Precision,0.8931085616387691,0.016693718445551314
Overall Recall,0.8906323687031082,0.017075284258017607
Authentic F1,0.8947004000000001,0.01608864847875388
Authentic Precision,1.0,0.0
Authentic Recall,0.9259188034188035,0.022347783735848892
Synthetic F1,0.8861469748034158,0.018502800255138105
Synthetic Precision,0.9203378871281781,0.02199544787914547
Synthetic Recall,0.8551182795698924,0.028800423332185143
