Metric,Mean,Standard Deviation
Overall F1,0.4107858012255025,0.0228023714404197
Overall Precision,0.5384502636652275,0.0463529871322827
Overall Recall,0.5121499999999999,0.01487753034246307
Authentic F1,0.654908,0.010882112837035818
Authentic Precision,0.79,0.40936018074033237
Authentic Recall,0.926,0.02245084417211084
Synthetic F1,0.16666383090898054,0.04043727250172552
Synthetic Precision,0.570222840744083,0.0848134627255669
Synthetic Recall,0.09829999999999998,0.026258428180396684
