,Key,Count,Mean Score
0,PRP,100,0.07571967089928174
1,of,100,0.06768797164184413
2,sentiment,100,0.06199346950076318
3,VB,100,0.05251455983929093
4,NN,100,0.053519230139458855
6,DT,98,0.03751431232273611
5,IN,90,0.03927589312002786
7,have,66,0.03484607545597315
10,to,62,0.035307205156102424
14,NNS,40,0.03200815716805422
12,the,37,0.03251941183065819
8,RB,36,0.031845059234402284
11,mean_sen_len,29,0.03187194346755691
9,i,28,0.03327478349407185
13,which,14,0.03171199156806008
