Metric,Mean,Standard Deviation
Overall F1,0.9798680090958404,0.006697008552570795
Overall Precision,0.9801774880720094,0.006541649900123283
Overall Recall,0.9798717948717949,0.006694054475666152
Authentic F1,0.9796248,0.00684026396206367
Authentic Precision,1.0,0.0
Authentic Recall,0.9688717948717951,0.01132142126486913
Synthetic F1,0.9801111399362616,0.006557168657626853
Synthetic Precision,0.9696533921813757,0.010722032252652846
Synthetic Recall,0.990871794871795,0.006378528056910863
