Metric,Mean,Standard Deviation
Overall F1,0.34756833213556787,0.026482154451259284
Overall Precision,0.3477604396656335,0.026760469372116603
Overall Recall,0.3495499999999999,0.0270016366881414
Authentic F1,0.37193919999999997,0.03947285756316637
Authentic Precision,0.0,0.0
Authentic Recall,0.38715000000000005,0.05414279194123553
Synthetic F1,0.3231975552168384,0.03518816396527082
Synthetic Precision,0.33665853457360484,0.02942782101203377
Synthetic Recall,0.31195,0.04312241794348885
