Metric,Mean,Standard Deviation
Overall F1,0.3698909633923946,0.018948760221291574
Overall Precision,0.5752240672787626,0.07515064196604954
Overall Recall,0.508925,0.009797540146857934
Authentic F1,0.6657575999999998,0.006073229071386602
Authentic Precision,0.78,0.4163331998932266
Authentic Recall,0.97815,0.01282467240214043
Synthetic F1,0.07402466604070855,0.034843583897687824
Synthetic Precision,0.6458130003123813,0.1461904058509201
Synthetic Recall,0.039700000000000006,0.019730763550938172
