Metric,Mean,Standard Deviation
Overall F1,0.9012368264515159,0.015209824132136092
Overall Precision,0.9022880780437493,0.015036007665976367
Overall Recall,0.9013000000000001,0.015186051547922578
Authentic F1,0.8994422,0.015877452698780756
Authentic Precision,1.0,0.0
Authentic Recall,0.8836000000000002,0.025086516962969055
Synthetic F1,0.9030314296194,0.014745224806140083
Synthetic Precision,0.8881044287384696,0.02130945913231923
Synthetic Recall,0.919,0.02111775546689552
