,Key,Count,Mean Score
0,i,100,0.07647062473621158
1,here,100,0.03455887584268879
2,you,100,0.03879473979566128
3,TTR,100,0.030726874309499514
4,a,95,0.02464074841741849
7,but,86,0.023011375509264964
6,just,85,0.024583617415050534
5,sentiment,70,0.02078430509044441
9,the,64,0.019222716261493765
12,so,58,0.022231793052097312
15,RB,38,0.019172321877219047
8,DT,30,0.019041358314105226
10,my,28,0.019806801192634477
14,do,13,0.020387467439662722
11,NN,12,0.019040361897171402
19,we,7,0.019364040128388913
16,out,4,0.019460116099961577
13,VBP,2,0.01598390759924564
17,PRP,2,0.017004214112481875
18,there,2,0.020044810227775028
21,your,2,0.021851487744226968
20,JJS,1,0.01841856813174062
22,VB,1,0.01912165754221778
