Metric,Mean,Standard Deviation
Overall F1,0.4983777879173401,0.02310832958543346
Overall Precision,0.5004392236772912,0.023346438946604403
Overall Recall,0.500425,0.022924048397905093
Authentic F1,0.5230922,0.02887430120121673
Authentic Precision,0.49,0.5024183937956914
Authentic Recall,0.54955,0.04711416930706673
Synthetic F1,0.47366345549215055,0.03299901108080497
Synthetic Precision,0.5005114615618009,0.0258539161602356
Synthetic Recall,0.4513000000000001,0.04651827054985487
