Metric,Mean,Standard Deviation
Overall F1,0.9036281525261556,0.012139572627419224
Overall Precision,0.9096407289841524,0.010773875330246754
Overall Recall,0.9039831697054699,0.011994643604858439
Authentic F1,0.9094021999999999,0.010648263156140734
Authentic Precision,1.0,0.0
Authentic Recall,0.961624649859944,0.010863294054804885
Synthetic F1,0.8978376985901331,0.01371847004734041
Synthetic Precision,0.9566400582122279,0.011735143064698996
Synthetic Recall,0.8461797752808988,0.02239773252754625
