Metric,Mean,Standard Deviation
Overall F1,0.8730555804933675,0.01727655955791966
Overall Precision,0.8797267348450775,0.01625648179914106
Overall Recall,0.8735871404399325,0.017096479189442428
Authentic F1,0.8810141333333333,0.01545511577420897
Authentic Precision,1.0,0.0
Authentic Recall,0.9353130287648054,0.01764112004809278
Synthetic F1,0.8650970099468753,0.0193050012551987
Synthetic Precision,0.9264628760733524,0.018877971458175373
Synthetic Recall,0.8118612521150591,0.02802514363909848
