Metric,Mean,Standard Deviation
Overall F1,0.912803631891698,0.013997230315647771
Overall Precision,0.9145104861927887,0.013542889996424725
Overall Recall,0.9128871391076117,0.013956448535043773
Authentic F1,0.9105888333333335,0.014870589196432414
Authentic Precision,1.0,0.0
Authentic Recall,0.8859511343804538,0.024026749003821936
Synthetic F1,0.9150296376034305,0.013242790237081862
Synthetic Precision,0.8917573366678471,0.020295745165933216
Synthetic Recall,0.9399649122807017,0.016964402248540088
