Metric,Mean,Standard Deviation
Overall F1,0.8685603423588977,0.019643339077438975
Overall Precision,0.8728045703135925,0.019234600145524004
Overall Recall,0.8689144736842103,0.01952177144508753
Authentic F1,0.8623068,0.02138847938172853
Authentic Precision,1.0,0.0
Authentic Recall,0.8220394736842106,0.03129936432352447
Synthetic F1,0.874814227925147,0.018279576659720246
Synthetic Precision,0.837904156403651,0.023928268580588365
Synthetic Recall,0.9157894736842106,0.025091120769620855
