Metric,Mean,Standard Deviation
Overall F1,0.9506268399555965,0.008015812735916826
Overall Precision,0.9513425276610128,0.007693853191336488
Overall Recall,0.9506488011283498,0.00800251538764986
Authentic F1,0.9516099,0.007615598757441426
Authentic Precision,1.0,0.0
Authentic Recall,0.968394366197183,0.007655265574576415
Synthetic F1,0.9496414704341278,0.0084326951103928
Synthetic Precision,0.9672047950204798,0.0076493234209595385
Synthetic Recall,0.9328531073446328,0.014892941093448547
