Metric,Mean,Standard Deviation
Overall F1,0.9147527171698181,0.015484320438010218
Overall Precision,0.9163507158994169,0.015067936417513146
Overall Recall,0.9148293963254595,0.015446331007727396
Authentic F1,0.9127189000000001,0.01624156010164521
Authentic Precision,1.0,0.0
Authentic Recall,0.889371727748691,0.02497810618345637
Synthetic F1,0.9167972414608963,0.014854326972507896
Synthetic Precision,0.8947241004921519,0.021269539222191245
Synthetic Recall,0.940421052631579,0.018952683996531328
