Metric,Mean,Standard Deviation
Overall F1,0.9256684153279285,0.00920679072448509
Overall Precision,0.9264648093985137,0.009136489556104117
Overall Recall,0.9257022471910114,0.009199061864996087
Authentic F1,0.9270596999999999,0.008948608317396725
Authentic Precision,1.0,0.0
Authentic Recall,0.9441853932584272,0.012566334632278213
Synthetic F1,0.924277507501358,0.009526876210179691
Synthetic Precision,0.9422099277357064,0.012237468413031059
Synthetic Recall,0.9072191011235957,0.015015575090685197
