,Key,Count,Mean Score
0,mean_sen_len,100,0.06917323375392975
1,sentiment,100,0.06288685802929693
2,TTR,100,0.04751262886588507
3,any,100,0.05316272299408484
4,so,100,0.03306566486690106
5,or,100,0.030933960862320354
6,don,100,0.026642362644638894
11,because,84,0.02086287695181697
10,VBP,72,0.019332762822073413
8,then,45,0.019339087749763617
7,has,42,0.019622157938844094
13,VBG,24,0.018486262286666805
12,just,15,0.01914259041470566
9,it,9,0.017760299664694026
14,is,4,0.018308266417939263
15,at,3,0.018911235788571363
16,and,2,0.017904463289586524
