Metric,Mean,Standard Deviation
Overall F1,0.9200475776059183,0.01012579046014221
Overall Precision,0.9220556106836252,0.009873079279337846
Overall Recall,0.9201404494382023,0.010098439011885242
Authentic F1,0.9226618999999999,0.009580567526577597
Authentic Precision,1.0,0.0
Authentic Recall,0.9524719101123597,0.011678931015657265
Synthetic F1,0.9174330647095584,0.010724727172726631
Synthetic Precision,0.9493078459879268,0.01190223355113282
Synthetic Recall,0.8878089887640449,0.015929215255972098
