,Key,Count,Mean Score
0,sentiment,100,0.08574976140319392
1,TTR,100,0.07976309969533688
2,NNS,100,0.04055286763876213
3,VBG,100,0.03537469882399222
4,has,100,0.03577150173257308
5,and,100,0.03425553414623843
7,the,100,0.03262189998860866
6,DT,97,0.029253073540689012
9,such,67,0.02563159296613552
10,NN,60,0.025058027763467994
8,lex_density,36,0.024150773127325102
12,PRP$,36,0.02410181953831036
14,a,2,0.022222831180263063
11,VBZ,1,0.02392733310914079
13,for,1,0.021909579302317527
