Metric,Mean,Standard Deviation
Overall F1,0.7844913360074927,0.014012022675742062
Overall Precision,0.7849654123157569,0.01406178382960627
Overall Recall,0.7845698166431595,0.014012351006526794
Authentic F1,0.7870244000000001,0.014543460352691277
Authentic Precision,1.0,0.0
Authentic Recall,0.7952957746478875,0.021797775555364902
Synthetic F1,0.7819509242890085,0.014278151352125512
Synthetic Precision,0.7906674678361969,0.017674861599739407
Synthetic Recall,0.7738135593220339,0.020140556391068036
