Metric,Mean,Standard Deviation
Overall F1,0.9936238854986895,0.003609103034525649
Overall Precision,0.9937134081027653,0.0035198525861023485
Overall Recall,0.9936243386243386,0.003608474385263957
Authentic F1,0.9936718999999999,0.0035605313117879215
Authentic Precision,1.0,0.0
Authentic Recall,0.9989947089947091,0.0022175345219465747
Synthetic F1,0.9935773392255044,0.0036573232233209326
Synthetic Precision,0.9989924245820092,0.002220706379457167
Synthetic Recall,0.9882539682539683,0.007390591477868445
