Metric,Mean,Standard Deviation
Overall F1,0.7931621198206606,0.019449624106403215
Overall Precision,0.7958055856721478,0.01934799669164098
Overall Recall,0.793537936913896,0.019368195122724783
Authentic F1,0.7861330333333333,0.021389197765907902
Authentic Precision,1.0,0.0
Authentic Recall,0.7578571428571428,0.032601669765926045
Synthetic F1,0.8002272882929334,0.018729539414495223
Synthetic Precision,0.7737881405199406,0.023346798382052995
Synthetic Recall,0.8294017094017093,0.02877000847285511
