Metric,Mean,Standard Deviation
Overall F1,0.9514890882308782,0.009619577222183855
Overall Precision,0.951878747256677,0.009505166527061784
Overall Recall,0.9514999999999998,0.009613752775281998
Authentic F1,0.9519540999999999,0.009393450447148278
Authentic Precision,1.0,0.0
Authentic Recall,0.9604999999999998,0.012919721046492914
Synthetic F1,0.9510243616049885,0.009878575614912264
Synthetic Precision,0.9599649537427821,0.012508247933638696
Synthetic Recall,0.9425,0.016734709589667343
