Metric,Mean,Standard Deviation
Overall F1,0.9621179675135924,0.008785654359607228
Overall Precision,0.9641821737798578,0.007905925760210408
Overall Recall,0.9621671018276762,0.00875445792688956
Authentic F1,0.9634830999999999,0.008182814424700764
Authentic Precision,1.0,0.0
Authentic Recall,0.9939062499999999,0.005591689231439711
Synthetic F1,0.9607459721465805,0.00939665362739461
Synthetic Precision,0.9935062627508157,0.0059023405589940315
Synthetic Recall,0.9302617801047122,0.017465963006208455
