Metric,Mean,Standard Deviation
Overall F1,0.8061757437331987,0.02293792743163954
Overall Precision,0.8081292186550775,0.022998776425623185
Overall Recall,0.8064429530201341,0.022878530233635414
Authentic F1,0.8007529999999999,0.02430503495661803
Authentic Precision,1.0,0.0
Authentic Recall,0.7785234899328857,0.03349597859990434
Synthetic F1,0.8115991054315053,0.02257491692706251
Synthetic Precision,0.7908382009818855,0.025147889105530893
Synthetic Recall,0.8343624161073825,0.03323525460530221
