Metric,Mean,Standard Deviation
Overall F1,0.34440255013792337,0.010302731361472828
Overall Precision,0.4787307795526666,0.12920608120648772
Overall Recall,0.49925,0.006642950239072076
Authentic F1,0.6629934,0.004672424201545902
Authentic Precision,0.31,0.46482319871173167
Authentic Recall,0.9851499999999999,0.009113620620153164
Synthetic F1,0.02581193635468402,0.017923752758421393
Synthetic Precision,0.4578412420912421,0.2555562917357343
Synthetic Recall,0.013349999999999999,0.009402745139671508
