Metric,Mean,Standard Deviation
Overall F1,0.9686517030568628,0.010918097333546045
Overall Precision,0.969799190065181,0.010159005103517853
Overall Recall,0.9686779661016949,0.010892732088889204
Authentic F1,0.9695254,0.010335689215313876
Authentic Precision,1.0,0.0
Authentic Recall,0.99027027027027,0.008553168698109308
Synthetic F1,0.9677724944352459,0.011513738293372995
Synthetic Precision,0.9898619435640021,0.008817843915842725
Synthetic Recall,0.9469387755102042,0.021337549734288464
