Metric,Mean,Standard Deviation
Overall F1,0.5946126512712004,0.034894230833902515
Overall Precision,0.6861202539383356,0.029191336017396492
Overall Recall,0.6272625,0.025682392219193724
Authentic F1,0.7085918000000001,0.016369724007459688
Authentic Precision,1.0,0.0
Authentic Recall,0.9059,0.030419016797302523
Synthetic F1,0.48063352155861905,0.05786560473771044
Synthetic Precision,0.789830719340016,0.047493381346602505
Synthetic Recall,0.34862499999999996,0.05774214362797564
