Metric,Mean,Standard Deviation
Overall F1,0.9676955536426017,0.008854229023319459
Overall Precision,0.969357781475544,0.007987161341982638
Overall Recall,0.9677280701754385,0.008827170135836174
Authentic F1,0.9686740000000001,0.008316765796331935
Authentic Precision,1.0,0.0
Authentic Recall,0.9958947368421055,0.004865071850912991
Synthetic F1,0.9667171208807936,0.009395955683006657
Synthetic Precision,0.9956794710298,0.005075758383619086
Synthetic Recall,0.9395614035087718,0.017252837649449196
