Metric,Mean,Standard Deviation
Overall F1,0.8842090536939163,0.016294098332028294
Overall Precision,0.8895202687139683,0.015617978049887616
Overall Recall,0.8845876288659794,0.016166400289071108
Authentic F1,0.8905335000000002,0.014912906915714575
Authentic Precision,1.0,0.0
Authentic Recall,0.9384536082474226,0.01931220336383912
Synthetic F1,0.8778847692726185,0.017904662306085724
Synthetic Precision,0.9314103677485823,0.020018804080867703
Synthetic Recall,0.8307216494845362,0.0266257008274601
