Metric,Mean,Standard Deviation
Overall F1,0.8113304270932281,0.020408901731670672
Overall Precision,0.8226703584119319,0.019469566609125712
Overall Recall,0.8128061224489795,0.019977745728732
Authentic F1,0.8274911,0.017596496660908772
Authentic Precision,1.0,0.0
Authentic Recall,0.89765306122449,0.0245149067304173
Synthetic F1,0.7951702142261773,0.024007441155211424
Synthetic Precision,0.8773506471708968,0.02568491958704902
Synthetic Recall,0.7279591836734692,0.0339042769853082
