Metric,Mean,Standard Deviation
Overall F1,0.9105750854215121,0.015481013624996905
Overall Precision,0.9117406274500823,0.01518391668238813
Overall Recall,0.9106440382941688,0.015445972534614978
Authentic F1,0.9126750666666668,0.01480736433188159
Authentic Precision,1.0,0.0
Authentic Recall,0.9310763888888888,0.01965852752134728
Synthetic F1,0.9084647452228125,0.01630351757673854
Synthetic Precision,0.9281528437125625,0.01908448348847029
Synthetic Recall,0.8901047120418847,0.02506150059531218
