Metric,Mean,Standard Deviation
Overall F1,0.38911975620661776,0.02097062893940598
Overall Precision,0.48982478617150305,0.05220025858099656
Overall Recall,0.49657500000000004,0.015483189809166157
Authentic F1,0.6449752,0.013242296520291073
Authentic Precision,0.35,0.47937248544110217
Authentic Recall,0.9150500000000001,0.0293059014293343
Synthetic F1,0.13326410952001397,0.03801959797660117
Synthetic Precision,0.4815547502056965,0.0961944607182844
Synthetic Recall,0.07810000000000002,0.024451353477234893
