Metric,Mean,Standard Deviation
Overall F1,0.3746648163692965,0.020995695671925944
Overall Precision,0.46088049367136685,0.05973188010148162
Overall Recall,0.48997499999999994,0.014514425948209618
Authentic F1,0.6428748999999999,0.012057997178200656
Authentic Precision,0.27,0.4461960433384737
Authentic Recall,0.9185000000000001,0.02706613673163861
Synthetic F1,0.10645512816847175,0.0386990589853066
Synthetic Precision,0.42718439631960214,0.11216595824524465
Synthetic Recall,0.06145,0.024061106971352518
