Metric,Mean,Standard Deviation
Overall F1,0.8706065377941914,0.018103470423543717
Overall Precision,0.8727692350018856,0.017771160403971156
Overall Recall,0.8707853403141361,0.018039147640630932
Authentic F1,0.8663168,0.019321156556134686
Authentic Precision,1.0,0.0
Authentic Recall,0.8381675392670155,0.027180498121323053
Synthetic F1,0.8748964923138903,0.017148647482841707
Synthetic Precision,0.8485311986002418,0.02204006332320261
Synthetic Recall,0.9034031413612565,0.021649379164897797
