Metric,Mean,Standard Deviation
Overall F1,0.9635464434898999,0.007852119601110303
Overall Precision,0.9637252035393638,0.007831158021807446
Overall Recall,0.9635499999999999,0.007851043808875927
Authentic F1,0.9636795999999999,0.007855318718016237
Authentic Precision,1.0,0.0
Authentic Recall,0.9672499999999999,0.01213091467734775
Synthetic F1,0.9634134111186728,0.00786412698948905
Synthetic Precision,0.9671624507441385,0.011706895450279206
Synthetic Recall,0.95985,0.011816248870675393
