Metric,Mean,Standard Deviation
Overall F1,0.3365402825173146,0.006182794751476958
Overall Precision,0.38741285626594796,0.11606430015076517
Overall Recall,0.49355,0.005915866356458263
Authentic F1,0.6592569999999999,0.00522208548069416
Authentic Precision,0.07,0.2564323999762428
Authentic Recall,0.9799500000000001,0.011986840427499803
Synthetic F1,0.01382368429353683,0.011287699317625844
Synthetic Precision,0.2781092796092796,0.23006010167950255
Synthetic Recall,0.007150000000000001,0.005914158666054938
