Metric,Mean,Standard Deviation
Overall F1,0.9879075418093722,0.005561989540311441
Overall Precision,0.9881335119973691,0.005363195857015338
Overall Recall,0.9879091688089117,0.005559824064208958
Authentic F1,0.9878048333333334,0.005669831296313056
Authentic Precision,1.0,0.0
Authentic Recall,0.9788547008547008,0.0106701419646257
Synthetic F1,0.9880121566468493,0.0054548036495850345
Synthetic Precision,0.9792358769983269,0.010237489022581418
Synthetic Recall,0.9970103092783507,0.003615259587392622
