Metric,Mean,Standard Deviation
Overall F1,0.3412124771519045,0.010135729701291065
Overall Precision,0.49705120516029067,0.18930915713700366
Overall Recall,0.500825,0.005806812004582685
Authentic F1,0.6654608999999999,0.003762622418559491
Authentic Precision,0.47,0.5016135580465918
Authentic Recall,0.99295,0.007038673830554259
Synthetic F1,0.016965565127761616,0.017961867669263602
Synthetic Precision,0.4936818181818182,0.3764974833542825
Synthetic Recall,0.008700000000000001,0.009337120443788769
