Metric,Mean,Standard Deviation
Overall F1,0.3988675161835145,0.018178507743496747
Overall Precision,0.510504166323802,0.04556505912691107
Overall Recall,0.502675,0.014071673494986123
Authentic F1,0.6484487999999999,0.011677524495518489
Authentic Precision,0.58,0.49604496374885826
Authentic Recall,0.9176499999999999,0.024622964972569883
Synthetic F1,0.1492862508649355,0.03147611788248127
Synthetic Precision,0.5195754781995844,0.0835511003034259
Synthetic Recall,0.08770000000000003,0.020256187482177668
