Metric,Mean,Standard Deviation
Overall F1,0.4869368876670355,0.029600482875211918
Overall Precision,0.4937553104649298,0.028753638361930196
Overall Recall,0.49440000000000006,0.027231517687333468
Authentic F1,0.43350320000000003,0.05396717438284764
Authentic Precision,0.4,0.49236596391733095
Authentic Recall,0.39175,0.07242681781905055
Synthetic F1,0.5403701918663295,0.03147216105500635
Synthetic Precision,0.49585781473841656,0.023211351949167302
Synthetic Recall,0.59705,0.0610393770901666
