Metric,Mean,Standard Deviation
Overall F1,0.5601847731173425,0.03211661459882946
Overall Precision,0.5801031828797619,0.0329043242810874
Overall Recall,0.571825,0.029809697340891533
Authentic F1,0.6297844,0.02569209363586275
Authentic Precision,1.0,0.0
Authentic Recall,0.7289999999999999,0.04263422061767715
Synthetic F1,0.49058513380767865,0.046180053358952554
Synthetic Precision,0.6050399086225792,0.04360394349691349
Synthetic Recall,0.41464999999999996,0.05381062472535821
