Metric,Mean,Standard Deviation
Overall F1,0.7348423464678326,0.022620399973747454
Overall Precision,0.7357788888533189,0.02260681070136978
Overall Recall,0.7350626566416041,0.0225800209464183
Authentic F1,0.7396839999999999,0.022595721174253663
Authentic Precision,1.0,0.0
Authentic Recall,0.75135,0.03138541563180695
Synthetic F1,0.729976599371725,0.02431975636600435
Synthetic Precision,0.7424921134064798,0.025678201503249346
Synthetic Recall,0.7186934673366835,0.033408684310098864
