Metric,Mean,Standard Deviation
Overall F1,0.7249224606196871,0.025150258638140435
Overall Precision,0.7257661616726234,0.025014479785941204
Overall Recall,0.7251262626262627,0.02508200513229019
Authentic F1,0.7268085,0.025890724807556196
Authentic Precision,1.0,0.0
Authentic Recall,0.731919191919192,0.035796631497213266
Synthetic F1,0.7230368557071247,0.02653900609059451
Synthetic Precision,0.7288062061279307,0.027632007779814116
Synthetic Recall,0.7183333333333336,0.03670058241493919
