Metric,Mean,Standard Deviation
Overall F1,0.85445427370538,0.01808627916566114
Overall Precision,0.8585506999590818,0.017644575121177303
Overall Recall,0.8548412698412697,0.017968873353499587
Authentic F1,0.8615135,0.01666020792278125
Authentic Precision,1.0,0.0
Authentic Recall,0.9026984126984127,0.02128253653199267
Synthetic F1,0.8473950376265073,0.01985214094442172
Synthetic Precision,0.8927780042958392,0.021485397567300057
Synthetic Recall,0.8069841269841271,0.028512579016523765
