Metric,Mean,Standard Deviation
Overall F1,0.9081559418644913,0.014054573024351957
Overall Precision,0.9145972320833144,0.012638380705214659
Overall Recall,0.9085241730279898,0.013901373735831373
Authentic F1,0.9139284333333334,0.012444318116722572
Authentic Precision,1.0,0.0
Authentic Recall,0.9677834179357021,0.012619521740263845
Synthetic F1,0.9023535973792892,0.01575655356742045
Synthetic Precision,0.9634341008058099,0.013873856440696993
Synthetic Recall,0.8489625850340136,0.025004886468012445
