Metric,Mean,Standard Deviation
Overall F1,0.37247359890592435,0.018362972348745052
Overall Precision,0.4524419822847247,0.048662433537420995
Overall Recall,0.4875,0.012133516482134192
Authentic F1,0.6407733,0.011254156498598615
Authentic Precision,0.12,0.32659863237109044
Authentic Recall,0.9146500000000002,0.027854736825832036
Synthetic F1,0.10417324459397424,0.03657777416442269
Synthetic Precision,0.4116638358283567,0.09139924559554044
Synthetic Recall,0.06035000000000001,0.023162306108037347
