Metric,Mean,Standard Deviation
Overall F1,0.33723024316304473,0.004644770469896383
Overall Precision,0.49914731121538586,0.23534097907480728
Overall Recall,0.5012499999999999,0.0024489742235219007
Authentic F1,0.6669356999999998,0.001479412424313165
Authentic Precision,0.46,0.5009082659620331
Authentic Recall,0.9987,0.002622744341103016
Synthetic F1,0.0075264280730994275,0.008306709564987514
Synthetic Precision,0.49766666666666665,0.4697171821435722
Synthetic Recall,0.0038,0.004211576158325257
