,Key,Count,Mean Score
0,PRP,100,0.07550529543608367
1,of,100,0.06779922234726954
2,sentiment,100,0.060695482897533994
3,NN,100,0.05337037559606603
4,VB,100,0.05240895939834353
7,IN,96,0.038565518397572114
6,DT,95,0.038518349126983764
5,have,61,0.03553364795360511
9,to,56,0.03557008086318108
8,NNS,48,0.033668917489058404
11,the,36,0.03257738206778303
12,RB,35,0.0326600727889074
13,mean_sen_len,27,0.03173477612496346
14,i,24,0.03368269576311512
10,which,22,0.03171809163787073
