Metric,Mean,Standard Deviation
Overall F1,0.48870564011421685,0.025546735335839715
Overall Precision,0.4915456680169925,0.02579945163111844
Overall Recall,0.49175,0.025214984722292704
Authentic F1,0.5195751,0.03299679223757511
Authentic Precision,0.4,0.49236596391733095
Authentic Recall,0.5519000000000001,0.054405789204733525
Synthetic F1,0.4578363950727411,0.03824198050136192
Synthetic Precision,0.49052245900806524,0.02873224830183943
Synthetic Recall,0.43160000000000004,0.05438304102857022
