,Key,Count,Mean Score
0,sentiment,100,0.06143664968095197
1,of,100,0.0678119968474811
2,PRP,100,0.0748733654757995
3,NN,100,0.05435010881204886
5,VB,100,0.05156307614438659
4,DT,97,0.038550342922081135
7,IN,94,0.03890884344777269
6,have,62,0.03546499501974874
9,to,50,0.03396355688440087
10,NNS,46,0.03335406051597659
11,the,37,0.03367677344041443
14,RB,35,0.032684419112603856
8,i,34,0.0338144581683271
12,mean_sen_len,26,0.032112383061017186
13,which,19,0.03331143104722058
