Metric,Mean,Standard Deviation
Overall F1,0.9817991408169553,0.00589396041498786
Overall Precision,0.9818833583550144,0.00587291314181061
Overall Recall,0.9818000000000001,0.005893413546691198
Authentic F1,0.9818415000000001,0.005874652343034026
Authentic Precision,1.0,0.0
Authentic Recall,0.9840499999999999,0.008308903585183722
Synthetic F1,0.9817560095366273,0.005915928508696776
Synthetic Precision,0.9840483079343375,0.00819167383245698
Synthetic Recall,0.97955,0.008821890816358912
