Metric,Mean,Standard Deviation
Overall F1,0.3994430350946352,0.02619064831084399
Overall Precision,0.42235436679899396,0.034590716431034486
Overall Recall,0.4470000000000001,0.023807413326376498
Authentic F1,0.5673254,0.023561258880637172
Authentic Precision,0.02,0.14070529413628965
Authentic Recall,0.7262000000000001,0.043947397390217975
Synthetic F1,0.23156059802201587,0.04276191650918791
Synthetic Precision,0.3789082043576579,0.05479642663618221
Synthetic Recall,0.1678,0.03611373727824386
