Metric,Mean,Standard Deviation
Overall F1,0.927722023471432,0.013101205536032789
Overall Precision,0.9318798078265391,0.011716356597876837
Overall Recall,0.9279015544041449,0.013003279566744989
Authentic F1,0.9242812000000002,0.014415738683042842
Authentic Precision,1.0,0.0
Authentic Recall,0.8819689119170983,0.024980349013352863
Synthetic F1,0.9311628535408554,0.011846442959486395
Synthetic Precision,0.8923761172208877,0.02019334883936124
Synthetic Recall,0.9738341968911916,0.01195163622205377
