Metric,Mean,Standard Deviation
Overall F1,0.43284433389109345,0.026427941523548066
Overall Precision,0.5328969052940858,0.0428056050570177
Overall Recall,0.514575,0.01828870256235093
Authentic F1,0.6478176999999999,0.01281385446982044
Authentic Precision,0.74,0.44084400227680803
Authentic Recall,0.893,0.02350585570714781
Synthetic F1,0.2178709884704551,0.044939856088457006
Synthetic Precision,0.5574210846793279,0.07536815208520654
Synthetic Recall,0.13615,0.03162960350971567
