Metric,Mean,Standard Deviation
Overall F1,0.4468955720326337,0.02978471996084336
Overall Precision,0.45167225427391977,0.030705536187612403
Overall Recall,0.4543750000000001,0.028617944412977013
Authentic F1,0.5041636999999999,0.03426891885226364
Authentic Precision,0.05,0.2190429135575903
Authentic Recall,0.5572,0.05915789520982441
Synthetic F1,0.38962800112058105,0.049386533147140164
Synthetic Precision,0.44133559273754386,0.03869648822698395
Synthetic Recall,0.35155000000000003,0.061953448636696544
