Metric,Mean,Standard Deviation
Overall F1,0.3404283303866109,0.007373458625415
Overall Precision,0.41769601986289634,0.1150203265984841
Overall Recall,0.49537500000000007,0.005755706434978817
Authentic F1,0.6600669000000002,0.005083322443108051
Authentic Precision,0.13,0.33799766898963113
Authentic Recall,0.9799499999999999,0.01213341242065468
Synthetic F1,0.02078953973128637,0.014232390041727402
Synthetic Precision,0.3377526778776779,0.2281038371968214
Synthetic Recall,0.010799999999999997,0.007477913607363482
