,Key,Count,Mean Score
0,i,300,0.06451303318880704
1,a,300,0.031429137081340305
2,TTR,300,0.03899645163826791
8,you,300,0.035418110519415555
4,sentiment,253,0.026642081827255165
3,the,249,0.024533131883863208
5,but,227,0.023854291461832152
15,here,190,0.028072507711226904
6,DT,151,0.021483167369413147
12,RB,129,0.022033892989381725
19,so,128,0.022731983626303576
14,just,110,0.023803328746443583
13,and,78,0.022160856064451766
7,VBP,53,0.02160694285609102
10,NN,33,0.020282208343267587
21,PRP,31,0.020655784108466465
36,my,30,0.019349888048290582
18,such,23,0.020590263493243208
20,NNS,18,0.020948117433976135
11,for,17,0.018352866001118042
32,do,14,0.020274277774533233
16,is,14,0.01994382817351062
31,we,8,0.020371945498373848
25,VB,8,0.01937370805479105
24,VBN,5,0.019584684350718872
39,your,4,0.01813086678575518
33,out,4,0.019543875145943742
22,at,4,0.01900024428118369
29,there,3,0.021249022194532664
26,JJS,3,0.01956079635384679
17,VBZ,2,0.022218675507307595
23,of,2,0.019469165652217093
35,what,2,0.019322678934550627
9,been,1,0.019756931166963716
27,VBD,1,0.020099815038870497
28,in,1,0.016074759026670923
30,its,1,0.019225334381290062
34,about,1,0.01882141140172447
37,up,1,0.01742855052317959
38,very,1,0.01659564420915421
