Metric,Mean,Standard Deviation
Overall F1,0.8406394475313753,0.01701215782688258
Overall Precision,0.8426731772498879,0.0164430240886314
Overall Recall,0.8408753315649868,0.01690470315557853
Authentic F1,0.8459552999999999,0.01585511799312
Authentic Precision,1.0,0.0
Authentic Recall,0.8713756613756612,0.023028539562249088
Synthetic F1,0.8352954009569133,0.01883332895530803
Synthetic Precision,0.862867408542176,0.020526537436679777
Synthetic Recall,0.8102127659574468,0.030381532677534212
