Metric,Mean,Standard Deviation
Overall F1,0.34294001310192906,0.008076665830567344
Overall Precision,0.5670868290410565,0.16749790439875706
Overall Recall,0.5021249999999999,0.0040416861917678916
Authentic F1,0.6663313,0.002613436784826223
Authentic Precision,0.63,0.4852365870939097
Authentic Recall,0.9942500000000001,0.005746101005697413
Synthetic F1,0.01954991046177826,0.015022059007902414
Synthetic Precision,0.6330992063492064,0.33355902698099293
Synthetic Recall,0.01,0.00778498944161523
