,Key,Count,Mean Score
0,TTR,100,0.060474079077731765
1,mean_sen_len,100,0.03274070456758129
2,so,100,0.030135565621704215
3,don,100,0.02680374191556102
4,sentiment,100,0.024815417100936786
8,VBP,94,0.01948183496279188
9,just,59,0.018479535195279586
7,VBD,59,0.018056631820144768
13,i,56,0.01683156174465286
5,VBG,55,0.0170569994759278
6,NNS,34,0.016972696746601724
18,any,34,0.017624144614351606
11,the,32,0.016795950282931935
10,NN,21,0.016451991403640325
16,have,18,0.016402692543670754
15,is,16,0.016837714235705757
17,lex_density,7,0.015550654899048036
14,me,7,0.01569105262107079
12,my,3,0.01724598970641929
19,or,1,0.017328437735518783
20,because,1,0.014903515682551004
21,VBZ,1,0.015348732821893134
22,VB,1,0.01611793238532087
23,who,1,0.016140983085062857
