Metric,Mean,Standard Deviation
Overall F1,0.351281767037978,0.01127725839314277
Overall Precision,0.5535153096196579,0.11315041594976132
Overall Recall,0.50315,0.006451254673990697
Authentic F1,0.6651244,0.004347876834697244
Authentic Precision,0.64,0.4824181513244218
Authentic Recall,0.98685,0.008837906191999664
Synthetic F1,0.037439905679785196,0.02030948961236964
Synthetic Precision,0.6054245476745477,0.223475862014898
Synthetic Recall,0.01945,0.010775369407059131
