Metric,Mean,Standard Deviation
Overall F1,0.9547506408400398,0.01026537088582743
Overall Precision,0.9574125535067947,0.009172784815135497
Overall Recall,0.9548217468805704,0.01021936732934395
Authentic F1,0.956465,0.009501362778508646
Authentic Precision,1.0,0.0
Authentic Recall,0.9907664884135473,0.008062045113852114
Synthetic F1,0.953036234765882,0.0110444755826089
Synthetic Precision,0.9901550527174288,0.008461932149570927
Synthetic Recall,0.9188770053475934,0.02038375557349874
