Metric,Mean,Standard Deviation
Overall F1,0.4309380811180549,0.022365325057077116
Overall Precision,0.7262546005369461,0.02905192401238506
Overall Recall,0.545175,0.012150440612204444
Authentic F1,0.6858100000000001,0.0061495935646269425
Authentic Precision,1.0,0.0
Authentic Recall,0.9925999999999999,0.005794459213400128
Synthetic F1,0.17606619331167714,0.03903515321547217
Synthetic Precision,0.9285904650735423,0.05448451425601389
Synthetic Recall,0.09774999999999999,0.023798130390873355
