Metric,Mean,Standard Deviation
Overall F1,0.8963498244968483,0.013625006173825104
Overall Precision,0.8967573744385388,0.013618077209934663
Overall Recall,0.8963749999999999,0.013620835013487482
Authentic F1,0.8967478000000001,0.013669471152014534
Authentic Precision,1.0,0.0
Authentic Recall,0.9002000000000001,0.02029977359678695
Synthetic F1,0.8959521673745197,0.013765369072430924
Synthetic Precision,0.8997941029246078,0.018241944111510085
Synthetic Recall,0.8925499999999998,0.0204061661308933
