Metric,Mean,Standard Deviation
Overall F1,0.9564130995057651,0.009421293621660649
Overall Precision,0.9594985363101237,0.008143318120361119
Overall Recall,0.9564916666666666,0.009372222739875629
Authentic F1,0.9546131000000001,0.010195769175837425
Authentic Precision,1.0,0.0
Authentic Recall,0.9171499999999999,0.018885170519533024
Synthetic F1,0.9582122215627048,0.008652651276069878
Synthetic Precision,0.9234832103910793,0.01611155694008508
Synthetic Recall,0.9958333333333333,0.004495135485425331
