Metric,Mean,Standard Deviation
Overall F1,0.33352640669420563,0.014953509918980238
Overall Precision,0.3367986615339597,0.0465174298322582
Overall Recall,0.45087499999999997,0.02184765607010454
Authentic F1,0.6125886,0.022368358018514552
Authentic Precision,0.01,0.09999999999999999
Authentic Recall,0.8697500000000001,0.047313562879191765
Synthetic F1,0.05446395029737273,0.02414195695363127
Synthetic Precision,0.20065499507211051,0.08515558420300122
Synthetic Recall,0.03200000000000001,0.014957853246284167
