Metric,Mean,Standard Deviation
Overall F1,0.8730802617486362,0.017761042573701376
Overall Precision,0.8738250950415954,0.017657081305576184
Overall Recall,0.8731457800511508,0.017737823977805895
Authentic F1,0.8753298,0.01736788543271864
Authentic Precision,1.0,0.0
Authentic Recall,0.888469387755102,0.022597240965769178
Synthetic F1,0.8708194556298505,0.018391019997923617
Synthetic Precision,0.8847538436577268,0.02124369844563572
Synthetic Recall,0.8577435897435898,0.024487060834940916
