Metric,Mean,Standard Deviation
Overall F1,0.9802344948381861,0.007215201974314477
Overall Precision,0.9805195932699792,0.007043200175587334
Overall Recall,0.9802380952380951,0.0072116452035570775
Authentic F1,0.9804370666666667,0.007070369283252518
Authentic Precision,1.0,0.0
Authentic Recall,0.9892571428571428,0.008305674756342602
Synthetic F1,0.9800314584393035,0.007364898363487707
Synthetic Precision,0.9891427713624008,0.008292880712163886
Synthetic Recall,0.9712190476190475,0.012970921592272512
