Metric,Mean,Standard Deviation
Overall F1,0.37445293531260937,0.01583303513455869
Overall Precision,0.6037820167336506,0.07587134202653473
Overall Recall,0.5118250000000001,0.009093058458033368
Authentic F1,0.6675076,0.0062420273383676575
Authentic Precision,0.88,0.3265986323710904
Authentic Recall,0.9801000000000001,0.013180564203677813
Synthetic F1,0.08139852007154527,0.028732356477605487
Synthetic Precision,0.701445695638622,0.1478985825166889
Synthetic Recall,0.043550000000000005,0.016100928513284533
