Metric,Mean,Standard Deviation
Overall F1,0.9595696292323014,0.010288926149422045
Overall Precision,0.96098127337257,0.0097637057318265
Overall Recall,0.9596031746031747,0.010269109940792193
Authentic F1,0.9606682,0.00979640207918038
Authentic Precision,1.0,0.0
Authentic Recall,0.9852380952380951,0.008747349313931709
Synthetic F1,0.9584706483335654,0.010791772984508716
Synthetic Precision,0.9845078647133346,0.009055574737214581
Synthetic Recall,0.9339682539682538,0.018118791477321514
