Metric,Mean,Standard Deviation
Overall F1,0.8866573195155766,0.014937380697233323
Overall Precision,0.8875693668423003,0.014680905549679156
Overall Recall,0.8867175572519085,0.014909493128238187
Authentic F1,0.8850628,0.015752389338084108
Authentic Precision,1.0,0.0
Authentic Recall,0.8709644670050762,0.025305533950047945
Synthetic F1,0.8882601655017223,0.014369971023784192
Synthetic Precision,0.874885466535416,0.021291870972922754
Synthetic Recall,0.9025510204081633,0.01972015927642567
