Metric,Mean,Standard Deviation
Overall F1,0.9209441132004309,0.017150078938068077
Overall Precision,0.9249720796058309,0.015712696699690207
Overall Recall,0.9211409395973156,0.017020825179454944
Authentic F1,0.924692,0.015596563853631479
Authentic Precision,1.0,0.0
Authentic Recall,0.9665771812080538,0.01421242073760051
Synthetic F1,0.9171972564209055,0.018775760792253106
Synthetic Precision,0.9633585022791364,0.015264548515951168
Synthetic Recall,0.8757046979865774,0.028593369679947144
