Metric,Mean,Standard Deviation
Overall F1,0.7956849434217024,0.018997073367313298
Overall Precision,0.7986095865466661,0.01816128759851184
Overall Recall,0.7961306532663318,0.01879558211986436
Authentic F1,0.8038682,0.016806791098550097
Authentic Precision,1.0,0.0
Authentic Recall,0.8352261306532663,0.023745615259755635
Synthetic F1,0.7875020976835861,0.022267441895234115
Synthetic Precision,0.8217046811058332,0.020580519356760706
Synthetic Recall,0.7570351758793968,0.036175934044314954
