domain,mean,min,max,std
RAID_abstracts,0.8487115544472152,0.8129675810473815,0.8902743142144638,0.015288518851560066
RAID_books,0.8694763092269326,0.8104738154613467,0.9002493765586035,0.015442809011679123
RAID_news,0.8362094763092269,0.7930174563591023,0.8703241895261845,0.016106472551788032
RAID_poetry,0.8556359102244389,0.8054862842892768,0.8927680798004988,0.01704264826019441
RAID_recipes,0.907506234413965,0.8678304239401496,0.942643391521197,0.014506837593098128
RAID_reddit,0.8507481296758105,0.8029925187032418,0.8902743142144638,0.01944747971898494
RAID_reviews,0.8548412698412698,0.8068783068783069,0.8968253968253969,0.017968873353499587
RAID_wiki,0.8639401496259351,0.827930174563591,0.8977556109725686,0.014714177544733491
