Metric,Mean,Standard Deviation
Overall F1,0.7277803157838423,0.02180849287577328
Overall Precision,0.7285379850696305,0.02180008917541219
Overall Recall,0.7279596977329976,0.021776758274862616
Authentic F1,0.7297583666666666,0.022695205518139527
Authentic Precision,1.0,0.0
Authentic Recall,0.7334003350083752,0.033125962037844535
Synthetic F1,0.7257920213480785,0.023032526611237697
Synthetic Precision,0.7300600115677812,0.025076113496919433
Synthetic Recall,0.7224915824915825,0.03305926678170479
