Metric,Mean,Standard Deviation
Overall F1,0.9590383343973313,0.010346105978523647
Overall Precision,0.9613717101616964,0.009345114486763516
Overall Recall,0.9590993500464253,0.010305911492997926
Authentic F1,0.9606154333333332,0.00963577733389043
Authentic Precision,1.0,0.0
Authentic Recall,0.9928888888888889,0.006788798297170625
Synthetic F1,0.9574533768110348,0.011070713046744545
Synthetic Precision,0.9923786470565468,0.007193953090206268
Synthetic Recall,0.9251210428305401,0.019487425175431974
