Metric,Mean,Standard Deviation
Overall F1,0.9499620546115796,0.011503761209737557
Overall Precision,0.9531568733611372,0.010161452635961939
Overall Recall,0.9500574712643678,0.011439679387137193
Authentic F1,0.9520547000000001,0.01054979815194693
Authentic Precision,1.0,0.0
Authentic Recall,0.989712643678161,0.008340769929151136
Synthetic F1,0.9478697709506461,0.012475875862254616
Synthetic Precision,0.988925863526415,0.008844008929523818
Synthetic Recall,0.9104022988505748,0.022351558288943044
