Metric,Mean,Standard Deviation
Overall F1,0.3519261832355688,0.02447281596518955
Overall Precision,0.5714503828557336,0.15195804008430322
Overall Recall,0.50605,0.012376562241967396
Authentic F1,0.6678836,0.0061388003500173986
Authentic Precision,0.61,0.4902071300001973
Authentic Recall,0.9931500000000001,0.005580223014261074
Synthetic F1,0.035969931985846,0.043282465633767496
Synthetic Precision,0.6397660376408861,0.3001431024798794
Synthetic Recall,0.01895,0.023754797495251438
