Metric,Mean,Standard Deviation
Overall F1,0.8009906984226134,0.0195171795182916
Overall Precision,0.801829673543391,0.01948683025770476
Overall Recall,0.8011111111111111,0.01948536187390842
Authentic F1,0.7994381999999999,0.020982545626536765
Authentic Precision,1.0,0.0
Authentic Recall,0.7937037037037037,0.03289646729847438
Synthetic F1,0.8025431779994606,0.019140905369407078
Synthetic Precision,0.797492437941661,0.025542501109487744
Synthetic Recall,0.8085185185185185,0.027801702974433126
