Metric,Mean,Standard Deviation
Overall F1,0.3502522220868509,0.009142264121388058
Overall Precision,0.6698205746357695,0.16051210284764758
Overall Recall,0.5084924623115578,0.004428577576684189
Authentic F1,0.6713095999999998,0.0022457281197595584
Authentic Precision,0.99,0.09999999999999999
Authentic Recall,0.9987999999999999,0.00267045185901434
Synthetic F1,0.02595299950753617,0.01641127576628725
Synthetic Precision,0.8357499999999999,0.3212024419242357
Synthetic Recall,0.013232323232323207,0.008456597333217845
