,Key,Count,Mean Score
0,PRP,100,0.07498746985898067
1,of,100,0.06663924972533587
2,sentiment,100,0.059325332357641355
3,NN,100,0.05421481963403024
4,VB,100,0.05295434564793533
5,IN,99,0.039320022438066836
6,DT,96,0.03792951953547471
8,have,64,0.03564589733288999
10,to,57,0.03572733466925533
14,the,36,0.0345702354926854
9,RB,34,0.03231396909445126
12,NNS,34,0.032764830537966416
11,mean_sen_len,33,0.03243494309087938
7,i,24,0.033751596119671635
13,which,23,0.03258044552567169
