Metric,Mean,Standard Deviation
Overall F1,0.36350707391721365,0.013912375653528916
Overall Precision,0.6680894359836802,0.08465717208724982
Overall Recall,0.511825,0.006952717294538726
Authentic F1,0.6707225,0.0037175799598093058
Authentic Precision,0.96,0.19694638556693236
Authentic Recall,0.9943499999999998,0.005534784402651872
Synthetic F1,0.05629206507124931,0.024921120804892036
Synthetic Precision,0.8301420523920524,0.16707494586478813
Synthetic Recall,0.029300000000000003,0.013314759790654438
