Metric,Mean,Standard Deviation
Overall F1,0.9356468727614762,0.014416067140303397
Overall Precision,0.9368833681480495,0.014197321215818869
Overall Recall,0.9356933333333334,0.014396648934992222
Authentic F1,0.9370084999999998,0.013980755768419222
Authentic Precision,1.0,0.0
Authentic Recall,0.9561066666666667,0.019513530737114593
Synthetic F1,0.9342851768734531,0.014934470979031342
Synthetic Precision,0.9546640887833496,0.01921701876819138
Synthetic Recall,0.91528,0.023881849645178577
