Metric,Mean,Standard Deviation
Overall F1,0.9490181399108338,0.008596095200557416
Overall Precision,0.9516471573512147,0.007798299824490937
Overall Recall,0.9490973201692525,0.00855964622354835
Authentic F1,0.9510132999999997,0.007959962572243363
Authentic Precision,1.0,0.0
Authentic Recall,0.9858028169014084,0.006227373788914985
Synthetic F1,0.9470179072297413,0.009245451134260153
Synthetic Precision,0.9846771344329335,0.006641360197582941
Synthetic Recall,0.9122881355932203,0.01614728465764294
