Metric,Mean,Standard Deviation
Overall F1,0.3406168419324746,0.06392653894327703
Overall Precision,0.3385442910348495,0.0685697687738865
Overall Recall,0.36485000000000006,0.05543425899844852
Authentic F1,0.4616544999999999,0.03926367705795156
Authentic Precision,0.02,0.14070529413628968
Authentic Recall,0.5445,0.05211438468320517
Synthetic F1,0.2195792940876362,0.10252841379830477
Synthetic Precision,0.2750188358351747,0.10107246473524673
Synthetic Recall,0.18520000000000003,0.10062160339960335
