Metric,Mean,Standard Deviation
Overall F1,0.3437630553159434,0.008511121187188227
Overall Precision,0.4747911943531907,0.11705788689654123
Overall Recall,0.49852499999999994,0.005774541391559005
Authentic F1,0.6624144,0.004567503864864867
Authentic Precision,0.31,0.46482319871173167
Authentic Recall,0.98405,0.010241897512007471
Synthetic F1,0.0251126266755267,0.015582544085713735
Synthetic Precision,0.45033560883560886,0.23169848366177254
Synthetic Recall,0.012999999999999998,0.008195835355332437
