Metric,Mean,Standard Deviation
Overall F1,0.9556021396783566,0.011539364997741075
Overall Precision,0.9580747501249169,0.010416273136289424
Overall Recall,0.9556684491978609,0.011490572207323366
Authentic F1,0.9572442999999999,0.010722276278662082
Authentic Precision,1.0,0.0
Authentic Recall,0.9904812834224599,0.007313316724500255
Synthetic F1,0.9539596544480906,0.012367989034477764
Synthetic Precision,0.9898064771710976,0.00777595206512275
Synthetic Recall,0.920855614973262,0.02103633987053091
