Metric,Mean,Standard Deviation
Overall F1,0.8817740662336362,0.011343396998225706
Overall Precision,0.8869466732022084,0.010574816079382625
Overall Recall,0.8821488764044945,0.011234350058446316
Authentic F1,0.8882713000000001,0.010153410996240909
Authentic Precision,1.0,0.0
Authentic Recall,0.9365730337078654,0.012397281477981833
Synthetic F1,0.8752769467959712,0.012688643054007223
Synthetic Precision,0.928992597573278,0.012780034589045986
Synthetic Recall,0.8277247191011233,0.019966825558221723
