Metric,Mean,Standard Deviation
Overall F1,0.9586878472404523,0.010396095375349216
Overall Precision,0.9591090865231456,0.010274674115984529
Overall Recall,0.9586979166666667,0.010390460511828514
Authentic F1,0.9582033,0.010621756598718703
Authentic Precision,1.0,0.0
Authentic Recall,0.9475000000000001,0.015906209655718498
Synthetic F1,0.9591724150530955,0.010188634755129664
Synthetic Precision,0.948862824351785,0.014741442471137825
Synthetic Recall,0.9698958333333334,0.012834418954693724
