Metric,Mean,Standard Deviation
Overall F1,0.9116104626753344,0.013816824416701816
Overall Precision,0.9145606705338968,0.013673652291027148
Overall Recall,0.9117628205128205,0.013768492273129465
Authentic F1,0.9149796999999998,0.013025239171111078
Authentic Precision,1.0,0.0
Authentic Recall,0.9493589743589743,0.019402667793093763
Synthetic F1,0.9082406890499836,0.014756820031359487
Synthetic Precision,0.9457081510881764,0.019749160570632685
Synthetic Recall,0.8741666666666668,0.023612715158907553
