Metric,Mean,Standard Deviation
Overall F1,0.4024671175611795,0.02194285201552554
Overall Precision,0.5158821962646993,0.050320471686429044
Overall Recall,0.5047999999999999,0.01487184309935111
Authentic F1,0.6493998999999999,0.012054261704576694
Authentic Precision,0.63,0.4852365870939097
Authentic Recall,0.9176000000000001,0.026972488789786364
Synthetic F1,0.1555343207200124,0.040034631592698496
Synthetic Precision,0.5291409006186665,0.09272117272286791
Synthetic Recall,0.092,0.026150303704515244
