Metric,Mean,Standard Deviation
Overall F1,0.9667285555712543,0.009446490132854212
Overall Precision,0.9675411585631295,0.00906857264943872
Overall Recall,0.9667426710097718,0.009434901624829172
Authentic F1,0.9661753999999999,0.009784904826550256
Authentic Precision,1.0,0.0
Authentic Recall,0.9483766233766235,0.016364422395327347
Synthetic F1,0.9672855873791031,0.009115121291465144
Synthetic Precision,0.9501319542660943,0.015017086071456274
Synthetic Recall,0.9852287581699347,0.008988563443160269
