Metric,Mean,Standard Deviation
Overall F1,0.8175965557866709,0.011159260142521528
Overall Precision,0.8208028599677709,0.011234971685141775
Overall Recall,0.8179958333333333,0.01112530073496118
Authentic F1,0.82586455,0.010755250105023503
Authentic Precision,1.0,0.0
Authentic Recall,0.8632833333333333,0.015766220277623484
Synthetic F1,0.8093288781780162,0.011965277500514699
Synthetic Precision,0.849879695173589,0.01480328976756636
Synthetic Recall,0.7727083333333334,0.01638321571361764
