Metric,Mean,Standard Deviation
Overall F1,0.3875444530481842,0.023119273809583417
Overall Precision,0.45639632782808975,0.04113534591499892
Overall Recall,0.48375000000000007,0.015523280008497623
Authentic F1,0.6293215999999999,0.016523086311356152
Authentic Precision,0.08,0.2726599243442907
Authentic Recall,0.8776500000000002,0.04228006073024891
Synthetic F1,0.14576707756557558,0.04897502747471386
Synthetic Precision,0.42198353056186705,0.07451025448583072
Synthetic Recall,0.08985,0.035107734622202985
