Metric,Mean,Standard Deviation
Overall F1,0.5286342639622986,0.026360227351478038
Overall Precision,0.5303398459769997,0.026461280998412114
Overall Recall,0.5299999999999999,0.026140645235596876
Authentic F1,0.5371931,0.0319363606680093
Authentic Precision,0.85,0.3588702812826367
Authentic Recall,0.54765,0.053599972674499285
Synthetic F1,0.5200759897107642,0.039206535831071074
Synthetic Precision,0.5310295719121391,0.02754003369804229
Synthetic Recall,0.51235,0.060579920499095795
