,Key,Count,Mean Score
0,PRP,100,0.0754507854228893
1,sentiment,100,0.06082218916097271
2,of,100,0.06648923995826919
3,NN,100,0.05385936467893127
4,VB,100,0.05318372972624796
5,IN,98,0.039477138261705014
9,DT,97,0.03816214452108505
11,have,61,0.03576681331178472
6,to,52,0.036192272164511236
10,the,40,0.03290841685694758
8,RB,34,0.03282143194102266
14,NNS,34,0.03359827879670084
12,i,33,0.03221416694391074
13,which,26,0.032422711252035816
7,mean_sen_len,25,0.032852616373630864
