Metric,Mean,Standard Deviation
Overall F1,0.9308875110476916,0.014319297320652739
Overall Precision,0.9317185081862555,0.013904268555892529
Overall Recall,0.9309235668789809,0.014290548304213143
Authentic F1,0.9296531,0.015044819283149467
Authentic Precision,1.0,0.0
Authentic Recall,0.9142038216560509,0.02352859306659877
Synthetic F1,0.9321225285165192,0.013657460369553131
Synthetic Precision,0.9174166362347198,0.020733504464383216
Synthetic Recall,0.9476433121019109,0.015325712961153119
