Metric,Mean,Standard Deviation
Overall F1,0.9762428070030421,0.00837530806469917
Overall Precision,0.9769096402565238,0.00797907347011406
Overall Recall,0.9762528735632183,0.008366442616887694
Authentic F1,0.9758013666666666,0.008668169877718469
Authentic Precision,1.0,0.0
Authentic Recall,0.959816091954023,0.015838367447534654
Synthetic F1,0.9766847594086983,0.008086758829695588
Synthetic Precision,0.9613249427443772,0.014697258514369779
Synthetic Recall,0.9926896551724137,0.006684789458957926
