Metric,Mean,Standard Deviation
Overall F1,0.9104461240149484,0.013781983957249253
Overall Precision,0.9153265525887149,0.012724596244279194
Overall Recall,0.9107070707070707,0.013669860267506537
Authentic F1,0.9151401000000001,0.01245425532689429
Authentic Precision,1.0,0.0
Authentic Recall,0.9620707070707071,0.012710057624603447
Synthetic F1,0.9057520736685021,0.015185149173404374
Synthetic Precision,0.9578624636655482,0.013715645303822509
Synthetic Recall,0.8593434343434342,0.023120653175939487
