Metric,Mean,Standard Deviation
Overall F1,0.886642600241575,0.01588517380408809
Overall Precision,0.8915539339334346,0.015222346442067948
Overall Recall,0.8869845360824743,0.015767127328885508
Authentic F1,0.8925924666666667,0.014518015008309291
Authentic Precision,1.0,0.0
Authentic Recall,0.9386769759450171,0.018278681066088015
Synthetic F1,0.8806932458925733,0.01744832447113764
Synthetic Precision,0.9319460472919553,0.019052548635645178
Synthetic Recall,0.8352920962199312,0.02607543820526819
