domain,mean,min,max,std
RAID_abstracts,0.8537727039267872,0.8220338983050848,0.8813559322033898,0.012480999396322233
RAID_books,0.8784291725105189,0.847124824684432,0.91164095371669,0.01120580770921796
RAID_news,0.8428892005610098,0.8036465638148668,0.8723702664796634,0.014446724887017887
RAID_poetry,0.8645416078984485,0.8363892806770099,0.8998589562764457,0.012438757981177618
RAID_recipes,0.915049365303244,0.8843441466854725,0.9464033850493652,0.010460764440631496
RAID_reddit,0.8586535764375877,0.8218793828892006,0.8892005610098177,0.012110307832154313
RAID_reviews,0.8553703703703703,0.8121693121693122,0.8862433862433863,0.015274071206717622
RAID_wiki,0.8686535764375877,0.8359046283309958,0.9004207573632539,0.011746843453108159
