Metric,Mean,Standard Deviation
Overall F1,0.8783240348989543,0.011225737201905008
Overall Precision,0.8797963669988955,0.011158125922127088
Overall Recall,0.8784291725105189,0.01120580770921796
Authentic F1,0.8815226999999999,0.0108404634675792
Authentic Precision,1.0,0.0
Authentic Recall,0.9058146067415731,0.015273447940457468
Synthetic F1,0.8751344370527993,0.011792029512880631
Synthetic Precision,0.9008261725834383,0.014509456397379541
Synthetic Recall,0.8511204481792717,0.017190789394182764
