Metric,Mean,Standard Deviation
Overall F1,0.3526953972132379,0.013542551617914095
Overall Precision,0.6187429682849744,0.12581029499238697
Overall Recall,0.5065,0.006464745106570664
Authentic F1,0.6681881999999999,0.0033372541728405123
Authentic Precision,0.84,0.3684529491774707
Authentic Recall,0.9937500000000001,0.005335936864527379
Synthetic F1,0.03720384592593758,0.024569594983546418
Synthetic Precision,0.7341754095577626,0.24946987041358637
Synthetic Recall,0.01925,0.013092040144741197
