Metric,Mean,Standard Deviation
Overall F1,0.970198827758602,0.01150552736943868
Overall Precision,0.97178660143573,0.01025984560190075
Overall Recall,0.9702352941176471,0.011462599782126099
Authentic F1,0.9712234666666666,0.010732593248683872
Authentic Precision,1.0,0.0
Authentic Recall,0.996640625,0.005021583133078292
Synthetic F1,0.9691663275828688,0.01229071008378218
Synthetic Precision,0.9964642625841988,0.005257108620584318
Synthetic Recall,0.9436220472440944,0.022996303050294344
