Metric,Mean,Standard Deviation
Overall F1,0.34284727201428444,0.007750929285718954
Overall Precision,0.5449819141199217,0.15420128492198665
Overall Recall,0.5015999999999999,0.0045853301435395556
Authentic F1,0.6658284999999998,0.0030377844049420425
Authentic Precision,0.52,0.5021167315686782
Authentic Recall,0.9930499999999999,0.00572496746936195
Synthetic F1,0.019867103743434665,0.013643372405664714
Synthetic Precision,0.5891547619047619,0.3065676765784815
Synthetic Recall,0.01015,0.0070515776585631865
