Metric,Mean,Standard Deviation
Overall F1,0.3419228258285843,0.007112504579117843
Overall Precision,0.5019476745539663,0.16248454181102936
Overall Recall,0.5009,0.0041365578819969485
Authentic F1,0.6653577999999999,0.0028786313316286893
Authentic Precision,0.44,0.4988876515698589
Authentic Recall,0.99235,0.0060073608047447845
Synthetic F1,0.018488979231106917,0.012865028060288683
Synthetic Precision,0.5034404761904762,0.32328627363692763
Synthetic Recall,0.00945,0.00662467837984333
