Metric,Mean,Standard Deviation
Overall F1,0.4789672242269178,0.023812008285051242
Overall Precision,0.5108661580225992,0.026260669703531993
Overall Recall,0.50835,0.020619263818188092
Authentic F1,0.6010259,0.021294981013223174
Authentic Precision,0.65,0.4793724854411022
Authentic Recall,0.7419000000000001,0.04441414371139179
Synthetic F1,0.3569086839810117,0.04184218080254926
Synthetic Precision,0.5160289103117862,0.03843637646247964
Synthetic Recall,0.2748,0.044169782623074985
