Metric,Mean,Standard Deviation
Overall F1,0.8320464664188654,0.016381463533770613
Overall Precision,0.8406352893522077,0.015420983379572544
Overall Recall,0.8330083333333334,0.016098695305022975
Authentic F1,0.8197409666666666,0.019061158585483694
Authentic Precision,1.0,0.0
Authentic Recall,0.76045,0.028840569136091024
Synthetic F1,0.8443520836547309,0.014253739399418245
Synthetic Precision,0.7912832152735708,0.019573709694473706
Synthetic Recall,0.9055666666666667,0.019809178868571156
