Metric,Mean,Standard Deviation
Overall F1,0.8979245748323177,0.01592144092510103
Overall Precision,0.9114999134179194,0.012466012778361908
Overall Recall,0.8987566137566136,0.015557474167423225
Authentic F1,0.9070117999999999,0.013214600387220929
Authentic Precision,1.0,0.0
Authentic Recall,0.9857671957671958,0.008397695365545514
Synthetic F1,0.8888373641159321,0.01867441518243339
Synthetic Precision,0.982831340592049,0.010024777279704356
Synthetic Recall,0.8117460317460317,0.029628293487055854
