Metric,Mean,Standard Deviation
Overall F1,0.33139498977330034,0.031853023882751824
Overall Precision,0.33122217673722837,0.032381518310322786
Overall Recall,0.33509999999999995,0.031095161856936695
Authentic F1,0.3613582,0.04030013791439419
Authentic Precision,0.0,0.0
Authentic Recall,0.3788500000000001,0.05923696208253489
Synthetic F1,0.301431694665497,0.060524049617135985
Synthetic Precision,0.31498183345682207,0.046097785679451546
Synthetic Recall,0.29135000000000005,0.07500119527667072
