Metric,Mean,Standard Deviation
Overall F1,0.3440301353293077,0.009205761100211624
Overall Precision,0.4563044237345098,0.10084433650384816
Overall Recall,0.49707500000000004,0.00620621023286719
Authentic F1,0.6608257000000001,0.005162224337542015
Authentic Precision,0.22,0.41633319989322654
Authentic Recall,0.9799499999999998,0.01217496603608397
Synthetic F1,0.02723471235758371,0.0174685035632959
Synthetic Precision,0.4141049097101729,0.1991870458373327
Synthetic Recall,0.014199999999999999,0.009312747861253022
