Metric,Mean,Standard Deviation
Overall F1,0.33754035671428206,0.007341356562729839
Overall Precision,0.38510097359721734,0.1143326487479464
Overall Recall,0.49347500000000005,0.00610198469120639
Authentic F1,0.6589033999999999,0.005267821357884664
Authentic Precision,0.08,0.27265992434429076
Authentic Recall,0.97855,0.012108411801868835
Synthetic F1,0.016178029957935422,0.013578106529807309
Synthetic Precision,0.2735263902763902,0.22657865056503515
Synthetic Recall,0.0084,0.007137891491854926
