Metric,Mean,Standard Deviation
Overall F1,0.9420108961975064,0.013300322461935913
Overall Precision,0.9427324971181145,0.012926563034039228
Overall Recall,0.942037037037037,0.013278694206417335
Authentic F1,0.941053,0.013887976087176271
Authentic Precision,1.0,0.0
Authentic Recall,0.9266666666666665,0.021796181189880703
Synthetic F1,0.9429693383192255,0.012755857867170215
Synthetic Precision,0.929236489859846,0.019458970107937283
Synthetic Recall,0.9574074074074075,0.014335509033983878
