Metric,Mean,Standard Deviation
Overall F1,0.9106800807085296,0.01653437470125359
Overall Precision,0.9156283333677827,0.015417473234113724
Overall Recall,0.9109634551495017,0.01639851641256204
Authentic F1,0.9156542000000001,0.014936958040884745
Authentic Precision,1.0,0.0
Authentic Recall,0.9622516556291392,0.01593245741648305
Synthetic F1,0.9056730951269314,0.018235613856660032
Synthetic Precision,0.9578688774781946,0.017282237267952742
Synthetic Recall,0.8593333333333334,0.027307123838765573
