Metric,Mean,Standard Deviation
Overall F1,0.3834061585694105,0.024144849947122345
Overall Precision,0.6977574639663335,0.05368669255650755
Overall Recall,0.5213,0.011653022324398484
Authentic F1,0.6748778999999999,0.0054409564100960815
Authentic Precision,0.99,0.09999999999999999
Authentic Recall,0.9934999999999998,0.006454972243679035
Synthetic F1,0.09193487067546878,0.043466567482893584
Synthetic Precision,0.8844824276148613,0.10487129773163564
Synthetic Recall,0.049100000000000005,0.02472454307571791
