Metric,Mean,Standard Deviation
Overall F1,0.9730670244059283,0.006700700224074411
Overall Precision,0.9733352771690628,0.00661133284960405
Overall Recall,0.973071528751753,0.006698149577945519
Authentic F1,0.9733809,0.006574453788426965
Authentic Precision,1.0,0.0
Authentic Recall,0.9829131652661067,0.007967653601814149
Synthetic F1,0.9727516856371012,0.006833030293230027
Synthetic Precision,0.9825831452984641,0.007970101224296967
Synthetic Recall,0.9632022471910113,0.010731645750819413
