Metric,Mean,Standard Deviation
Overall F1,0.9719691682165501,0.007798889732010373
Overall Precision,0.9722423422501363,0.007685773507767828
Overall Recall,0.9719736842105263,0.0077955401897995555
Authentic F1,0.9717128999999999,0.007944063954369392
Authentic Precision,1.0,0.0
Authentic Recall,0.9634736842105263,0.01301775450463018
Synthetic F1,0.9722258345917669,0.00766187276360682
Synthetic Precision,0.9642458138013293,0.01224053305926585
Synthetic Recall,0.9804736842105263,0.009762133625236947
