Metric,Mean,Standard Deviation
Overall F1,0.5878486843437636,0.04202503591297506
Overall Precision,0.6368858047249111,0.042035124674481915
Overall Recall,0.6091000000000001,0.035566341482708715
Authentic F1,0.4973396000000001,0.06700226713969151
Authentic Precision,0.99,0.09999999999999999
Authentic Recall,0.39265,0.07742202007128975
Synthetic F1,0.678357818519655,0.028733749488079326
Synthetic Precision,0.5773373977457527,0.02847425308510224
Synthetic Recall,0.8255500000000001,0.05794849245474621
