Metric,Mean,Standard Deviation
Overall F1,0.337646659755138,0.00530818914296591
Overall Precision,0.4491127055146549,0.17156547615794696
Overall Recall,0.49912500000000004,0.003506397472096279
Authentic F1,0.6646782999999999,0.002624230163208819
Authentic Precision,0.28,0.4512608598542128
Authentic Recall,0.99285,0.005607309443210643
Synthetic F1,0.01061587951213559,0.00949078585951084
Synthetic Precision,0.39866666666666667,0.34174307267545456
Synthetic Recall,0.0054,0.00485548736747997
