Metric,Mean,Standard Deviation
Overall F1,0.9635663424523534,0.009051179930603576
Overall Precision,0.9655807343567496,0.008161391794741717
Overall Recall,0.9636096718480138,0.009020941612646641
Authentic F1,0.9647823666666666,0.008474957605810771
Authentic Precision,1.0,0.0
Authentic Recall,0.9951122625215889,0.004544704284677699
Synthetic F1,0.9623509325546896,0.009632173381981897
Synthetic Precision,0.9947975329085417,0.004832085954423358
Synthetic Recall,0.9321070811744387,0.01706082320306602
