Metric,Mean,Standard Deviation
Overall F1,0.33597027276912994,0.006237716021918857
Overall Precision,0.3879062330581347,0.14871919560216132
Overall Recall,0.49584999999999996,0.0051397146483697555
Authentic F1,0.6617834999999999,0.004074499008677902
Authentic Precision,0.16,0.3684529491774706
Authentic Recall,0.9865,0.008572330399888273
Synthetic F1,0.010157415478039458,0.010511086563266455
Synthetic Precision,0.27791269841269844,0.29545863961730995
Synthetic Recall,0.0052,0.005408560367835904
