Metric,Mean,Standard Deviation
Overall F1,0.35331107465522044,0.011578034290687596
Overall Precision,0.5281111434945243,0.09456371929034052
Overall Recall,0.5016999999999999,0.006355225321645866
Authentic F1,0.6630045,0.0052159149182423835
Authentic Precision,0.55,0.5
Authentic Recall,0.98045,0.013372952500695532
Synthetic F1,0.04361815346086296,0.022778127816475677
Synthetic Precision,0.5553570709121423,0.18647621326796796
Synthetic Recall,0.022949999999999995,0.01239287429668087
