Metric,Mean,Standard Deviation
Overall F1,0.9283464084411406,0.012914141655236556
Overall Precision,0.9290215501706721,0.01275240540573514
Overall Recall,0.928375,0.01290199557816502
Authentic F1,0.9273667999999999,0.013340643365825402
Authentic Precision,1.0,0.0
Authentic Recall,0.9153999999999998,0.0219236508056132
Synthetic F1,0.9293266567510393,0.012573152749648273
Synthetic Precision,0.9179697087145802,0.019581808889276565
Synthetic Recall,0.9413499999999999,0.01667961618142321
