Metric,Mean,Standard Deviation
Overall F1,0.4514156607684612,0.024855519005017986
Overall Precision,0.5664160767737324,0.04503646862239408
Overall Recall,0.5365809768637532,0.01709840023909302
Authentic F1,0.6700162000000001,0.012970138257715012
Authentic Precision,1.0,0.0
Authentic Recall,0.9154000000000002,0.02773139561995218
Synthetic F1,0.22009267977912966,0.045124865739316136
Synthetic Precision,0.606510966032546,0.08345837243732047
Synthetic Recall,0.13571428571428568,0.032410474867343615
