Metric,Mean,Standard Deviation
Overall F1,0.33499572636337144,0.003977155913496527
Overall Precision,0.3853532072724869,0.1737469297703062
Overall Recall,0.498425,0.003401852585004377
Authentic F1,0.6646579999999999,0.002710211516588051
Authentic Precision,0.16,0.3684529491774707
Authentic Recall,0.9941500000000001,0.0057320206390120984
Synthetic F1,0.0053344518687625676,0.00663476281497875
Synthetic Precision,0.27149999999999996,0.3463963511626031
Synthetic Recall,0.0027,0.0033650010881472723
