Metric,Mean,Standard Deviation
Overall F1,0.7799143582436459,0.019810506409211948
Overall Precision,0.7816702005562,0.019981980126563
Overall Recall,0.7802,0.019776784676008696
Authentic F1,0.7860550000000001,0.020175877761186588
Authentic Precision,1.0,0.0
Authentic Recall,0.80825,0.031369217041197835
Synthetic F1,0.7737735857344131,0.020738712831987024
Synthetic Precision,0.7976076975218064,0.026384803264591007
Synthetic Recall,0.7521499999999999,0.02879091291825717
