,Key,Count,Mean Score
0,TTR,100,0.05964823013689309
1,mean_sen_len,100,0.04348462513323855
2,don,100,0.02282616607437412
4,sentiment,100,0.021313774298126108
6,lex_density,79,0.01577591547483496
5,it,75,0.015967470257434207
10,NN,72,0.015392190422769538
7,i,56,0.015071569009980466
14,VBP,49,0.014895017074221093
9,my,40,0.01529611755269442
20,and,37,0.014717805879828306
8,DT,32,0.01461790762853389
3,so,24,0.015622401322004755
15,a,23,0.014475678346227747
12,PRP,18,0.01495137367255555
19,VBD,15,0.015100699330348494
22,the,10,0.013956174698324924
17,any,9,0.015317658347639176
16,that,8,0.015254365627672078
27,now,8,0.015534045267097698
23,VB,7,0.013899581890346012
24,IN,6,0.013613910921361745
25,VBZ,5,0.01397218999563456
29,NNS,4,0.013774135366113282
21,for,4,0.0138711334515698
18,you,4,0.013889760019563166
26,to,3,0.013079386116360232
30,of,3,0.013012982531341158
13,RB,2,0.013904112708204588
31,me,2,0.012916772360018446
11,after,1,0.015146360918301358
28,up,1,0.016374446767434648
32,is,1,0.013940410833683232
33,VBG,1,0.013351698853710492
34,had,1,0.01435614274970639
