Metric,Mean,Standard Deviation
Overall F1,0.8258652700569017,0.016070897292821542
Overall Precision,0.8263665387324827,0.016038260779527264
Overall Recall,0.825925,0.01605960724452764
Authentic F1,0.8247606000000001,0.01684223339996777
Authentic Precision,1.0,0.0
Authentic Recall,0.8197999999999999,0.025235456857926736
Synthetic F1,0.8269697393963971,0.015868362811020546
Synthetic Precision,0.822426890767595,0.020500479760904484
Synthetic Recall,0.8320499999999998,0.022089064436430245
