Metric,Mean,Standard Deviation
Overall F1,0.9885120695581311,0.004950683552092382
Overall Precision,0.988614007468079,0.004891288809197865
Overall Recall,0.9885128205128204,0.004950025525982768
Authentic F1,0.9884383999999998,0.005010229479209856
Authentic Precision,1.0,0.0
Authentic Recall,0.9830769230769231,0.00854700854700854
Synthetic F1,0.9885872913904233,0.004891749351127626
Synthetic Precision,0.9833264881201927,0.00831020577017388
Synthetic Recall,0.9939487179487182,0.004631758919024127
