Metric,Mean,Standard Deviation
Overall F1,0.9521003124440636,0.009416587342457676
Overall Precision,0.9528148788978644,0.009142712931804273
Overall Recall,0.9521216407355023,0.009402419174641227
Authentic F1,0.9530423000000002,0.009051619069971888
Authentic Precision,1.0,0.0
Authentic Recall,0.9698022598870056,0.010155016107463022
Synthetic F1,0.9511556650105366,0.0098032015794689
Synthetic Precision,0.968694813450608,0.010240445315821333
Synthetic Recall,0.9343909348441924,0.015074861478361963
