Metric,Mean,Standard Deviation
Overall F1,0.9102909753184741,0.013330986585711439
Overall Precision,0.91784452959649,0.011775389338028668
Overall Recall,0.9106916666666666,0.013170985031927564
Authentic F1,0.9161609333333333,0.011749591658551287
Authentic Precision,1.0,0.0
Authentic Recall,0.9748833333333334,0.011689748627127986
Synthetic F1,0.904420587831003,0.014988082424119972
Synthetic Precision,0.9713461000502184,0.012953271179623287
Synthetic Recall,0.8464999999999999,0.02397218287598076
