Metric,Mean,Standard Deviation
Overall F1,0.9803947241496086,0.007064854437164396
Overall Precision,0.9808161250098348,0.006801899067663396
Overall Recall,0.9804,0.007059630573789531
Authentic F1,0.9806814,0.006870954533543371
Authentic Precision,1.0,0.0
Authentic Recall,0.9933,0.006039432711335357
Synthetic F1,0.9801092365738365,0.007261775185391231
Synthetic Precision,0.9931615917000312,0.006120465222220742
Synthetic Recall,0.9674999999999998,0.012958753525292976
