Metric,Mean,Standard Deviation
Overall F1,0.854735274532255,0.018191841976368365
Overall Precision,0.8554994736229605,0.018165931468621218
Overall Recall,0.8548070175438596,0.018176760890675093
Authentic F1,0.8556234666666668,0.01827701361650791
Authentic Precision,1.0,0.0
Authentic Recall,0.860842105263158,0.027605972158418278
Synthetic F1,0.8538471584059516,0.01864740571385574
Synthetic Precision,0.8597872509636003,0.02373687563508402
Synthetic Recall,0.8487719298245614,0.028358767026815727
