Metric,Mean,Standard Deviation
Overall F1,0.8934089906133349,0.013644284019368045
Overall Precision,0.8950399170279317,0.013518882814425242
Overall Recall,0.8935218508997431,0.0136184305468371
Authentic F1,0.8965739,0.013201682468151512
Authentic Precision,1.0,0.0
Authentic Recall,0.9206666666666666,0.019496378640885586
Synthetic F1,0.8902279847042367,0.014304029523002798
Synthetic Precision,0.9161028418265296,0.01859727762810727
Synthetic Recall,0.8662371134020623,0.022069326272007753
