Metric,Mean,Standard Deviation
Overall F1,0.8360238719407858,0.016120118163566566
Overall Precision,0.8378678891629667,0.016288364455100703
Overall Recall,0.836209476309227,0.016106472551788032
Authentic F1,0.8402996999999999,0.01614895902796427
Authentic Precision,1.0,0.0
Authentic Recall,0.8644,0.025881236134280453
Synthetic F1,0.8317692004730174,0.016749263752998074
Synthetic Precision,0.8575745923208917,0.022936957491444514
Synthetic Recall,0.8081592039800997,0.02520332913301146
