Metric,Mean,Standard Deviation
Overall F1,0.8567447082229045,0.016821093112007496
Overall Precision,0.8576016651262932,0.016697086045324355
Overall Recall,0.856825,0.016794415708499627
Authentic F1,0.8590211,0.016455071791598684
Authentic Precision,1.0,0.0
Authentic Recall,0.8725,0.022978909961751972
Synthetic F1,0.8544690593239147,0.017573402021742988
Synthetic Precision,0.8687878963447062,0.020833941506353284
Synthetic Recall,0.8411500000000003,0.025354606299567345
