Metric,Mean,Standard Deviation
Overall F1,0.7944220780093897,0.020349032003096852
Overall Precision,0.7971206686862097,0.019963607236361744
Overall Recall,0.7948081841432226,0.02020970429181443
Authentic F1,0.7870152,0.02274376453474933
Authentic Precision,1.0,0.0
Authentic Recall,0.757295918367347,0.03311470685022335
Synthetic F1,0.8018668689337377,0.01889747103866804
Synthetic Precision,0.7740112176386441,0.0239640108633901
Synthetic Recall,0.8325128205128206,0.026069662546115376
