Metric,Mean,Standard Deviation
Overall F1,0.9361422070032794,0.013973292921624764
Overall Precision,0.9401255516129216,0.012671698028772865
Overall Recall,0.9362938596491229,0.013888036400790586
Authentic F1,0.9391395,0.012783190470772168
Authentic Precision,1.0,0.0
Authentic Recall,0.9812719298245615,0.01092782556321698
Synthetic F1,0.9331453933865634,0.015195396275755045
Synthetic Precision,0.9795244955600826,0.011807237306234657
Synthetic Recall,0.8913157894736841,0.024782846808205694
