Metric,Mean,Standard Deviation
Overall F1,0.9127519547497053,0.013081151811215892
Overall Precision,0.91784978790951,0.012287365436292828
Overall Recall,0.913013468013468,0.012990216357223174
Authentic F1,0.9173876333333334,0.011951925443413097
Authentic Precision,1.0,0.0
Authentic Recall,0.9652861952861952,0.013950174104327223
Synthetic F1,0.9081160664180631,0.014298125749853622
Synthetic Precision,0.961445565931604,0.014889466126389141
Synthetic Recall,0.8607407407407408,0.02211591090199094
