Metric,Mean,Standard Deviation
Overall F1,0.9323638722785981,0.013615643044611233
Overall Precision,0.9328775701619573,0.013604355460961207
Overall Recall,0.9323834196891192,0.013611779770176132
Authentic F1,0.9315410999999999,0.013775010010812331
Authentic Precision,1.0,0.0
Authentic Recall,0.9202590673575127,0.018142489118656714
Synthetic F1,0.9331860698266371,0.013506456964592201
Synthetic Precision,0.9223747313049693,0.016662612906313694
Synthetic Recall,0.9445077720207254,0.01792293479319908
