Metric,Mean,Standard Deviation
Overall F1,0.759448607883225,0.022438646915746915
Overall Precision,0.7604410170801247,0.022478217694044577
Overall Recall,0.7596354166666667,0.022407456603726405
Authentic F1,0.7630932333333333,0.022929473764187528
Authentic Precision,1.0,0.0
Authentic Recall,0.7748263888888889,0.032757648267076056
Synthetic F1,0.7558041424643954,0.02337150240123063
Synthetic Precision,0.7684213593837942,0.026842673594055004
Synthetic Recall,0.7444444444444444,0.0318804089728936
