Metric,Mean,Standard Deviation
Overall F1,0.946742449181439,0.011712200449614497
Overall Precision,0.9477549645495593,0.011272556564226415
Overall Recall,0.9467749999999999,0.011689884904947054
Authentic F1,0.9478748,0.011162853304553891
Authentic Precision,1.0,0.0
Authentic Recall,0.96675,0.01243924629890608
Synthetic F1,0.9456102139108914,0.012295947208782198
Synthetic Precision,0.9655281529330031,0.012401296838053256
Synthetic Recall,0.9268000000000002,0.020725722075613063
