Metric,Mean,Standard Deviation
Overall F1,0.8065007149406281,0.018017289494297716
Overall Precision,0.8237073751446193,0.016790238254281414
Overall Recall,0.8087708333333334,0.017458879763055383
Authentic F1,0.8271272666666668,0.014848140268295519
Authentic Precision,1.0,0.0
Authentic Recall,0.9145833333333333,0.01999773537903367
Synthetic F1,0.785874405694037,0.021845130339654534
Synthetic Precision,0.8921414081530213,0.022570807159128098
Synthetic Recall,0.7029583333333332,0.030648957991675236
