Metric,Mean,Standard Deviation
Overall F1,0.48307502914946565,0.030651031580702294
Overall Precision,0.4858860420811916,0.030549594303021437
Overall Recall,0.48639999999999994,0.029564003501391736
Authentic F1,0.5157201000000001,0.03081330935364185
Authentic Precision,0.28,0.4512608598542129
Authentic Recall,0.5485,0.05100752568756572
Synthetic F1,0.45043005796438246,0.04827333111656262
Synthetic Precision,0.4833358572112438,0.03516261021113378
Synthetic Recall,0.42430000000000007,0.06401554419818596
