,Key,Count,Mean Score
0,PRP,100,0.07681135717600837
1,of,100,0.06689634774692299
2,NN,100,0.05357453144667936
3,sentiment,100,0.06115231227044518
4,VB,100,0.051458680601800325
7,DT,99,0.03853220285598532
6,IN,96,0.04004330189329663
8,have,64,0.03513694373549525
5,to,55,0.03561569790374024
11,NNS,40,0.03284442011759882
13,RB,36,0.03241859647078685
10,the,35,0.03266925478488615
12,i,32,0.03363734469149419
14,mean_sen_len,27,0.031189596623231078
9,which,16,0.03204166531778173
