Metric,Mean,Standard Deviation
Overall F1,0.8188246789700473,0.0193086427143031
Overall Precision,0.8221727153968529,0.019173689841715934
Overall Recall,0.8192431972789116,0.019207635623954795
Authentic F1,0.8111447333333334,0.021118037993412
Authentic Precision,1.0,0.0
Authentic Recall,0.7771938775510203,0.031410000323694294
Synthetic F1,0.8265047594603074,0.018371472879574417
Synthetic Precision,0.7950822682180234,0.02282646004080195
Synthetic Recall,0.8612925170068028,0.027734800545236693
