Metric,Mean,Standard Deviation
Overall F1,0.5811689533328973,0.03267728527330273
Overall Precision,0.6798529096250918,0.02516266305643673
Overall Recall,0.6178750000000001,0.023122355158608048
Authentic F1,0.7042462,0.013882740231065066
Authentic Precision,1.0,0.0
Authentic Recall,0.9094500000000002,0.026589804000174133
Synthetic F1,0.45809175360760385,0.055330759830295645
Synthetic Precision,0.7846468195659263,0.04099340517806873
Synthetic Recall,0.3263,0.05444680473135724
