Metric,Mean,Standard Deviation
Overall F1,0.7878655733147781,0.014599981281250386
Overall Precision,0.7895633148077222,0.014422858322748072
Overall Recall,0.7881320224719103,0.014540369741887734
Authentic F1,0.7948753,0.013707749150673059
Authentic Precision,1.0,0.0
Authentic Recall,0.820955056179775,0.01698404360945383
Synthetic F1,0.7808559756030193,0.01597218708854047
Synthetic Precision,0.8085085126168221,0.01588546436265442
Synthetic Recall,0.7553089887640451,0.02162198989991609
