,Key,Count,Mean Score
0,TTR,100,0.06272710578872695
1,mean_sen_len,100,0.044702314080579696
2,don,100,0.0247741694587945
3,sentiment,100,0.022169822161404347
4,it,92,0.015644256196001623
6,lex_density,92,0.015105908330130062
7,i,80,0.014931796651547697
10,NN,76,0.014686790583701911
11,VBP,53,0.013974454033627577
8,so,45,0.014293749125517362
15,DT,39,0.013927733525963552
5,my,37,0.014343892494259854
14,and,30,0.013948058287710395
19,PRP,17,0.013692920338801413
12,any,9,0.013762977094846305
9,VBD,7,0.013521214416260299
18,that,7,0.013556242243216944
17,a,7,0.013585840486752043
20,the,3,0.013342166423435678
21,you,2,0.013871202981182638
13,IN,1,0.012969036154802218
16,NNS,1,0.013171790762975274
22,me,1,0.013412625536607357
23,now,1,0.013732653620617024
