Metric,Mean,Standard Deviation
Overall F1,0.8684587966934916,0.011767401001481447
Overall Precision,0.8709390187738191,0.011851903633473196
Overall Recall,0.8686535764375876,0.011746843453108159
Authentic F1,0.8731207000000001,0.011548030594701489
Authentic Precision,1.0,0.0
Authentic Recall,0.9053370786516856,0.01795969706453023
Synthetic F1,0.8638098205059286,0.01225927204191512
Synthetic Precision,0.8984370792395321,0.01703888210400087
Synthetic Recall,0.8320728291316526,0.017424330164819344
