Metric,Mean,Standard Deviation
Overall F1,0.9801520152224801,0.0073329190808041015
Overall Precision,0.9804228920159888,0.007171105935777243
Overall Recall,0.9801554404145079,0.007329566554032091
Authentic F1,0.97994,0.0074919124070661315
Authentic Precision,1.0,0.0
Authentic Recall,0.9707253886010363,0.012527678391096692
Synthetic F1,0.9803645646234248,0.007177215476980127
Synthetic Precision,0.9714091171005731,0.011886644650171885
Synthetic Recall,0.9895854922279793,0.00738265066479956
