Metric,Mean,Standard Deviation
Overall F1,0.9825844321050002,0.0069002598343410005
Overall Precision,0.9830253864566934,0.0065712411786060885
Overall Recall,0.982589605734767,0.006894545054311543
Authentic F1,0.9823141333333335,0.007109437148663139
Authentic Precision,1.0,0.0
Authentic Recall,0.9692114695340504,0.013138383327901938
Synthetic F1,0.982855361884127,0.006692461032772817
Synthetic Precision,0.9701716322326869,0.012322104182974525
Synthetic Recall,0.9959677419354838,0.004529761237577372
