,Key,Count,Mean Score
0,TTR,300,0.22480422675137088
1,RB,300,0.05234867224553133
2,a,300,0.03984494948693497
3,the,300,0.0488131700504496
4,mean_sen_len,300,0.03488838772960912
5,DT,300,0.030229817729205254
6,IN,300,0.030734665685456807
8,VBG,296,0.022364037435768633
7,and,273,0.020643546212106553
9,i,254,0.01853105159288919
10,or,65,0.017759100297727686
12,VBN,8,0.015830564192006888
11,NN,2,0.012684121306394945
13,was,2,0.015312665155374095
