Metric,Mean,Standard Deviation
Overall F1,0.3358560105919463,0.004215032947498885
Overall Precision,0.40363945792385664,0.17912797188265095
Overall Recall,0.49889999999999995,0.0030218062696528167
Authentic F1,0.6649138999999998,0.0024374137208247374
Authentic Precision,0.19,0.3942772444036626
Authentic Recall,0.9943500000000001,0.005534784402651872
Synthetic F1,0.0067988559706050255,0.00773435441546173
Synthetic Precision,0.30783333333333335,0.35724390024865493
Synthetic Recall,0.0034500000000000004,0.003937324631336011
