Metric,Mean,Standard Deviation
Overall F1,0.918638424116137,0.013862227133132262
Overall Precision,0.9191625127694876,0.013838908515179181
Overall Recall,0.9186631016042779,0.013855356262721207
Authentic F1,0.9194197999999999,0.013795083004864855
Authentic Precision,1.0,0.0
Authentic Recall,0.9282887700534759,0.020096660320680658
Synthetic F1,0.9178570729996417,0.01403702576249905
Synthetic Precision,0.9272482935780216,0.018927756053068793
Synthetic Recall,0.9090374331550802,0.01988570232535928
