Metric,Mean,Standard Deviation
Overall F1,0.8637349279161005,0.014766050903105529
Overall Precision,0.8662618196364923,0.014600731116837696
Overall Recall,0.8639401496259351,0.014714177544733491
Authentic F1,0.8683073,0.014070371108873214
Authentic Precision,1.0,0.0
Authentic Recall,0.89935,0.02104174542439508
Synthetic F1,0.8591856325861632,0.015836486515658433
Synthetic Precision,0.8926306996139415,0.019818321353744544
Synthetic Recall,0.8287064676616914,0.024375647918751048
