Metric,Mean,Standard Deviation
Overall F1,0.7634781570771237,0.021124433920089593
Overall Precision,0.7653030030699516,0.02156363772464999
Overall Recall,0.763818181818182,0.021134490784968075
Authentic F1,0.7692089,0.022699778973471186
Authentic Precision,1.0,0.0
Authentic Recall,0.7864248704663213,0.039374519496163135
Synthetic F1,0.7577178830171435,0.021903750194722838
Synthetic Precision,0.7767094723359651,0.030618814725803554
Synthetic Recall,0.7410937500000001,0.034311770679285376
