Metric,Mean,Standard Deviation
Overall F1,0.8975254065087722,0.014527009104986034
Overall Precision,0.8983142120624946,0.014378602559170114
Overall Recall,0.8975749999999999,0.014505550139463341
Authentic F1,0.8961756,0.0149715301081011
Authentic Precision,1.0,0.0
Authentic Recall,0.88455,0.023225888986041412
Synthetic F1,0.8988752136167948,0.014322242551041055
Synthetic Precision,0.8879426415405512,0.019642025315197036
Synthetic Recall,0.9106000000000001,0.0219535782040103
