Metric,Mean,Standard Deviation
Overall F1,0.9928411995950054,0.00430348107481606
Overall Precision,0.9929023401466146,0.004254416492813588
Overall Recall,0.9928415300546447,0.0043030870287825585
Authentic F1,0.9928129,0.004340185094735683
Authentic Precision,1.0,0.0
Authentic Recall,0.9899453551912568,0.00783338526183421
Synthetic F1,0.9928718096240498,0.004267500619747133
Synthetic Precision,0.990066444832425,0.007668859535471439
Synthetic Recall,0.9957377049180326,0.004632861132714031
