Metric,Mean,Standard Deviation
Overall F1,0.4044620652096543,0.021264677487708886
Overall Precision,0.6739914378479515,0.04937006831252902
Overall Recall,0.528825,0.01102943147156093
Authentic F1,0.6764962999999998,0.005858879758990026
Authentic Precision,0.99,0.09999999999999999
Authentic Recall,0.9852,0.009291029669699288
Synthetic F1,0.1324275188971586,0.038045131772325144
Synthetic Precision,0.8328537050079688,0.09522233359462336
Synthetic Recall,0.07245,0.022400114988882346
