Metric,Mean,Standard Deviation
Overall F1,0.8484322922390478,0.015361774317240229
Overall Precision,0.8514152666632364,0.015085416566502544
Overall Recall,0.8487115544472152,0.015288518851560066
Authentic F1,0.8540725833333334,0.014611046097395764
Authentic Precision,1.0,0.0
Authentic Recall,0.8877083333333334,0.022565458780445607
Synthetic F1,0.8428204316008607,0.016666971392680956
Synthetic Precision,0.8792942531209883,0.020591962145552128
Synthetic Recall,0.8099087893864013,0.02634875352180527
