Metric,Mean,Standard Deviation
Overall F1,0.3456115943635,0.008851918301626575
Overall Precision,0.6654169184740093,0.16617375598450845
Overall Recall,0.5051749999999999,0.004208202068159829
Authentic F1,0.6687366999999997,0.0020710706034426747
Authentic Precision,0.85,0.3588702812826367
Authentic Recall,0.9989,0.0023115869750961896
Synthetic F1,0.02248820431471155,0.01587333975386826
Synthetic Precision,0.8282222222222222,0.33108546213901546
Synthetic Recall,0.011449999999999998,0.00817408444816033
