,Key,Count,Mean Score
0,PRP,100,0.07561475219238387
1,VB,100,0.05274071901475014
2,of,100,0.06726842301260283
3,sentiment,100,0.059548431856050986
4,NN,100,0.05294651669030157
5,DT,98,0.03776139493378225
6,IN,96,0.03927340401636127
9,have,60,0.03608195374070162
7,to,52,0.035490105962821226
10,NNS,47,0.03392817543546647
8,i,35,0.03194332270674379
11,the,35,0.03355856122473278
12,RB,30,0.03301589388389798
14,mean_sen_len,28,0.0328250286536541
13,which,18,0.0339481736671202
15,a,1,0.026910365501772438
