Metric,Mean,Standard Deviation
Overall F1,0.9077293802828084,0.013721757501596198
Overall Precision,0.9099081490935703,0.01335704299500118
Overall Recall,0.9078499999999998,0.013674701998488848
Authentic F1,0.9106684,0.012940215657110406
Authentic Precision,1.0,0.0
Authentic Recall,0.939,0.018748737331221812
Synthetic F1,0.9047897718390395,0.014677924541515786
Synthetic Precision,0.9353782440915649,0.018409437881717044
Synthetic Recall,0.8766999999999999,0.024661547380323078
