,Key,Count,Mean Score
0,mean_sen_len,100,0.07667348560225871
1,TTR,100,0.040320654915538684
2,VBD,100,0.032602459715953505
5,i,99,0.026988106576751793
3,VB,90,0.02231196279338776
7,me,77,0.02128061436772143
4,so,67,0.021413000927610386
11,sentiment,56,0.020423764617893626
17,my,54,0.021166520893465955
12,of,51,0.021345835302236556
13,have,25,0.02185709096372663
10,not,24,0.020296638741535346
23,because,22,0.019408475229003564
21,PRP$,19,0.020147703123371205
22,been,12,0.018845607332749835
25,VBZ,11,0.019173086989352307
19,the,11,0.018542849841263077
9,is,10,0.019294992713148367
14,as,9,0.019315547988488824
24,NNS,9,0.018698256160745552
8,don,8,0.01864903298377491
26,do,8,0.01778406180525749
15,to,8,0.018369961895300886
6,NN,6,0.01820083863930583
20,with,5,0.018505884939287204
16,VBN,5,0.018496251973228635
18,am,5,0.018129711072916065
27,in,5,0.019578323559288915
28,at,2,0.018473468862530058
29,VBP,1,0.018175869164108502
30,when,1,0.020287375537756773
