Metric,Mean,Standard Deviation
Overall F1,0.9510940497268531,0.01111004315280454
Overall Precision,0.9527704406749297,0.01029472340860312
Overall Recall,0.9511437908496733,0.011073717947862341
Authentic F1,0.9496790999999998,0.011856167989018979
Authentic Precision,1.0,0.0
Authentic Recall,0.9240522875816995,0.021861230491098494
Synthetic F1,0.952508593678776,0.010391102286014427
Synthetic Precision,0.928381868966008,0.018997160621668552
Synthetic Recall,0.9782352941176472,0.010875604649266988
