Metric,Mean,Standard Deviation
Overall F1,0.8150788141903658,0.022605110430421203
Overall Precision,0.8182380930460651,0.021892908557351178
Overall Recall,0.8154723127035832,0.022411964261029826
Authentic F1,0.80833,0.02553401541932532
Authentic Precision,1.0,0.0
Authentic Recall,0.7773376623376623,0.038942395731918635
Synthetic F1,0.8218711197022575,0.020589121181232645
Synthetic Precision,0.7930711641768049,0.02842469194879244
Synthetic Recall,0.8538562091503269,0.02850498026324567
