Metric,Mean,Standard Deviation
Overall F1,0.8054379789098609,0.01969873753969977
Overall Precision,0.8142370398382992,0.019318057815872168
Overall Recall,0.8066333333333333,0.019416093096346017
Authentic F1,0.8202080666666667,0.017628406772783278
Authentic Precision,1.0,0.0
Authentic Recall,0.8820583333333334,0.024131068330088372
Synthetic F1,0.7906680879659153,0.022489057210297606
Synthetic Precision,0.8616154332910029,0.02492914071752511
Synthetic Recall,0.7312083333333333,0.03025080386265261
