Metric,Mean,Standard Deviation
Overall F1,0.4043847759790602,0.02042487680906414
Overall Precision,0.4821202526640973,0.04031406891588525
Overall Recall,0.49134999999999995,0.017362082801090396
Authentic F1,0.6311915,0.018037473583704233
Authentic Precision,0.32,0.4688261722621506
Authentic Recall,0.8717000000000001,0.04203906312327653
Synthetic F1,0.17757814176006384,0.039957217067929755
Synthetic Precision,0.4693091956517906,0.07101086470274043
Synthetic Recall,0.111,0.029267142951877906
