Metric,Mean,Standard Deviation
Overall F1,0.47480292090167064,0.028201093724654732
Overall Precision,0.4822167485417212,0.027919981696128308
Overall Recall,0.4835750000000001,0.02620879401724512
Authentic F1,0.5346957,0.03502818288856486
Authentic Precision,0.23,0.42295258468165076
Authentic Recall,0.5967,0.06554056496983876
Synthetic F1,0.41491022642772435,0.050942056494259945
Synthetic Precision,0.4779523261652501,0.034277546070741745
Synthetic Recall,0.3704500000000001,0.06664808453149403
