Metric,Mean,Standard Deviation
Overall F1,0.8626007689063192,0.017968061126568104
Overall Precision,0.8672207238465429,0.0172112987534746
Overall Recall,0.8630104166666667,0.01780927868933787
Authentic F1,0.8695831333333335,0.01633728100647424
Authentic Precision,1.0,0.0
Authentic Recall,0.9129583333333333,0.02191568322288802
Synthetic F1,0.855618725259464,0.01999285226582381
Synthetic Precision,0.903793318424155,0.02184853259808091
Synthetic Recall,0.8130624999999999,0.030568595248526346
