Metric,Mean,Standard Deviation
Overall F1,0.598961012813047,0.029098118580125596
Overall Precision,0.6027931027253934,0.029705030369217792
Overall Recall,0.6008,0.029067754358297847
Authentic F1,0.5823493,0.03764205807163959
Authentic Precision,1.0,0.0
Authentic Recall,0.55955,0.06072830285523191
Synthetic F1,0.6155728394735624,0.03488294702484234
Synthetic Precision,0.5940336899521917,0.029642581048041097
Synthetic Recall,0.64205,0.061730495222410454
