Metric,Mean,Standard Deviation
Overall F1,0.9251794207224432,0.015382861839645011
Overall Precision,0.9272561744509459,0.014454233635924851
Overall Recall,0.9252699228791773,0.015316699538508586
Authentic F1,0.9229259000000001,0.01654309750135669
Authentic Precision,1.0,0.0
Authentic Recall,0.8945128205128207,0.026514568331231884
Synthetic F1,0.9274443414545155,0.014277184541363126
Synthetic Precision,0.9007026125091149,0.022517163905672162
Synthetic Recall,0.9561855670103094,0.013677195723816163
