Metric,Mean,Standard Deviation
Overall F1,0.7391670518950381,0.021473255032945667
Overall Precision,0.7422355073802988,0.02134041604440785
Overall Recall,0.7398250000000002,0.021335626652303062
Authentic F1,0.7505851,0.020844059468861007
Authentic Precision,1.0,0.0
Authentic Recall,0.7833500000000001,0.030945169822664337
Synthetic F1,0.727749500099139,0.02402910715943711
Synthetic Precision,0.7633311651597539,0.025973119742070738
Synthetic Recall,0.6963000000000001,0.034027766439907396
