Metric,Mean,Standard Deviation
Overall F1,0.9344337127422538,0.01341293536040054
Overall Precision,0.9372867978846591,0.012550867922350769
Overall Recall,0.9345521698984304,0.013349589066054796
Authentic F1,0.9371420666666668,0.012425474119157058
Authentic Precision,1.0,0.0
Authentic Recall,0.971804788213628,0.01374193301441385
Synthetic F1,0.9317107236573305,0.014461521566210328
Synthetic Precision,0.9695821448610741,0.01430047191466931
Synthetic Recall,0.8970925925925929,0.023954320584288872
