Metric,Mean,Standard Deviation
Overall F1,0.5232241496322395,0.029390795218242012
Overall Precision,0.6443303504051394,0.035627167719088755
Overall Recall,0.578075,0.02149364188345338
Authentic F1,0.6844231,0.014980953206648698
Authentic Precision,1.0,0.0
Authentic Recall,0.9150999999999999,0.027505554994501663
Synthetic F1,0.3620248729852787,0.04863832004209725
Synthetic Precision,0.741814506525516,0.06062488074682952
Synthetic Recall,0.24104999999999996,0.040646884160033626
