Metric,Mean,Standard Deviation
Overall F1,0.8951519272472278,0.01043327930062233
Overall Precision,0.8957044904099347,0.010330596136551708
Overall Recall,0.8951893408134641,0.0104211624376156
Authentic F1,0.8967691999999999,0.010344972006640803
Authentic Precision,1.0,0.0
Authentic Recall,0.909355742296919,0.015524772791658134
Synthetic F1,0.8935298152967196,0.010680551462213663
Synthetic Precision,0.9066957203547882,0.01425790343087321
Synthetic Recall,0.8809831460674158,0.015609972685866464
