,Key,Count,Mean Score
0,lex_density,100,0.0604060507303384
1,sentiment,100,0.045769103199204325
2,a,100,0.03357848461503452
3,must,100,0.03110537701776134
9,which,99,0.028363345502944518
10,VB,95,0.025096434989081224
4,VBD,93,0.026545297506253375
7,PRP,87,0.024103431423703494
6,here,72,0.024025361598630234
5,an,65,0.02394656950646023
12,and,50,0.0235355463270702
11,male_pronouns,20,0.022790614191531892
8,as,19,0.02281852676113184
