Metric,Mean,Standard Deviation
Overall F1,0.9278426075828042,0.013170740093731521
Overall Precision,0.9318642407866893,0.01211441702824994
Overall Recall,0.9280138169257338,0.013090705105004208
Authentic F1,0.9244708333333334,0.01433096454493496
Authentic Precision,1.0,0.0
Authentic Recall,0.8826943005181346,0.02373657831225309
Synthetic F1,0.9312144923523362,0.012068704043040028
Synthetic Precision,0.8928643491754349,0.019460401908920934
Synthetic Recall,0.9733333333333334,0.01269005304324286
