Metric,Mean,Standard Deviation
Overall F1,0.45383475692702774,0.02844096844400726
Overall Precision,0.46223634578275674,0.0297071739435793
Overall Recall,0.46525000000000005,0.02801852742004616
Authentic F1,0.5271004,0.036078386151727065
Authentic Precision,0.12,0.3265986323710904
Authentic Recall,0.5990000000000001,0.0643302715553404
Synthetic F1,0.3805689738101077,0.04645887792920881
Synthetic Precision,0.4523452938993319,0.03686449237000605
Synthetic Recall,0.3315000000000001,0.057421443923174054
