Metric,Mean,Standard Deviation
Overall F1,0.9106573364161373,0.013300394562961544
Overall Precision,0.9119374675254598,0.01315738858399525
Overall Recall,0.910725,0.013277796268107671
Authentic F1,0.9127475999999999,0.012794188715541487
Authentic Precision,1.0,0.0
Authentic Recall,0.93375,0.017913583244188295
Synthetic F1,0.9085669984869722,0.013932062203643444
Synthetic Precision,0.9308719003379712,0.017410576405914945
Synthetic Recall,0.8877000000000002,0.021253876651737523
