Metric,Mean,Standard Deviation
Overall F1,0.978977461512251,0.007152962837526265
Overall Precision,0.9793793986568297,0.006878927444896324
Overall Recall,0.978982905982906,0.007147620401712401
Authentic F1,0.9786854999999999,0.007367812902974943
Authentic Precision,1.0,0.0
Authentic Recall,0.9668547008547009,0.013689273994173416
Synthetic F1,0.9792695554946833,0.006941785255309219
Synthetic Precision,0.9678195161836508,0.012846677611057188
Synthetic Recall,0.9911111111111113,0.006211508898974103
