Metric,Mean,Standard Deviation
Overall F1,0.8630318535458692,0.01683671003396704
Overall Precision,0.8716344122313485,0.015939836523205343
Overall Recall,0.8637750000000001,0.01660783175967218
Authentic F1,0.8728222000000001,0.014885285567440168
Authentic Precision,1.0,0.0
Authentic Recall,0.9344500000000001,0.019474082750925596
Synthetic F1,0.8532416392248436,0.019109828595407278
Synthetic Precision,0.9240882254239109,0.020890305580503046
Synthetic Recall,0.7930999999999999,0.02821078667546306
