Metric,Mean,Standard Deviation
Overall F1,0.9381970823101368,0.008224870453174512
Overall Precision,0.9383460821271749,0.008210184893272625
Overall Recall,0.9382022471910113,0.008223530889174994
Authentic F1,0.9384705999999997,0.008199283760293836
Authentic Precision,1.0,0.0
Authentic Recall,0.9426123595505619,0.011399718786121327
Synthetic F1,0.9379239724894828,0.008281865598563486
Synthetic Precision,0.9422135358644668,0.010868324299667415
Synthetic Recall,0.9337921348314607,0.011490248881556935
