,Key,Count,Mean Score
0,mean_sen_len,100,0.07659996431908934
1,don,100,0.03782773459186011
2,or,100,0.03343909609944753
3,so,100,0.03231908717432316
4,VBG,100,0.028800931527405874
6,you,100,0.02490887086613545
8,some,82,0.021055966648644592
5,am,69,0.020865436877404477
7,because,63,0.01952732210474829
11,been,63,0.019553950266119145
9,has,27,0.019062620787470903
13,any,27,0.019208531303369598
10,here,22,0.019232112861536685
14,very,20,0.01840521425550186
16,sentiment,17,0.018500985889133553
17,VB,4,0.01709005920385122
12,TTR,3,0.016555035331460882
15,have,3,0.01924583081453275
