Metric,Mean,Standard Deviation
Overall F1,0.9255346020887611,0.012840239511376111
Overall Precision,0.929951861613448,0.011528877659569657
Overall Recall,0.9257402361489555,0.01273833656948741
Authentic F1,0.9293876999999999,0.01156998147280005
Authentic Precision,1.0,0.0
Authentic Recall,0.9734420289855071,0.012100189550838076
Synthetic F1,0.921660324427061,0.014181481372236357
Synthetic Precision,0.9706836138946477,0.012863267546898996
Synthetic Recall,0.8777777777777779,0.02446172831041072
