Metric,Mean,Standard Deviation
Overall F1,0.5084757004473343,0.02734182666062881
Overall Precision,0.5101989932853791,0.027267298560644984
Overall Recall,0.5101249999999999,0.026900900720904494
Authentic F1,0.5261956000000001,0.029241393323074526
Authentic Precision,0.61,0.4902071300001973
Authentic Recall,0.54545,0.04705517393379174
Synthetic F1,0.49075608453449204,0.04087828665444845
Synthetic Precision,0.510324698408856,0.02907680720330125
Synthetic Recall,0.47480000000000006,0.05830917248563553
