,Key,Count,Mean Score
0,PRP,100,0.0757177605405729
1,of,100,0.06665551804021237
2,sentiment,100,0.05882101535514666
3,VB,100,0.052811076585861316
4,NN,100,0.05306836705282538
7,IN,97,0.03957053624051369
9,DT,96,0.03740901266594819
6,to,54,0.036352351918407605
5,have,54,0.035181184761111796
12,NNS,47,0.033901769384003785
11,the,41,0.03230024534983908
8,RB,34,0.032975689093847536
10,mean_sen_len,31,0.03247063134000623
13,which,26,0.031850035652916074
14,i,20,0.0340538421345348
