Metric,Mean,Standard Deviation
Overall F1,0.9231709298021564,0.014776658328231107
Overall Precision,0.9271592832791369,0.013568260440628142
Overall Recall,0.9233557046979866,0.014675143926314601
Authentic F1,0.9267232333333334,0.013469580066559378
Authentic Precision,1.0,0.0
Authentic Recall,0.9679194630872484,0.014949235558904353
Synthetic F1,0.9196191221974143,0.01616966126291246
Synthetic Precision,0.9650568970034807,0.015635454293535713
Synthetic Recall,0.878791946308725,0.02698812939271366
