Metric,Mean,Standard Deviation
Overall F1,0.8232940439675235,0.018800729946254275
Overall Precision,0.8379453023205262,0.01670218060066562
Overall Recall,0.8249874055415615,0.018200925903189603
Authentic F1,0.8067468999999999,0.02306566111378908
Authentic Precision,1.0,0.0
Authentic Recall,0.7305527638190952,0.035860124775249365
Synthetic F1,0.8399247573677551,0.01517529619094599
Synthetic Precision,0.7732748894042529,0.022621068872634386
Synthetic Recall,0.9198989898989898,0.02102717435521449
