Metric,Mean,Standard Deviation
Overall F1,0.9586329798788891,0.009925318316537732
Overall Precision,0.960857908518575,0.008889757892493227
Overall Recall,0.9586879432624112,0.00988522675450323
Authentic F1,0.9600744000000001,0.009222336015272675
Authentic Precision,1.0,0.0
Authentic Recall,0.9915425531914897,0.006471389536127512
Synthetic F1,0.9571914861854011,0.010637519207166178
Synthetic Precision,0.9910031072998569,0.006805264408033083
Synthetic Recall,0.9258333333333333,0.01925487947714065
