Metric,Mean,Standard Deviation
Overall F1,0.33384959420553223,0.003376250048424552
Overall Precision,0.3450099624683064,0.17031352038815703
Overall Recall,0.4977249999999999,0.0035903736335209996
Authentic F1,0.6642443999999997,0.0030407134064561366
Authentic Precision,0.14,0.348735088019777
Authentic Recall,0.9937,0.006690110294873757
Synthetic F1,0.0034562091405682823,0.005500352456563379
Synthetic Precision,0.19116666666666668,0.3396411174525575
Synthetic Recall,0.0017500000000000003,0.002786602145113564
