Metric,Mean,Standard Deviation
Overall F1,0.3984646536344168,0.02686300378081181
Overall Precision,0.4801842340957327,0.048178003892047724
Overall Recall,0.4940249999999999,0.017085254880844895
Authentic F1,0.6378319,0.012018752577753337
Authentic Precision,0.33,0.4725815626252608
Authentic Recall,0.8912500000000001,0.02430212818547864
Synthetic F1,0.1590974149261368,0.047962063939201334
Synthetic Precision,0.4636293946709306,0.08711981548116669
Synthetic Recall,0.09680000000000001,0.03236877158214957
