Metric,Mean,Standard Deviation
Overall F1,0.7083381986084264,0.030003225401798332
Overall Precision,0.7497811437505391,0.023686504706411475
Overall Recall,0.717975,0.026635149462105278
Authentic F1,0.7605507999999999,0.018765521935052844
Authentic Precision,1.0,0.0
Authentic Recall,0.8945500000000002,0.023149655843155988
Synthetic F1,0.6561251229187184,0.042749200854523335
Synthetic Precision,0.8374802577510044,0.030716517475613558
Synthetic Recall,0.5414000000000001,0.053819188497273435
