Metric,Mean,Standard Deviation
Overall F1,0.9207956820497687,0.01558218767615165
Overall Precision,0.9224458364441428,0.01514835442892672
Overall Recall,0.920867724867725,0.015544063570615585
Authentic F1,0.9189207666666668,0.016412247825160042
Authentic Precision,1.0,0.0
Authentic Recall,0.8952531645569621,0.025559379159253368
Synthetic F1,0.9226828167122062,0.01485293279384394
Synthetic Precision,0.9003216757953026,0.02194722563152678
Synthetic Recall,0.9466454352441614,0.01876953961374923
