Metric,Mean,Standard Deviation
Overall F1,0.8228158470039193,0.021669619906978476
Overall Precision,0.8366210743832546,0.02105693749049427
Overall Recall,0.8244500000000001,0.021211953462540165
Authentic F1,0.8065532999999998,0.02562909119072751
Authentic Precision,1.0,0.0
Authentic Recall,0.7337000000000002,0.03969339562906727
Synthetic F1,0.8390781484727233,0.018802124589170213
Synthetic Precision,0.7754901017481596,0.02531402144543584
Synthetic Recall,0.9152,0.0306241470711983
