,Key,Count,Mean Score
0,PRP,100,0.07556056210393988
1,of,100,0.06687138923081676
3,VB,100,0.05210025519015754
5,sentiment,100,0.06031019126025555
4,NN,100,0.05394639871057432
2,IN,99,0.038451750032917974
7,DT,97,0.038221847071399945
8,have,72,0.035033916765582124
6,to,51,0.035620334275788174
11,the,39,0.031560555494502054
10,NNS,37,0.03405628785727865
12,RB,31,0.03142710910678884
14,i,29,0.032070966676673
13,mean_sen_len,28,0.032470040328814974
9,which,17,0.03294105307571181
