Metric,Mean,Standard Deviation
Overall F1,0.893587053008783,0.01590618744535776
Overall Precision,0.8958941048370044,0.015577495894520767
Overall Recall,0.8937373737373737,0.01585320446798696
Authentic F1,0.8899876999999999,0.016953419768574667
Authentic Precision,1.0,0.0
Authentic Recall,0.8605218855218855,0.025370348868579855
Synthetic F1,0.8971865899424438,0.015046870672651128
Synthetic Precision,0.86966501910533,0.02075650597064847
Synthetic Recall,0.9269528619528619,0.019772201739994284
