Metric,Mean,Standard Deviation
Overall F1,0.4150703060666762,0.02103544514171997
Overall Precision,0.7237779345841073,0.03251324201434001
Overall Recall,0.5372,0.01105701477604041
Authentic F1,0.6822627,0.005545365496966769
Authentic Precision,1.0,0.0
Authentic Recall,0.9935999999999998,0.005863773391242063
Synthetic F1,0.14787818605996375,0.037073553826199014
Synthetic Precision,0.9280439008298922,0.06248576255350721
Synthetic Recall,0.0808,0.021993111869332404
