Metric,Mean,Standard Deviation
Overall F1,0.3430120721562715,0.00914094486250536
Overall Precision,0.5435791504365559,0.152127792638922
Overall Recall,0.501725,0.005083830080050693
Authentic F1,0.6659079000000001,0.003200324571607758
Authentic Precision,0.51,0.5024183937956914
Authentic Recall,0.9931500000000001,0.005845441978087882
Synthetic F1,0.0201172179811262,0.01624319739805313
Synthetic Precision,0.5862835497835498,0.30233069802958934
Synthetic Recall,0.0103,0.008463230035055329
