Metric,Mean,Standard Deviation
Overall F1,0.5233275858025364,0.024510823935462774
Overall Precision,0.5436840532723785,0.02578589429502229
Overall Recall,0.5380749999999999,0.02261294603281113
Authentic F1,0.4430923,0.04267352700185184
Authentic Precision,0.97,0.1714466079977653
Authentic Recall,0.3705,0.05492648898226785
Synthetic F1,0.6035628982064106,0.02713008704391085
Synthetic Precision,0.5286163929192498,0.017423276696991997
Synthetic Recall,0.70565,0.05690526861336828
