Metric,Mean,Standard Deviation
Overall F1,0.875713385449128,0.016492678670221386
Overall Precision,0.8849199327318426,0.014655598842708435
Overall Recall,0.8764285714285714,0.016199982220055274
Authentic F1,0.8848537333333333,0.014128200033367013
Authentic Precision,1.0,0.0
Authentic Recall,0.9486394557823129,0.016770824330412933
Synthetic F1,0.8665730950491767,0.019101817739663678
Synthetic Precision,0.9403418786294457,0.018150276515851552
Synthetic Recall,0.8042176870748299,0.030257809040678367
