Metric,Mean,Standard Deviation
Overall F1,0.40312983600194463,0.024057785928278747
Overall Precision,0.41194700759687114,0.026969893882342753
Overall Recall,0.4240999999999999,0.024570862270731828
Authentic F1,0.5116325,0.032213720502859707
Authentic Precision,0.0,0.0
Authentic Recall,0.6057,0.05840480470065122
Synthetic F1,0.2946271096956899,0.04120505815657332
Synthetic Precision,0.3801842524270483,0.03678224278906717
Synthetic Recall,0.2425,0.0451456677116566
