Metric,Mean,Standard Deviation
Overall F1,0.9147279504347133,0.014041688668894905
Overall Precision,0.9189401632316571,0.012878159278871818
Overall Recall,0.9149565217391307,0.013935837474089099
Authentic F1,0.9190356000000002,0.012683930366229291
Authentic Precision,1.0,0.0
Authentic Recall,0.9613294797687858,0.014504949303857727
Synthetic F1,0.9103953192722467,0.01551269422255471
Synthetic Precision,0.9574188962866919,0.015149523747725973
Synthetic Recall,0.868313953488372,0.026845553012740598
