Metric,Mean,Standard Deviation
Overall F1,0.8553700678809402,0.017071694180452655
Overall Precision,0.8584467208080221,0.017266028986003577
Overall Recall,0.855635910224439,0.01704264826019441
Authentic F1,0.8607518999999999,0.0165595384149182
Authentic Precision,1.0,0.0
Authentic Recall,0.8948500000000001,0.02528079680051022
Synthetic F1,0.8500150225698,0.01802894738677175
Synthetic Precision,0.8870674899113494,0.023966764309127617
Synthetic Recall,0.8166169154228855,0.026439792065388594
