Metric,Mean,Standard Deviation
Overall F1,0.9694959847578918,0.010497236942193155
Overall Precision,0.97104340707642,0.009624033667236612
Overall Recall,0.9695294117647059,0.010470209171653427
Authentic F1,0.9705137,0.009907413371161564
Authentic Precision,1.0,0.0
Authentic Recall,0.99609375,0.00603112651650426
Synthetic F1,0.9684702918596567,0.01109686271710922
Synthetic Precision,0.9958822162484949,0.006301088546746644
Synthetic Recall,0.9427559055118111,0.02026443899943054
