Metric,Mean,Standard Deviation
Overall F1,0.5248591895168517,0.0243512716120867
Overall Precision,0.5634569864591981,0.02292329851682968
Overall Recall,0.5519182180851064,0.02119283464924069
Authentic F1,0.6398623499999999,0.02129340827951907
Authentic Precision,0.965,0.18424093903932007
Authentic Recall,0.784883064516129,0.030960382939435576
Synthetic F1,0.4053284781440983,0.03360818996953715
Synthetic Precision,0.5842567001344399,0.04291714304899463
Synthetic Recall,0.31191287878787877,0.035611178309286395
