domain,mean,min,max,std
RAID_overall_random_forest,0.5519182180851063,0.5078125,0.6409574468085106,0.02119283464924069
