Metric,Mean,Standard Deviation
Overall F1,0.9708123429305725,0.0057113079374163525
Overall Precision,0.9708760407585919,0.005695394134031969
Overall Recall,0.9708134642356241,0.005710823848213809
Authentic F1,0.9709208000000001,0.00568645096752453
Authentic Precision,1.0,0.0
Authentic Recall,0.9731092436974791,0.007616750453840766
Synthetic F1,0.970703832632054,0.005741443658246935
Synthetic Precision,0.9729622930302193,0.007465853546507438
Synthetic Recall,0.9685112359550563,0.008027800805045865
