Metric,Mean,Standard Deviation
Overall F1,0.8606215511016673,0.015505529382781824
Overall Precision,0.8671775643681365,0.01498029660654463
Overall Recall,0.8612000000000001,0.015359661191549504
Authentic F1,0.8692518000000002,0.014027869185980806
Authentic Precision,1.0,0.0
Authentic Recall,0.9225,0.01989238725510516
Synthetic F1,0.8519913709474775,0.01735130821296538
Synthetic Precision,0.9121428345206541,0.020327129473086212
Synthetic Recall,0.7999,0.026864606282375882
