Metric,Mean,Standard Deviation
Overall F1,0.48798812002580066,0.02448258639733259
Overall Precision,0.4949619970876546,0.026098074003197174
Overall Recall,0.49500000000000005,0.024687440065136297
Authentic F1,0.5418983,0.0339624075616532
Authentic Precision,0.42,0.49604496374885826
Authentic Recall,0.60025,0.06136237372438348
Synthetic F1,0.43407800059136536,0.03808449350766932
Synthetic Precision,0.49444082476114204,0.03178708953782923
Synthetic Recall,0.38975000000000004,0.05207984836825666
