Metric,Mean,Standard Deviation
Overall F1,0.4068516469575856,0.01890322404403803
Overall Precision,0.7251847372793162,0.03142945836646781
Overall Recall,0.5332749999999999,0.009499435124088577
Authentic F1,0.6806179,0.004614697051680416
Authentic Precision,1.0,0.0
Authentic Recall,0.9945,0.0052943652150473225
Synthetic F1,0.13308584204776636,0.03371801588271594
Synthetic Precision,0.9330110181362536,0.061431991567299074
Synthetic Recall,0.07204999999999999,0.01958012546260399
