Metric,Mean,Standard Deviation
Overall F1,0.6611607487568122,0.047379574241698696
Overall Precision,0.7297104219173444,0.028086552261574724
Overall Recall,0.6806874999999999,0.03766249342255529
Authentic F1,0.740445,0.022073078557032423
Authentic Precision,1.0,0.0
Authentic Recall,0.9078499999999999,0.03070163598672401
Synthetic F1,0.5818760787272094,0.07489975149229594
Synthetic Precision,0.8327162540378866,0.03736530950467674
Synthetic Recall,0.453525,0.08920897139800148
