Metric,Mean,Standard Deviation
Overall F1,0.7789289000661337,0.020575206321731123
Overall Precision,0.782853127933941,0.020554800771940118
Overall Recall,0.7795749999999999,0.020455837501280362
Authentic F1,0.7896846999999998,0.019572557961636393
Authentic Precision,1.0,0.0
Authentic Recall,0.8279,0.029320417266588617
Synthetic F1,0.7681733613817475,0.022884374615196743
Synthetic Precision,0.810205809856229,0.02636677553842652
Synthetic Recall,0.73125,0.03314625533034227
