,Key,Count,Mean Score
0,TTR,100,0.03651627069626942
1,sentiment,100,0.02658210590102065
3,mean_sen_len,100,0.03568405392771849
6,i,100,0.03094215812285437
2,don,95,0.02467143067569121
7,VBD,94,0.02122701099347436
4,VBP,93,0.020208296497926766
5,lex_density,88,0.01871032905071869
10,so,69,0.01969593162537201
11,NN,47,0.017214167712009655
12,me,26,0.017124565660095285
14,DT,24,0.016978147123466285
16,but,14,0.017329285290109558
13,my,13,0.01726596346808682
8,RB,12,0.01643084767970379
15,just,11,0.017801349184108896
23,have,3,0.015615651919704538
21,VBZ,2,0.01647599883726296
20,NNS,2,0.017235083692303768
18,to,2,0.01673071259316336
22,and,2,0.016379639275149634
9,of,1,0.016995716345066154
19,the,1,0.015295168826317356
17,a,1,0.016346560738626198
