Metric,Mean,Standard Deviation
Overall F1,0.8153260080063472,0.019714600769278993
Overall Precision,0.8183810465398573,0.01945474981880887
Overall Recall,0.8157207207207208,0.019606266673345217
Authentic F1,0.8227399333333333,0.018797639875220606
Authentic Precision,1.0,0.0
Authentic Recall,0.8554954954954955,0.027905223655368707
Synthetic F1,0.8079122430227084,0.021549077467631177
Synthetic Precision,0.8436930943529478,0.025155121960668474
Synthetic Recall,0.775945945945946,0.03194709011839025
