Metric,Mean,Standard Deviation
Overall F1,0.7960098015155052,0.020705382466459435
Overall Precision,0.7980557519215578,0.02060523368031708
Overall Recall,0.7963128491620113,0.020640094806468747
Authentic F1,0.8022296999999999,0.01998169856861195
Authentic Precision,1.0,0.0
Authentic Recall,0.8264245810055868,0.029102051335234514
Synthetic F1,0.7897897514318172,0.022532217791005654
Synthetic Precision,0.8159391012173812,0.025111854151441747
Synthetic Recall,0.7662011173184355,0.03366384495450206
