,Key,Count,Mean Score
0,TTR,100,0.12211317402679281
1,DT,100,0.04380196035531729
2,mean_sen_len,100,0.04668115529891392
3,the,100,0.038208958967882095
4,lex_density,100,0.02983464268554054
5,RB,99,0.024428309171749842
6,JJ,90,0.024530163371376437
7,is,88,0.02203228130865201
9,NNS,87,0.021978947465803117
10,a,78,0.021679640040046046
8,VBG,32,0.021623105130657926
11,of,18,0.02030073621861049
13,VBZ,7,0.019873317656738883
12,that,1,0.018751400217704408
