Metric,Mean,Standard Deviation
Overall F1,0.919687117822131,0.01318760880233467
Overall Precision,0.920979259026722,0.012864810256021094
Overall Recall,0.9197442455242966,0.013160100133585874
Authentic F1,0.9180151666666666,0.013848101314099857
Authentic Precision,1.0,0.0
Authentic Recall,0.8972448979591835,0.022182680362862854
Synthetic F1,0.9213676309468629,0.012630747270514291
Synthetic Precision,0.9016371079704728,0.018997713341286256
Synthetic Recall,0.9423589743589743,0.01685696769731908
