Metric,Mean,Standard Deviation
Overall F1,0.8767545987852141,0.030098034747089945
Overall Precision,0.879298364460491,0.02712543077988935
Overall Recall,0.8770249999999998,0.029562668839076222
Authentic F1,0.8781232,0.02465372735480071
Authentic Precision,1.0,0.0
Authentic Recall,0.8805,0.025589020688529307
Synthetic F1,0.8753862720058906,0.0360556865840395
Synthetic Precision,0.8802559210293225,0.020036082978682777
Synthetic Recall,0.8735499999999999,0.06616971979827192
