Metric,Mean,Standard Deviation
Overall F1,0.513556510969666,0.03307758559214713
Overall Precision,0.6400917003264702,0.03359008662543803
Overall Recall,0.572625,0.021896724421795147
Authentic F1,0.6823833000000001,0.013336707834720192
Authentic Precision,1.0,0.0
Authentic Recall,0.9179500000000002,0.02548613209753353
Synthetic F1,0.34472959396781,0.05729895822047923
Synthetic Precision,0.7368636677387661,0.057756869003016846
Synthetic Recall,0.22730000000000003,0.048327690370693864
