Metric,Mean,Standard Deviation
Overall F1,0.9382171289430307,0.012984894640087232
Overall Precision,0.9404725907331413,0.012380187760067187
Overall Recall,0.938298969072165,0.012945403677891284
Authentic F1,0.9403369999999999,0.012241850597871468
Authentic Precision,1.0,0.0
Authentic Recall,0.9714432989690722,0.012970568861767895
Synthetic F1,0.9360970895216298,0.013766216964339694
Synthetic Precision,0.9695621494942052,0.013488068859618913
Synthetic Recall,0.905154639175258,0.021385305954545228
