Metric,Mean,Standard Deviation
Overall F1,0.3382208702919312,0.005424860912109578
Overall Precision,0.47619233365595337,0.18719274935010505
Overall Recall,0.49964999999999987,0.003693086634360047
Authentic F1,0.6650554999999998,0.0030034863160176162
Authentic Precision,0.36,0.48241815132442184
Authentic Recall,0.9934999999999998,0.006981215777883808
Synthetic F1,0.011387699326776064,0.010155539495970622
Synthetic Precision,0.452563492063492,0.37304791880809535
Synthetic Recall,0.0058000000000000005,0.005208772708739856
