Metric,Mean,Standard Deviation
Overall F1,0.9682208698325048,0.008851927297485528
Overall Precision,0.9684476859794325,0.008787418911108862
Overall Recall,0.968225,0.008849863036091346
Authentic F1,0.9684362999999998,0.00874366317784924
Authentic Precision,1.0,0.0
Authentic Recall,0.97445,0.011121346295945633
Synthetic F1,0.9680051124177127,0.008970014434883083
Synthetic Precision,0.9742485082152496,0.010956467501246235
Synthetic Recall,0.9619999999999999,0.013998556924183152
