Metric,Mean,Standard Deviation
Overall F1,0.8005037446211828,0.019009572876162402
Overall Precision,0.8028880145842986,0.01884235700280258
Overall Recall,0.800827067669173,0.018923961307249305
Authentic F1,0.7942122,0.02088950442551983
Authentic Precision,1.0,0.0
Authentic Recall,0.7676333333333334,0.03192904270591185
Synthetic F1,0.8068267239938139,0.018236958527187857
Synthetic Precision,0.7819287129060523,0.023065249852944947
Synthetic Recall,0.8341876046901172,0.027854675847943464
