Metric,Mean,Standard Deviation
Overall F1,0.8492429075237606,0.017653571419140594
Overall Precision,0.8558782382171664,0.017196831556104377
Overall Recall,0.8498900169204737,0.017484031437589465
Authentic F1,0.8587009333333333,0.01605493136701475
Authentic Precision,1.0,0.0
Authentic Recall,0.9120304568527918,0.02223000297193113
Synthetic F1,0.8397851389430389,0.019695742821383092
Synthetic Precision,0.9000648598881814,0.02273782258057981
Synthetic Recall,0.7877495769881557,0.028735316784602283
