Metric,Mean,Standard Deviation
Overall F1,0.3647959451927597,0.010723396750311717
Overall Precision,0.5002920736425285,0.10489648223309168
Overall Recall,0.5130334190231363,0.0066300070254637815
Authentic F1,0.6740038999999999,0.005144216502465894
Authentic Precision,1.0,0.0
Authentic Recall,0.9791999999999998,0.011907047399661178
Synthetic F1,0.037591927860456224,0.020673159138427516
Synthetic Precision,0.4859299173049173,0.21279050613920494
Synthetic Recall,0.019735449735449672,0.01109990756794327
