Metric,Mean,Standard Deviation
Overall F1,0.9471082524847253,0.013019783954187056
Overall Precision,0.9487457526239012,0.012273690335106117
Overall Recall,0.9471612903225807,0.012982649013857735
Authentic F1,0.9455994999999998,0.013832198520448254
Authentic Precision,1.0,0.0
Authentic Recall,0.9206451612903224,0.023973694227308977
Synthetic F1,0.9486172653785161,0.012236708890467123
Synthetic Precision,0.925125782161205,0.02102642442046977
Synthetic Recall,0.9736774193548388,0.012119572304176643
