Metric,Mean,Standard Deviation
Overall F1,0.3841750144281801,0.021478963495206286
Overall Precision,0.4791732110350241,0.05230339537893766
Overall Recall,0.49355,0.014660208633294314
Authentic F1,0.6432334000000001,0.013198113212260165
Authentic Precision,0.3,0.4605661864718382
Authentic Recall,0.9137000000000002,0.03171543294468304
Synthetic F1,0.12511645271714875,0.04159263962168182
Synthetic Precision,0.4618936747047144,0.09710531964805653
Synthetic Recall,0.0734,0.027162808798395315
