Metric,Mean,Standard Deviation
Overall F1,0.9544242235880368,0.01032107702826977
Overall Precision,0.9551845928858352,0.010074766632547832
Overall Recall,0.9544444444444445,0.010308446185543269
Authentic F1,0.9535812999999999,0.010703667421623647
Authentic Precision,1.0,0.0
Authentic Recall,0.9367724867724868,0.01673796436951905
Synthetic F1,0.9552674311385593,0.009958144474497409
Synthetic Precision,0.9391584963373414,0.015146458183105704
Synthetic Recall,0.9721164021164022,0.011326866300825819
