Metric,Mean,Standard Deviation
Overall F1,0.4127987619186326,0.024355093723918492
Overall Precision,0.7195695745097416,0.03385176337387109
Overall Recall,0.53595,0.012681908692338402
Authentic F1,0.6816043,0.006195786488584097
Authentic Precision,1.0,0.0
Authentic Recall,0.9932,0.005295319068800679
Synthetic F1,0.14399393596361892,0.04291817195880634
Synthetic Precision,0.9202745690642005,0.06477476937865383
Synthetic Recall,0.07869999999999999,0.025322366047078267
