Metric,Mean,Standard Deviation
Overall F1,0.9081446341668149,0.01395329725130761
Overall Precision,0.9147481998613943,0.012210270329349071
Overall Recall,0.9085241730279899,0.013783015118095335
Authentic F1,0.9139841000000001,0.012235841629979502
Authentic Precision,1.0,0.0
Authentic Recall,0.9682741116751269,0.012252084352042197
Synthetic F1,0.9022754462815092,0.015773653527563866
Synthetic Precision,0.9639867738352046,0.013311956922653221
Synthetic Recall,0.8484693877551021,0.02648121084439192
