Metric,Mean,Standard Deviation
Overall F1,0.3561126022264226,0.007129571775404559
Overall Precision,0.5121855551337354,0.17794807449262634
Overall Recall,0.5146015424164525,0.004298178647466837
Authentic F1,0.6778646000000002,0.003111226793664543
Authentic Precision,1.0,0.0
Authentic Recall,0.99335,0.006744058365133216
Synthetic F1,0.015633623081526007,0.013371703905607464
Synthetic Precision,0.5097619047619047,0.36453497117172967
Synthetic Recall,0.007989417989417925,0.006912753989230399
