Metric,Mean,Standard Deviation
Overall F1,0.33980718091006074,0.007627280164675167
Overall Precision,0.42823393258691866,0.12325308459363878
Overall Recall,0.495,0.006542402487086092
Authentic F1,0.6598537999999999,0.005591059020409006
Authentic Precision,0.17,0.3775251680686369
Authentic Recall,0.9797500000000001,0.012700413577931443
Synthetic F1,0.019761010894414746,0.013811355251980932
Synthetic Precision,0.359020646020646,0.24386084866363877
Synthetic Recall,0.010249999999999999,0.0072604852774898225
