Metric,Mean,Standard Deviation
Overall F1,0.5578073452011902,0.026477852140680033
Overall Precision,0.5599245035086526,0.026626896804524448
Overall Recall,0.559175,0.026333273398474175
Authentic F1,0.5517611,0.03870225339653619
Authentic Precision,0.98,0.14070529413628965
Authentic Recall,0.546,0.06314965390149646
Synthetic F1,0.5638537250411667,0.03260221748000492
Synthetic Precision,0.55866419770653,0.027495421395374753
Synthetic Recall,0.57235,0.05709046073619223
