Metric,Mean,Standard Deviation
Overall F1,0.3453449944364449,0.00883001286333309
Overall Precision,0.6592998402831901,0.16375737658700593
Overall Recall,0.504775,0.00471531729279347
Authentic F1,0.6684005999999998,0.0027317729544651904
Authentic Precision,0.81,0.3942772444036625
Authentic Recall,0.9982,0.004175445297730946
Synthetic F1,0.02229106734027435,0.015552157186354207
Synthetic Precision,0.8161904761904762,0.3259710556387974
Synthetic Recall,0.011349999999999997,0.008004260229289264
