,Key,Count,Mean Score
0,of,100,0.06734640565361909
1,PRP,100,0.07625943510653022
2,NN,100,0.05426038895454495
3,VB,100,0.05078115313313934
6,sentiment,100,0.05974403822805471
5,DT,99,0.03866801098107004
4,IN,97,0.03949845199159758
10,to,58,0.03572964701302646
8,have,57,0.03452952257978055
13,NNS,45,0.033253595892948934
9,RB,41,0.03175339323009821
7,the,31,0.03306063286174508
12,i,31,0.03139658015827201
11,mean_sen_len,22,0.03213019273107993
14,which,19,0.03178624776408853
