Metric,Mean,Standard Deviation
Overall F1,0.9572867502907886,0.011303016339738885
Overall Precision,0.9588708266832378,0.010528664197670649
Overall Recall,0.9573280423280424,0.0112720290200362
Authentic F1,0.9585247999999998,0.01065292556962262
Authentic Precision,1.0,0.0
Authentic Recall,0.9843386243386243,0.008863759904688105
Synthetic F1,0.9560485044068551,0.011966331865325846
Synthetic Precision,0.983515024120189,0.009154351848720573
Synthetic Recall,0.9303174603174602,0.020458208242646377
