Metric,Mean,Standard Deviation
Overall F1,0.9796740225648408,0.005432736403156143
Overall Precision,0.9797897723402135,0.005371872484085613
Overall Recall,0.9796755994358252,0.005431593980901773
Authentic F1,0.9798303,0.005350556934100456
Authentic Precision,1.0,0.0
Authentic Recall,0.9853802816901407,0.005756175584095924
Synthetic F1,0.979517575579192,0.005518492337359068
Synthetic Precision,0.9852007646542955,0.005751582621963691
Synthetic Recall,0.9739548022598872,0.009054693982538928
