Metric,Mean,Standard Deviation
Overall F1,0.9439229661856,0.011749257647859356
Overall Precision,0.9481411166590621,0.010142660921742506
Overall Recall,0.9440700808625335,0.0116667846875077
Authentic F1,0.9467840999999999,0.010625540137904623
Authentic Precision,1.0,0.0
Authentic Recall,0.9903763440860213,0.00701593188230667
Synthetic F1,0.9410467532605508,0.012894413964883746
Synthetic Precision,0.9894105218043844,0.007604431482697973
Synthetic Recall,0.8975135135135133,0.02322628564505637
