Metric,Mean,Standard Deviation
Overall F1,0.3705386355394476,0.033434929364611225
Overall Precision,0.48744717860307263,0.0985482001861981
Overall Recall,0.4980000000000001,0.02127857555800617
Authentic F1,0.6531790000000001,0.016364579543525205
Authentic Precision,0.37,0.4852365870939097
Authentic Recall,0.9460000000000001,0.03609751103650087
Synthetic F1,0.08789809660328178,0.06144924205094736
Synthetic Precision,0.4759317824443285,0.18736412684616
Synthetic Recall,0.05000000000000001,0.037672163717948556
