Metric,Mean,Standard Deviation
Overall F1,0.9320288789655866,0.012630244159401836
Overall Precision,0.9338523390057688,0.012400236193507122
Overall Recall,0.9321,0.012606716183419565
Authentic F1,0.9340759,0.012140966720949033
Authentic Precision,1.0,0.0
Authentic Recall,0.96175,0.015231794896123557
Synthetic F1,0.9299822591606309,0.013173745400399806
Synthetic Precision,0.9595472709998876,0.015524036671897026
Synthetic Recall,0.9024500000000001,0.018862808792848323
