Metric,Mean,Standard Deviation
Overall F1,0.9747079869674333,0.00914423879038705
Overall Precision,0.9751158517639266,0.008903481376990713
Overall Recall,0.9747146118721461,0.009138204766027402
Authentic F1,0.9750271333333335,0.008917791981668814
Authentic Precision,1.0,0.0
Authentic Recall,0.9857305936073059,0.009726132792276496
Synthetic F1,0.9743887837193974,0.009378304784363405
Synthetic Precision,0.9855111429597332,0.00974513503611961
Synthetic Recall,0.9636986301369863,0.016036183856521884
