Metric,Mean,Standard Deviation
Overall F1,0.3443637222875591,0.007330565395330027
Overall Precision,0.5832452324152556,0.16142128767081698
Overall Recall,0.503,0.004438126822992967
Authentic F1,0.6668577999999998,0.0029098004305200204
Authentic Precision,0.64,0.4824181513244218
Authentic Recall,0.99485,0.00519590942448719
Synthetic F1,0.02187137234791416,0.012684838094683432
Synthetic Precision,0.6649761904761905,0.3209664422366863
Synthetic Recall,0.011149999999999998,0.006507765369234674
