Metric,Mean,Standard Deviation
Overall F1,0.9940454456140775,0.004982047338399893
Overall Precision,0.9941096719937883,0.004918726120357226
Overall Recall,0.9940458015267175,0.0049815146074107305
Authentic F1,0.9940456000000001,0.00498863948174128
Authentic Precision,1.0,0.0
Authentic Recall,0.9941221374045801,0.0077373623203180935
Synthetic F1,0.9940460290780897,0.0049769109537023334
Synthetic Precision,0.9941870366577932,0.007589817128018794
Synthetic Recall,0.9939694656488549,0.007461630170262494
