Metric,Mean,Standard Deviation
Overall F1,0.9310127237859543,0.013185689676389275
Overall Precision,0.931941667668594,0.01287412737994586
Overall Recall,0.9310478771454381,0.013164926965997026
Authentic F1,0.9299794666666668,0.013760015423820137
Authentic Precision,1.0,0.0
Authentic Recall,0.9144324324324323,0.022976466068955776
Synthetic F1,0.9320520660349556,0.012694467240091049
Synthetic Precision,0.9172618893137536,0.020267265853569836
Synthetic Recall,0.9477536231884058,0.016981441006856005
