Metric,Mean,Standard Deviation
Overall F1,0.8643448628521636,0.01697187706823028
Overall Precision,0.8771562540438613,0.014852151656198846
Overall Recall,0.8654358974358975,0.016578122638393658
Authentic F1,0.8524159666666666,0.020008085691598867
Authentic Precision,1.0,0.0
Authentic Recall,0.7788034188034187,0.03033548823417852
Synthetic F1,0.876274272238528,0.014166054086575218
Synthetic Precision,0.8119909577216782,0.020936116075177265
Synthetic Recall,0.9520683760683759,0.015631179353352728
