Metric,Mean,Standard Deviation
Overall F1,0.8427752559486765,0.020646811432222013
Overall Precision,0.8466780084555757,0.020000820282018588
Overall Recall,0.8432138979370251,0.020472139707742244
Authentic F1,0.8504107000000001,0.0189269219479753
Authentic Precision,1.0,0.0
Authentic Recall,0.888160173160173,0.02681824378022085
Synthetic F1,0.8350897484041153,0.023045487087454235
Synthetic Precision,0.8770831397765521,0.025681428748706634
Synthetic Recall,0.7979738562091502,0.035313805817071504
