Metric,Mean,Standard Deviation
Overall F1,0.9745918015775704,0.007277140396139989
Overall Precision,0.9751343496409706,0.0070278218419738804
Overall Recall,0.9745999999999999,0.007271085673315023
Authentic F1,0.9749996999999999,0.007056993301296623
Authentic Precision,1.0,0.0
Authentic Recall,0.98945,0.007450001694800167
Synthetic F1,0.9741844893475978,0.007502243031758244
Synthetic Precision,0.9891934447981099,0.00757493649344758
Synthetic Recall,0.95975,0.01328352438933358
