Metric,Mean,Standard Deviation
Overall F1,0.4400921689980677,0.02900622396393855
Overall Precision,0.4434678763033065,0.03078379691810944
Overall Recall,0.4453000000000001,0.029814832590914248
Authentic F1,0.397834,0.041381027468435756
Authentic Precision,0.02,0.14070529413628965
Authentic Recall,0.36920000000000003,0.05661637697181039
Synthetic F1,0.4823500342727365,0.04729748789596553
Synthetic Precision,0.45096277332836926,0.02876417478606355
Synthetic Recall,0.5214000000000001,0.07601196078130193
