Metric,Mean,Standard Deviation
Overall F1,0.9781520349185187,0.008748943871074914
Overall Precision,0.9792005485351606,0.007955968156789058
Overall Recall,0.9781694915254239,0.008730197206595142
Authentic F1,0.9787729999999999,0.008301045632079056
Authentic Precision,1.0,0.0
Authentic Recall,0.9997972972972973,0.0011584230270119348
Synthetic F1,0.9775266744543564,0.009202461582589852
Synthetic Precision,0.9997916599683841,0.0011906594567486683
Synthetic Recall,0.9563945578231291,0.017673194369503927
