Metric,Mean,Standard Deviation
Overall F1,0.8257610597990326,0.022151046540893417
Overall Precision,0.8275441242789882,0.02174696232888055
Overall Recall,0.825980392156863,0.022058976352201512
Authentic F1,0.8208168000000002,0.02418998694593373
Authentic Precision,1.0,0.0
Authentic Recall,0.7984313725490195,0.03502781168109823
Synthetic F1,0.8307056701524596,0.020690667589185946
Synthetic Precision,0.8097150230933601,0.027473304171323872
Synthetic Recall,0.853529411764706,0.025712676370162942
