Metric,Mean,Standard Deviation
Overall F1,0.8730634983800896,0.01995461930168157
Overall Precision,0.8748966591628948,0.018906620458901856
Overall Recall,0.8732249999999999,0.019801078304481343
Authentic F1,0.8759048,0.018372780617978424
Authentic Precision,1.0,0.0
Authentic Recall,0.8941500000000001,0.027285018274177918
Synthetic F1,0.8702223705825649,0.022138469859742806
Synthetic Precision,0.8903279931808167,0.02420109830773662
Synthetic Recall,0.8523000000000001,0.03833280632048795
