Metric,Mean,Standard Deviation
Overall F1,0.8587344265737155,0.0201291800881574
Overall Precision,0.8599027002619937,0.019999219435889486
Overall Recall,0.8588419913419914,0.020094176975256613
Authentic F1,0.8565620999999999,0.020966608504092394
Authentic Precision,1.0,0.0
Authentic Recall,0.8437878787878788,0.03174062853130607
Synthetic F1,0.8609069520345293,0.019830047693601992
Synthetic Precision,0.8491105222906197,0.02601956934299283
Synthetic Recall,0.8738961038961038,0.02884758330538938
