Metric,Mean,Standard Deviation
Overall F1,0.9618085291172563,0.010882414133663058
Overall Precision,0.9639286208815921,0.009677677372573166
Overall Recall,0.9618589743589742,0.010838254936092945
Authentic F1,0.9604983666666665,0.011659481436013553
Authentic Precision,1.0,0.0
Authentic Recall,0.9303418803418803,0.021586506145202664
Synthetic F1,0.9631188015443066,0.010114593198607956
Synthetic Precision,0.9348651636632718,0.018785822234022528
Synthetic Recall,0.9933760683760685,0.00635282854365462
