Metric,Mean,Standard Deviation
Overall F1,0.5020100270422018,0.03989931845522875
Overall Precision,0.507914311038989,0.03945998535841772
Overall Recall,0.5077999999999999,0.03829424884952693
Authentic F1,0.5439536000000001,0.04055025298579679
Authentic Precision,0.5,0.502518907629606
Authentic Recall,0.5901,0.0696708712664791
Synthetic F1,0.46006602268144897,0.06302985334480107
Synthetic Precision,0.5080307582366245,0.04473213431423953
Synthetic Recall,0.42550000000000004,0.08557736177567551
