Metric,Mean,Standard Deviation
Overall F1,0.8002056804271602,0.023318085265920486
Overall Precision,0.8068638372809321,0.02320522332069136
Overall Recall,0.8011500000000001,0.023086956831890507
Authentic F1,0.7875179999999999,0.026196788337350042
Authentic Precision,1.0,0.0
Authentic Recall,0.7381,0.03704883482130258
Synthetic F1,0.8128936407796484,0.02164039587437012
Synthetic Precision,0.7681318091160929,0.025330139910171648
Synthetic Recall,0.8642,0.032719499638069915
