Metric,Mean,Standard Deviation
Overall F1,0.4696098877500497,0.03134865728297942
Overall Precision,0.4728699403648248,0.03118775052621021
Overall Recall,0.4740750000000001,0.02953053333399007
Authentic F1,0.5110542,0.030737637645733343
Authentic Precision,0.16,0.3684529491774707
Authentic Recall,0.5512,0.05006621877699835
Synthetic F1,0.42816567638205405,0.04967791827135657
Synthetic Precision,0.4678814938208899,0.03797990471919797
Synthetic Recall,0.39695,0.061950187712191455
