Metric,Mean,Standard Deviation
Overall F1,0.9782788064127902,0.007333746880762018
Overall Precision,0.9784102444667213,0.00730065407272616
Overall Recall,0.9782804232804233,0.0073327336198999275
Authentic F1,0.9782954,0.007355824383686457
Authentic Precision,1.0,0.0
Authentic Recall,0.9794179894179896,0.011720466120502556
Synthetic F1,0.9782620754535984,0.007318040857051996
Synthetic Precision,0.9795152680517181,0.011435227167508664
Synthetic Recall,0.977142857142857,0.010253022921177255
