Metric,Mean,Standard Deviation
Overall F1,0.8678864452334933,0.01599220221096628
Overall Precision,0.8685926617005506,0.01591651124285212
Overall Recall,0.8679458333333332,0.01597625038068413
Authentic F1,0.8659978666666666,0.016700569697156664
Authentic Precision,1.0,0.0
Authentic Recall,0.8539916666666666,0.024299636588847498
Synthetic F1,0.8697750681917789,0.015546413152982726
Synthetic Precision,0.8583745774159951,0.02061735068113523
Synthetic Recall,0.8819,0.020328983214327974
