Metric,Mean,Standard Deviation
Overall F1,0.44796918824227866,0.03511144567526944
Overall Precision,0.5751454371534027,0.04946398184599629
Overall Recall,0.5305249999999999,0.02173153169238123
Authentic F1,0.6606401,0.01505448948072476
Authentic Precision,0.95,0.21904291355759037
Authentic Recall,0.9142,0.033011476424988556
Synthetic F1,0.23529891120396193,0.06356225036721762
Synthetic Precision,0.6328244257080042,0.08795856399213382
Synthetic Recall,0.14685000000000004,0.04636076689476466
