Metric,Mean,Standard Deviation
Overall F1,0.9775391127763835,0.005416009390673712
Overall Precision,0.9780204909715952,0.005204091769886082
Overall Recall,0.9775458392101551,0.005411524016241239
Authentic F1,0.9779220000000001,0.00524326407706289
Authentic Precision,1.0,0.0
Authentic Recall,0.9923380281690141,0.004755561177347372
Synthetic F1,0.9771558748644089,0.005591797109362813
Synthetic Precision,0.9921072995769948,0.004854181036219778
Synthetic Recall,0.9627118644067795,0.009981329119772916
