Metric,Mean,Standard Deviation
Overall F1,0.35266667992699774,0.010622182491399566
Overall Precision,0.5531640292051747,0.09323599009959985
Overall Recall,0.5033750000000001,0.005928605112997369
Authentic F1,0.6649778,0.003953340124681164
Authentic Precision,0.61,0.4902071300001973
Authentic Recall,0.9857499999999999,0.008114552334907928
Synthetic F1,0.04035635211661573,0.019249561847349658
Synthetic Precision,0.6046051448551448,0.18393520222085022
Synthetic Recall,0.021,0.010249414863810764
