Metric,Mean,Standard Deviation
Overall F1,0.958487714325114,0.008597000181993369
Overall Precision,0.9605882574708123,0.007980276723803392
Overall Recall,0.9585372340425533,0.008570995076202835
Authentic F1,0.959882,0.00809162380227701
Authentic Precision,1.0,0.0
Authentic Recall,0.9910638297872341,0.006799236107374557
Synthetic F1,0.9570933362093812,0.009110856550792157
Synthetic Precision,0.9904780272996391,0.007191040706362835
Synthetic Recall,0.9260106382978723,0.014951359467415173
