Metric,Mean,Standard Deviation
Overall F1,0.7988125096209366,0.019718914899666335
Overall Precision,0.8012862297179062,0.019621833464227786
Overall Recall,0.7991708542713567,0.01963908493555352
Authentic F1,0.8059392333333334,0.018977238903492333
Authentic Precision,1.0,0.0
Authentic Recall,0.8342881072026802,0.028347319470957807
Synthetic F1,0.7916862010706431,0.021530848183761695
Synthetic Precision,0.8224242922592797,0.024844166962479722
Synthetic Recall,0.7640536013400335,0.03192928479083041
