Metric,Mean,Standard Deviation
Overall F1,0.4091162476380868,0.023773525826611158
Overall Precision,0.5274394761072114,0.04051994844368988
Overall Recall,0.50925,0.013373518987200425
Authentic F1,0.6519314,0.010111416591899946
Authentic Precision,0.73,0.4461960433384737
Authentic Recall,0.9194499999999999,0.025195147440438884
Synthetic F1,0.1663012443274149,0.04542247154424782
Synthetic Precision,0.549749633572613,0.07396108284211962
Synthetic Recall,0.09904999999999997,0.030539715820947687
