Metric,Mean,Standard Deviation
Overall F1,0.9801236721297859,0.006575694223010273
Overall Precision,0.9802418854686245,0.0065445234547744585
Overall Recall,0.9801250000000001,0.006574889099191463
Authentic F1,0.9801874999999999,0.006569250741373042
Authentic Precision,1.0,0.0
Authentic Recall,0.9836499999999999,0.010171633163466002
Synthetic F1,0.9800591001256245,0.006585804343597399
Synthetic Precision,0.9836395216134326,0.00999492486887209
Synthetic Recall,0.9765999999999999,0.009014018263378736
