Metric,Mean,Standard Deviation
Overall F1,0.9440976765711012,0.010695352875274405
Overall Precision,0.9469368311421587,0.009620612089940741
Overall Recall,0.944185463659148,0.010642199900518751
Authentic F1,0.9420548666666667,0.011564827499760625
Authentic Precision,1.0,0.0
Authentic Recall,0.9068666666666668,0.020605764906456547
Synthetic F1,0.946150892414801,0.009842963167864056
Synthetic Precision,0.9133011237977368,0.017492160326628047
Synthetic Recall,0.9816917922948073,0.008496751180175987
