Metric,Mean,Standard Deviation
Overall F1,0.578032897112269,0.04256000211177065
Overall Precision,0.6557792771263141,0.03481806366646125
Overall Recall,0.6103749999999999,0.0317907755345935
Authentic F1,0.693472,0.01908245134920955
Authentic Precision,0.99,0.09999999999999999
Authentic Recall,0.8804,0.02993832043223252
Synthetic F1,0.46259393246780356,0.06975483639009561
Synthetic Precision,0.7388206278393383,0.05130995672597308
Synthetic Recall,0.34035000000000004,0.06958482578693417
