Metric,Mean,Standard Deviation
Overall F1,0.7604095606535599,0.02095801714220803
Overall Precision,0.7675355428370353,0.021019222122909808
Overall Recall,0.7616708648194793,0.020745203020267198
Authentic F1,0.744315,0.02395605622313252
Authentic Precision,1.0,0.0
Authentic Recall,0.6929313232830819,0.033603658393294086
Synthetic F1,0.7765858068548129,0.01943287951475016
Synthetic Precision,0.7296505098386632,0.022071505828142806
Synthetic Recall,0.8307575757575757,0.02933165180761991
