Metric,Mean,Standard Deviation
Overall F1,0.8584486727140228,0.015795540897365654
Overall Precision,0.8590252160929127,0.015854483417649556
Overall Recall,0.8585,0.015791411807330173
Authentic F1,0.8591099999999998,0.015418719502964926
Authentic Precision,1.0,0.0
Authentic Recall,0.8627499999999998,0.02189708481127851
Synthetic F1,0.8577876708349195,0.016589014909168084
Synthetic Precision,0.8619627211411174,0.018829005497570005
Synthetic Recall,0.8542499999999998,0.026802447875543246
