Metric,Mean,Standard Deviation
Overall F1,0.7990390892073655,0.01955463181455363
Overall Precision,0.8094288155997166,0.01830087449403968
Overall Recall,0.8005240549828179,0.019087625783212256
Authentic F1,0.7823750666666667,0.023518385969085093
Authentic Precision,1.0,0.0
Authentic Recall,0.7185395189003437,0.03488131879211109
Synthetic F1,0.8157029422749735,0.016493795629908974
Synthetic Precision,0.7588293717936474,0.022357606189965316
Synthetic Recall,0.8825085910652922,0.023146857657002563
