Metric,Mean,Standard Deviation
Overall F1,0.9552895163628671,0.010451567085077796
Overall Precision,0.958542462979006,0.009136913742485906
Overall Recall,0.9553750000000001,0.010398468952959209
Authentic F1,0.9533830999999999,0.011289282008734094
Authentic Precision,1.0,0.0
Authentic Recall,0.9148499999999999,0.019891815991365476
Synthetic F1,0.9571949590966118,0.009618542136270938
Synthetic Precision,0.9215354098915343,0.01698523952690484
Synthetic Recall,0.9959,0.004459696053419888
