Metric,Mean,Standard Deviation
Overall F1,0.4040263162742233,0.02035033042101163
Overall Precision,0.5247297816899805,0.0456504793839549
Overall Recall,0.5072749999999999,0.01362417173833168
Authentic F1,0.6517908,0.010960129365895814
Authentic Precision,0.67,0.47258156262526074
Authentic Recall,0.9225999999999999,0.024664209541828654
Synthetic F1,0.15626197962224686,0.037237179713732825
Synthetic Precision,0.5454856801107507,0.084129392674402
Synthetic Recall,0.09194999999999999,0.02444221178968297
