Metric,Mean,Standard Deviation
Overall F1,0.9957748920232384,0.003112063562049203
Overall Precision,0.9958024489834023,0.0030809683653377734
Overall Recall,0.9957750000000002,0.0031118663405120942
Authentic F1,0.9957600000000002,0.003133082839761512
Authentic Precision,1.0,0.0
Authentic Recall,0.9939000000000001,0.005531361459528716
Synthetic F1,0.9957879553221457,0.003091250479140624
Synthetic Precision,0.9939532671458109,0.005442252988186965
Synthetic Recall,0.9976500000000001,0.0031346064467102715
