,Key,Count,Mean Score
0,a,100,0.14065582975780921
1,TTR,100,0.11021840441579572
2,and,100,0.07617268000796999
3,the,100,0.0786102124373882
4,for,100,0.04559397996773824
5,DT,100,0.04849492890601556
7,because,100,0.04354919428235884
6,them,88,0.03503826887774702
10,no,81,0.030972122404334758
9,in,49,0.029200662435885205
8,i,43,0.030274944455463422
11,of,39,0.03080216175501916
