Metric,Mean,Standard Deviation
Overall F1,0.8055942919617844,0.018683193304630846
Overall Precision,0.8161176676292236,0.019010919888288933
Overall Recall,0.8070000000000002,0.01847511299841382
Authentic F1,0.8216242,0.01732784698604294
Authentic Precision,1.0,0.0
Authentic Recall,0.8892820512820514,0.02685146060059958
Synthetic F1,0.7895642179163364,0.020953797064644866
Synthetic Precision,0.8682672493158654,0.027166959239855105
Synthetic Recall,0.7247179487179488,0.028341409826044623
