Metric,Mean,Standard Deviation
Overall F1,0.31808715143651406,0.013064913798278486
Overall Precision,0.2885516232540096,0.03667300206877044
Overall Recall,0.44400000000000006,0.02164917709029303
Authentic F1,0.6106858000000001,0.02123374445061302
Authentic Precision,0.0,0.0
Authentic Recall,0.87335,0.043860747274928544
Synthetic F1,0.025488384112952674,0.015524467411373569
Synthetic Precision,0.10751743191123422,0.06624611610200014
Synthetic Recall,0.014650000000000002,0.009080309477216083
