Metric,Mean,Standard Deviation
Overall F1,0.9803922447425236,0.009087337988792289
Overall Precision,0.9806083765883206,0.008965986098105186
Overall Recall,0.9803945578231295,0.009085189766013057
Authentic F1,0.9803545999999999,0.009158951512921855
Authentic Precision,1.0,0.0
Authentic Recall,0.9757452574525746,0.014830392578182127
Synthetic F1,0.9804301732311088,0.009020977148719654
Synthetic Precision,0.97599282617687,0.014335532349344348
Synthetic Recall,0.9850819672131147,0.01111978625928001
