Metric,Mean,Standard Deviation
Overall F1,0.9388605568479115,0.009130207534879088
Overall Precision,0.9413186551498566,0.008523350810387588
Overall Recall,0.9389466292134832,0.009092209123627243
Authentic F1,0.9410723999999999,0.008492094971801775
Authentic Precision,1.0,0.0
Authentic Recall,0.9743539325842697,0.009274820327328522
Synthetic F1,0.9366489554998964,0.009800905960465449
Synthetic Precision,0.9725021660580605,0.00965759699511297
Synthetic Recall,0.9035393258426968,0.016525475719817037
