,Key,Count,Mean Score
0,TTR,100,0.13386423941140588
1,and,100,0.04652603141451697
2,the,100,0.029367893735026292
3,a,100,0.02769294097330914
4,i,100,0.022352485076321725
7,IN,97,0.01910327446747805
5,just,96,0.01988753148788003
9,which,75,0.01747605138901295
6,RB,65,0.01638638491648766
8,VBP,33,0.015653118997840405
10,been,33,0.016422269072515493
11,is,22,0.015227914033272295
17,have,22,0.016032021669721643
12,here,21,0.01623317758147062
14,there,10,0.014798457896521521
20,VBN,9,0.016303029203509005
13,about,5,0.01561707553416108
15,an,5,0.015099971336309494
19,VBZ,3,0.014238746113455249
16,by,2,0.015283990775840865
18,DT,2,0.014821252077508515
