Metric,Mean,Standard Deviation
Overall F1,0.8746319089934323,0.017993718852926503
Overall Precision,0.888292101864479,0.015828676713189348
Overall Recall,0.8756878306878306,0.01760256038232976
Authentic F1,0.8859426999999997,0.015177429138777954
Authentic Precision,1.0,0.0
Authentic Recall,0.9644973544973544,0.01569016228989524
Synthetic F1,0.8633211878391434,0.020984958952330834
Synthetic Precision,0.9570664465960621,0.018321814385913265
Synthetic Recall,0.7868783068783071,0.030474230781594603
