,Key,Count,Mean Score
0,TTR,100,0.06202398357578074
1,the,100,0.058778744556997865
2,DT,100,0.04786297761671417
3,a,100,0.031154055938277563
4,and,100,0.03786322015392031
5,i,100,0.0330380160914824
7,is,100,0.030966091660024796
8,RB,98,0.02484962613969362
6,this,85,0.023096402592237015
10,where,45,0.020684251321505538
12,VBZ,38,0.02030312303360285
9,of,26,0.020587366026554234
13,by,7,0.020073300750863162
11,who,1,0.016953694036853664
