Metric,Mean,Standard Deviation
Overall F1,0.9686844356664114,0.00813061829250317
Overall Precision,0.9688218634753202,0.00809388762249473
Overall Recall,0.9686868686868688,0.008129444999828154
Authentic F1,0.9687272,0.008146301891352325
Authentic Precision,1.0,0.0
Authentic Recall,0.9701010101010101,0.011875550227978704
Synthetic F1,0.9686420906359905,0.008125381137816863
Synthetic Precision,0.9701516456751739,0.01144136421577349
Synthetic Recall,0.9672727272727272,0.011541059572719888
