Metric,Mean,Standard Deviation
Overall F1,0.4204868859326543,0.02317774722674618
Overall Precision,0.5530169184182673,0.043422645746443986
Overall Recall,0.5176750000000001,0.014937813011808581
Authentic F1,0.6575553000000001,0.010418853487303628
Authentic Precision,0.87,0.33799766898963113
Authentic Recall,0.9262500000000001,0.02088176189400643
Synthetic F1,0.18341886030527854,0.04079301232213474
Synthetic Precision,0.596256556870931,0.07895456708974967
Synthetic Recall,0.10910000000000002,0.027241716376012564
