,Key,Count,Mean Score
0,PRP,100,0.07609907094757716
1,of,100,0.06732123292141491
2,sentiment,100,0.06115951732736958
3,NN,100,0.0524362321194205
4,VB,100,0.05286192692066113
5,DT,98,0.03908914315340047
6,IN,94,0.0393587912991991
11,to,58,0.03503500235122091
14,have,52,0.03427643032542975
9,the,48,0.03288101203288502
7,NNS,41,0.03310035876107326
8,RB,33,0.03290238240031433
12,i,28,0.03257204557668396
10,mean_sen_len,27,0.03280270366087833
13,which,21,0.03221793345327788
