Metric,Mean,Standard Deviation
Overall F1,0.3766117681183011,0.01596580009561774
Overall Precision,0.626173440418973,0.07187534244821106
Overall Recall,0.514225,0.008874084104112877
Authentic F1,0.6694333,0.005646854144324318
Authentic Precision,0.95,0.21904291355759034
Authentic Recall,0.9837499999999999,0.011018235573426237
Synthetic F1,0.0837907497604697,0.028657563390614225
Synthetic Precision,0.744992004555472,0.1402988787329314
Synthetic Recall,0.044700000000000004,0.016046334425184106
