Metric,Mean,Standard Deviation
Overall F1,0.3340662830347979,0.0036259374031269434
Overall Precision,0.33993716392099366,0.1469858188844917
Overall Recall,0.49724999999999997,0.0037856053783784788
Authentic F1,0.6637060999999999,0.003283380216554992
Authentic Precision,0.09,0.2876234912646614
Authentic Recall,0.99225,0.0074323548751320445
Synthetic F1,0.004427934757051437,0.006310315504918908
Synthetic Precision,0.18126190476190476,0.2930371996994668
Synthetic Recall,0.0022500000000000003,0.0032078659635969894
