Metric,Mean,Standard Deviation
Overall F1,0.5259518974833244,0.03372931451926201
Overall Precision,0.6466036435825384,0.030769125220249147
Overall Recall,0.580425,0.022808089894738322
Authentic F1,0.6860318,0.013386090578271802
Authentic Precision,1.0,0.0
Authentic Recall,0.9163499999999999,0.02210917584546417
Synthetic F1,0.36587166731765414,0.057213524720398215
Synthetic Precision,0.7447007646609876,0.050197243217269774
Synthetic Recall,0.2445,0.04863541960756625
