Metric,Mean,Standard Deviation
Overall F1,0.8940052591204701,0.011237430861232512
Overall Precision,0.8950552288938889,0.011108732722289063
Overall Recall,0.8940761636107193,0.011218308359677989
Authentic F1,0.8965491999999999,0.010807351377556848
Authentic Precision,1.0,0.0
Authentic Recall,0.9165915492957747,0.014278897547582497
Synthetic F1,0.8914543003582979,0.01179313791800982
Synthetic Precision,0.9126007719032294,0.013738737420474668
Synthetic Recall,0.8714971751412429,0.01728115083000076
