Metric,Mean,Standard Deviation
Overall F1,0.9715838177197559,0.009220965247851013
Overall Precision,0.9730160379201095,0.008408175258549727
Overall Recall,0.9716091954022992,0.00919902981972181
Authentic F1,0.9723954,0.00873391201182512
Authentic Precision,1.0,0.0
Authentic Recall,0.9975287356321839,0.00393918451625762
Synthetic F1,0.9707732395907998,0.009711010532620194
Synthetic Precision,0.9974048468964045,0.004142909417741321
Synthetic Recall,0.9456896551724138,0.017716187496083755
