Metric,Mean,Standard Deviation
Overall F1,0.8850602589918212,0.014515183453313875
Overall Precision,0.8911305190072024,0.013432686705357213
Overall Recall,0.8854720133667502,0.014362628003949609
Authentic F1,0.8786059,0.016282060675976713
Authentic Precision,1.0,0.0
Authentic Recall,0.82805,0.026183316319971863
Synthetic F1,0.8915474011691602,0.012944848283107997
Synthetic Precision,0.8456184247675634,0.01971875903097124
Synthetic Recall,0.943182579564489,0.01622686141681482
