Metric,Mean,Standard Deviation
Overall F1,0.7393089463149833,0.01969754348459805
Overall Precision,0.7401626971318035,0.019503489045375594
Overall Recall,0.7394973544973545,0.019623013497554603
Authentic F1,0.7424079999999997,0.019834089163087196
Authentic Precision,1.0,0.0
Authentic Recall,0.7512169312169311,0.029664538861669813
Synthetic F1,0.7362101500630079,0.021574721553231927
Synthetic Precision,0.7457439026554353,0.022573572939043735
Synthetic Recall,0.7277777777777777,0.032217957349870416
