Metric,Mean,Standard Deviation
Overall F1,0.550282306605514,0.038311069569553255
Overall Precision,0.5754771384391908,0.03607138561577083
Overall Recall,0.565725,0.032770426970645104
Authentic F1,0.4727432,0.06616397771621899
Authentic Precision,0.99,0.09999999999999999
Authentic Recall,0.39629999999999993,0.08375234053717273
Synthetic F1,0.6278210848471601,0.031005211521618385
Synthetic Precision,0.5503764681230497,0.027875982534015593
Synthetic Recall,0.73515,0.06679705053066311
