Metric,Mean,Standard Deviation
Overall F1,0.45400434452364047,0.030553003796160633
Overall Precision,0.45562913443508785,0.030480927750531395
Overall Recall,0.456625,0.029634505464768833
Authentic F1,0.43387319999999996,0.05146543831710478
Authentic Precision,0.06,0.238683256575942
Authentic Recall,0.4207,0.07162620422242917
Synthetic F1,0.4741351342912581,0.03682640959544917
Synthetic Precision,0.4597159983809813,0.027425428480935255
Synthetic Recall,0.49254999999999993,0.059401454765711154
