Metric,Mean,Standard Deviation
Overall F1,0.404212274885654,0.02510330929926785
Overall Precision,0.47939419067029404,0.040121378030031206
Overall Recall,0.4912750000000001,0.016489570471768945
Authentic F1,0.6308325,0.017217747971265584
Authentic Precision,0.27,0.4461960433384737
Authentic Recall,0.8706,0.04426892108169539
Synthetic F1,0.17759196088457976,0.05224391193775144
Synthetic Precision,0.4638255135043801,0.07121776506435253
Synthetic Recall,0.11194999999999998,0.03952300825871156
