Metric,Mean,Standard Deviation
Overall F1,0.8755302743184064,0.016997220505341238
Overall Precision,0.8824218108553865,0.015228311375895164
Overall Recall,0.8760750000000002,0.01673840261415582
Authentic F1,0.8834610333333334,0.014723441525906166
Authentic Precision,1.0,0.0
Authentic Recall,0.9384333333333332,0.015935296287847713
Synthetic F1,0.8675997809407393,0.01948708311151335
Synthetic Precision,0.9299056531961274,0.016881669938711454
Synthetic Recall,0.8137166666666666,0.030116463828510836
