Metric,Mean,Standard Deviation
Overall F1,0.34460500596469656,0.00857354134352755
Overall Precision,0.5855801670815146,0.1681878494886949
Overall Recall,0.5030499999999999,0.004586156155521557
Authentic F1,0.6668338999999999,0.0030227263414595675
Authentic Precision,0.66,0.47609522856952335
Authentic Recall,0.99465,0.0063267509653674395
Synthetic F1,0.022377593472288626,0.015681385054396542
Synthetic Precision,0.6696190476190477,0.33464784442702744
Synthetic Recall,0.011449999999999998,0.008143132447689038
