Metric,Mean,Standard Deviation
Overall F1,0.8789759778433318,0.016223998732893576
Overall Precision,0.8797096952369516,0.016104522292691246
Overall Recall,0.8790319865319866,0.01620455062411722
Authentic F1,0.8773786000000001,0.01684171642322324
Authentic Precision,1.0,0.0
Authentic Recall,0.8661616161616162,0.02500810737270198
Synthetic F1,0.8805736347368218,0.01587161491923696
Synthetic Precision,0.8699915427284759,0.02126752523047908
Synthetic Recall,0.8919023569023569,0.02164573093483415
