Metric,Mean,Standard Deviation
Overall F1,0.39334410269129433,0.022437494033337155
Overall Precision,0.4931981735963054,0.05284926643138089
Overall Recall,0.4971999999999999,0.01676591660470609
Authentic F1,0.6439324000000001,0.014393503593530301
Authentic Precision,0.41,0.4943110704237103
Authentic Recall,0.9098499999999998,0.03180952623972824
Synthetic F1,0.14275554536752957,0.04062012670501395
Synthetic Precision,0.48797798079960236,0.096768943426559
Synthetic Recall,0.08455000000000004,0.026487037042922167
