Metric,Mean,Standard Deviation
Overall F1,0.8564140597167516,0.01692847343075188
Overall Precision,0.8651778630401051,0.015352187857850787
Overall Recall,0.857225,0.01661695236981217
Authentic F1,0.8668562000000002,0.014422936403695694
Authentic Precision,1.0,0.0
Authentic Recall,0.9288000000000001,0.017867639050879788
Synthetic F1,0.8459720279290655,0.019767699219209792
Synthetic Precision,0.9172845265410312,0.018993560913032764
Synthetic Recall,0.78565,0.030843814762297306
