Metric,Mean,Standard Deviation
Overall F1,0.9830062440600185,0.00653202089064776
Overall Precision,0.9834179376868364,0.006270049320256149
Overall Recall,0.9830107526881722,0.006527646529523548
Authentic F1,0.982755,0.006711017400175215
Authentic Precision,1.0,0.0
Authentic Recall,0.9700537634408601,0.012327755073020589
Synthetic F1,0.9832583853568024,0.006354523296491057
Synthetic Precision,0.9709502216966718,0.011639989357134777
Synthetic Recall,0.9959677419354835,0.004795067661375518
