Metric,Mean,Standard Deviation
Overall F1,0.8872919895196847,0.015970032211505482
Overall Precision,0.8877780919922635,0.015992693123486706
Overall Recall,0.887325,0.015963401165405722
Authentic F1,0.8872434000000001,0.016239128778193352
Authentic Precision,1.0,0.0
Authentic Recall,0.88715,0.024651664151828494
Synthetic F1,0.8873408096354123,0.01594041371791924
Synthetic Precision,0.8876996759648873,0.021990126466700167
Synthetic Recall,0.8875000000000002,0.02215076896309847
