Metric,Mean,Standard Deviation
Overall F1,0.3416076552662417,0.007103860370953561
Overall Precision,0.6031768206683654,0.21168436677286118
Overall Recall,0.5033499999999999,0.0035036056463666806
Authentic F1,0.6679301999999998,0.0018289247158266536
Authentic Precision,0.69,0.4648231987117317
Authentic Recall,0.99895,0.0022802401078603454
Synthetic F1,0.015286998498814987,0.012648040415007271
Synthetic Precision,0.7046666666666667,0.4220831775304587
Synthetic Recall,0.00775,0.006450080259464633
