,Key,Count,Mean Score
0,PRP,100,0.07504499237299035
1,of,100,0.06599821433128814
2,sentiment,100,0.061049752098126325
3,NN,100,0.05252943134168906
4,VB,100,0.05312437846122693
5,IN,98,0.03890751414505669
7,DT,95,0.037930051520013636
9,have,66,0.03563641872730104
14,NNS,51,0.03325328642601582
10,to,44,0.03457916347978504
6,which,31,0.03244986675216128
13,RB,30,0.03272116885228006
11,the,29,0.03261027661686298
8,i,29,0.03218949860763411
12,mean_sen_len,26,0.03267191850724045
15,had,1,0.03232692498004988
