Metric,Mean,Standard Deviation
Overall F1,0.8456064467252843,0.017892459367691026
Overall Precision,0.8567417115754589,0.016727467952793958
Overall Recall,0.8467179487179487,0.017575125521320324
Authentic F1,0.8584046999999999,0.015467279863432264
Authentic Precision,1.0,0.0
Authentic Recall,0.9287179487179488,0.019456074631777637
Synthetic F1,0.8328083809783107,0.020697223309366672
Synthetic Precision,0.9151397388994628,0.021279654428508623
Synthetic Recall,0.7647179487179487,0.029958054694435434
