Metric,Mean,Standard Deviation
Overall F1,0.8874206248298036,0.011949278202723537
Overall Precision,0.8889966965629994,0.011893248588069323
Overall Recall,0.8875280898876408,0.011925352093910095
Authentic F1,0.8905944000000001,0.011465273375535257
Authentic Precision,1.0,0.0
Authentic Recall,0.9155337078651686,0.016268023870107104
Synthetic F1,0.8842472894350122,0.012601808420029312
Synthetic Precision,0.9107746978660692,0.015801003477959423
Synthetic Recall,0.8595224719101122,0.01852330501911504
