Metric,Mean,Standard Deviation
Overall F1,0.44425946768770536,0.029329335122516027
Overall Precision,0.44800282172807615,0.029590484147316704
Overall Recall,0.45054999999999995,0.027831065050015275
Authentic F1,0.49892260000000005,0.027979063912399602
Authentic Precision,0.02,0.14070529413628965
Authentic Recall,0.54815,0.04463462781294361
Synthetic F1,0.3895962836394886,0.04557651011991558
Synthetic Precision,0.43723566991722235,0.03699587632878269
Synthetic Recall,0.35295000000000004,0.053664196254075765
