Metric,Mean,Standard Deviation
Overall F1,0.39683417342499583,0.021170856416906424
Overall Precision,0.495724881421177,0.042464426425925586
Overall Recall,0.49842499999999995,0.014318063571741974
Authentic F1,0.644007,0.011899329197628549
Authentic Precision,0.45,0.5
Authentic Recall,0.9077500000000001,0.027167410289134705
Synthetic F1,0.14966227413112493,0.03932568878271788
Synthetic Precision,0.49232340202981506,0.07721035437493583
Synthetic Recall,0.0891,0.026250348723032387
