Metric,Mean,Standard Deviation
Overall F1,0.9347448357176457,0.013306779218420531
Overall Precision,0.9358293735253793,0.01306770372490968
Overall Recall,0.9347863247863248,0.013288902595417987
Authentic F1,0.9360896333333335,0.012853153128709546
Authentic Precision,1.0,0.0
Authentic Recall,0.9546153846153845,0.016907516760707203
Synthetic F1,0.933400445719158,0.013828484428940127
Synthetic Precision,0.9530406207399664,0.01660000159372969
Synthetic Recall,0.914957264957265,0.022046358844914953
