Metric,Mean,Standard Deviation
Overall F1,0.4200488438382578,0.023230862619820335
Overall Precision,0.5035052802205366,0.03846650742493921
Overall Recall,0.5014749999999999,0.016572061038709306
Authentic F1,0.6368233999999999,0.013888420234355686
Authentic Precision,0.55,0.5
Authentic Recall,0.8746499999999999,0.03110957337469539
Synthetic F1,0.2032748071934036,0.04237086722890267
Synthetic Precision,0.5061560414523121,0.06766268771123592
Synthetic Recall,0.12830000000000003,0.03173612796454253
