Metric,Mean,Standard Deviation
Overall F1,0.33857842354660617,0.008287266977278768
Overall Precision,0.4038338412050559,0.11936062953062383
Overall Recall,0.49335,0.007344516266706688
Authentic F1,0.6584667000000001,0.006535089599286843
Authentic Precision,0.14,0.348735088019777
Authentic Recall,0.97695,0.01514067036131159
Synthetic F1,0.01869028536534822,0.015489834506199437
Synthetic Precision,0.3110693908488026,0.23613870590734923
Synthetic Recall,0.00975,0.008268688657895646
