Metric,Mean,Standard Deviation
Overall F1,0.8002560551232536,0.020490511461326702
Overall Precision,0.8008272526870893,0.02021656425160573
Overall Recall,0.8003439153439154,0.0204278981427664
Authentic F1,0.7995438,0.021679867436882726
Authentic Precision,1.0,0.0
Authentic Recall,0.797037037037037,0.030487589837156232
Synthetic F1,0.8009687232785154,0.020167468455949657
Synthetic Precision,0.7989341615073223,0.024233311788518855
Synthetic Recall,0.8036507936507937,0.026872816683929008
