Metric,Mean,Standard Deviation
Overall F1,0.8445572090631809,0.01993058793387193
Overall Precision,0.8473007176433327,0.02005892781449703
Overall Recall,0.84485342019544,0.019879197700096975
Authentic F1,0.8504726000000001,0.019473210015897024
Authentic Precision,1.0,0.0
Authentic Recall,0.880064935064935,0.030714236486347725
Synthetic F1,0.8386031749080017,0.02111091227920188
Synthetic Precision,0.8711690245580911,0.028410603644339266
Synthetic Recall,0.8094117647058825,0.03144453790242006
