Metric,Mean,Standard Deviation
Overall F1,0.5551969302572645,0.030736121876445973
Overall Precision,0.6485723965326967,0.03224437002251918
Overall Recall,0.59545,0.023739378273410633
Authentic F1,0.6884722000000001,0.016240160196005424
Authentic Precision,1.0,0.0
Authentic Recall,0.89385,0.025857564393493
Synthetic F1,0.4219213844332397,0.04880547472508155
Synthetic Precision,0.7370631622839362,0.05121982985691928
Synthetic Recall,0.29705000000000004,0.043606916094962866
