Metric,Mean,Standard Deviation
Overall F1,0.3435532937432553,0.008605514664338645
Overall Precision,0.5608817605237334,0.1753601232731996
Overall Recall,0.502875,0.004328304191218209
Authentic F1,0.6669378999999998,0.002484526373985655
Authentic Precision,0.6,0.49236596391733095
Authentic Recall,0.9954500000000001,0.004328377119065357
Synthetic F1,0.020170240375561234,0.015523106568401755
Synthetic Precision,0.6203095238095238,0.34909522943447363
Synthetic Recall,0.010299999999999998,0.008003155943157989
