Metric,Mean,Standard Deviation
Overall F1,0.7740974617329285,0.020592055770792164
Overall Precision,0.7804789384866196,0.020345580233983987
Overall Recall,0.7752236286919831,0.02033678741535667
Authentic F1,0.7894553333333334,0.018671702917920273
Authentic Precision,1.0,0.0
Authentic Recall,0.8407575757575756,0.027184828957424724
Synthetic F1,0.7586622217230482,0.023745887544838102
Synthetic Precision,0.8165264182927042,0.025965893089781103
Synthetic Recall,0.7093570219966159,0.03344177281224291
