Metric,Mean,Standard Deviation
Overall F1,0.35053015203050264,0.008426399533860847
Overall Precision,0.6167396599112972,0.10312620099793562
Overall Recall,0.5052249999999999,0.004886269672575523
Authentic F1,0.6674850999999998,0.0032017152899625227
Authentic Precision,0.83,0.3775251680686369
Authentic Recall,0.9932,0.006051963534776354
Synthetic F1,0.0335769713411022,0.014901810596916084
Synthetic Precision,0.7308318903318904,0.20421040409718505
Synthetic Recall,0.017249999999999998,0.007797143999276565
