Metric,Mean,Standard Deviation
Overall F1,0.563079899652345,0.021573163072961088
Overall Precision,0.5646737010555258,0.021603941450543788
Overall Recall,0.5640452261306532,0.02147920971028635
Authentic F1,0.5609242000000001,0.032543203022903255
Authentic Precision,1.0,0.0
Authentic Recall,0.55675,0.054806247339831124
Synthetic F1,0.5652574746647031,0.026604229897520492
Synthetic Precision,0.5616085813847218,0.02373588668654147
Synthetic Recall,0.5714141414141415,0.047622137140829655
