Metric,Mean,Standard Deviation
Overall F1,0.3423556758017834,0.008892165268954725
Overall Precision,0.5305566232463153,0.17611508369937254
Overall Recall,0.501775,0.004875922601120854
Authentic F1,0.6661320999999998,0.003056565146524692
Authentic Precision,0.54,0.5009082659620331
Authentic Recall,0.99405,0.005627089959663118
Synthetic F1,0.018580619488856788,0.015862756842412708
Synthetic Precision,0.5602142857142858,0.35037491331491905
Synthetic Recall,0.009500000000000001,0.008211226608993472
