Metric,Mean,Standard Deviation
Overall F1,0.9128764402127183,0.015489195522203689
Overall Precision,0.9183307277848805,0.014233815326545784
Overall Recall,0.9131782945736434,0.015349668204538239
Authentic F1,0.9179505,0.01390558584919616
Authentic Precision,1.0,0.0
Authentic Recall,0.9669094922737308,0.015024716916860626
Synthetic F1,0.9077690288437442,0.017177364879206087
Synthetic Precision,0.9629196913114716,0.016279531722598585
Synthetic Recall,0.859088888888889,0.027123721564755055
