Metric,Mean,Standard Deviation
Overall F1,0.8018035561386456,0.02041651054865025
Overall Precision,0.8100882137018678,0.019371303124586715
Overall Recall,0.8029749999999999,0.020014814588956424
Authentic F1,0.8163567,0.017523613278468953
Authentic Precision,1.0,0.0
Authentic Recall,0.8755000000000002,0.02425141878594558
Synthetic F1,0.7872501231134685,0.024177534228909475
Synthetic Precision,0.8549200523963585,0.02442494468054597
Synthetic Recall,0.7304500000000002,0.035313137452903806
