Metric,Mean,Standard Deviation
Overall F1,0.8130377605514619,0.019680368842109115
Overall Precision,0.815357694244011,0.0191193255556291
Overall Recall,0.8133502538071067,0.01953918365392197
Authentic F1,0.8066152666666666,0.021949264459123544
Authentic Precision,1.0,0.0
Authentic Recall,0.7796446700507613,0.03302079720636583
Synthetic F1,0.8194602391326175,0.018247895470898303
Synthetic Precision,0.7942490032086963,0.024290972781309542
Synthetic Recall,0.8470558375634518,0.025136646327697264
