Metric,Mean,Standard Deviation
Overall F1,0.8267277554847762,0.01812454437078696
Overall Precision,0.8405319393794674,0.016349820180074515
Overall Recall,0.8282787573467674,0.017631030264907307
Authentic F1,0.8109723000000001,0.021812160450577545
Authentic Precision,1.0,0.0
Authentic Recall,0.7363316582914572,0.032647773391521626
Synthetic F1,0.8425629838046444,0.014938388056925865
Synthetic Precision,0.7770773016157678,0.021257086717709563
Synthetic Recall,0.9206902356902358,0.01934474760275619
