domain,mean,min,max,std
M4_arxiv,0.8179958333333334,0.7891666666666667,0.8508333333333333,0.01112530073496118
M4_peerread,0.9343881118881119,0.9152097902097902,0.9536713286713286,0.00663613962425985
M4_reddit,0.9047041666666666,0.8816666666666667,0.925,0.007719836701579314
M4_wikihow,0.8820341098169717,0.8602329450915142,0.9051580698835274,0.009121644409810387
M4_wikipedia,0.9057076295864881,0.8899242865463017,0.9231217239370996,0.0066870631378695665
