Metric,Mean,Standard Deviation
Overall F1,0.3414006424908033,0.00797600718490566
Overall Precision,0.45909597360866855,0.1307122698192906
Overall Recall,0.49754999999999994,0.0057293767179124756
Authentic F1,0.6620605999999999,0.0044497406166602044
Authentic Precision,0.22,0.4163331998932266
Authentic Recall,0.9843999999999999,0.009542038830905333
Synthetic F1,0.020740634887945017,0.014097641797832504
Synthetic Precision,0.4194380341880342,0.25898426581280626
Synthetic Recall,0.010699999999999998,0.00735190485864072
