Metric,Mean,Standard Deviation
Overall F1,0.47496820213967367,0.033869346884348464
Overall Precision,0.5938174323397141,0.038031915541202464
Overall Recall,0.5447,0.020307869108764053
Authentic F1,0.6653936,0.013221956424769083
Authentic Precision,0.99,0.09974842727441166
Authentic Recall,0.905575,0.031372208278368084
Synthetic F1,0.2845428223082076,0.06207898187819051
Synthetic Precision,0.6613886970750958,0.06605944287571565
Synthetic Recall,0.18382500000000002,0.04904355950217333
