Metric,Mean,Standard Deviation
Overall F1,0.9938939436137769,0.003851272986566558
Overall Precision,0.9939963165773747,0.0037426501889707272
Overall Recall,0.993894472361809,0.003850526784405325
Authentic F1,0.9938431,0.003905793597498808
Authentic Precision,1.0,0.0
Authentic Recall,0.9877889447236181,0.007701053568810626
Synthetic F1,0.9939459054451959,0.0037958336242630234
Synthetic Precision,0.9879926331547492,0.007485300377941381
Synthetic Recall,1.0,0.0
