Metric,Mean,Standard Deviation
Overall F1,0.9150847701796634,0.015024313785434649
Overall Precision,0.9168842063702245,0.014807322907915622
Overall Recall,0.9151749999999998,0.014992653925078507
Authentic F1,0.9175646,0.014397105588740173
Authentic Precision,1.0,0.0
Authentic Recall,0.9438499999999999,0.018570844424157497
Synthetic F1,0.9126049867408565,0.01575470931620464
Synthetic Precision,0.9407457183461057,0.018633200752093848
Synthetic Recall,0.8865000000000001,0.02283560041830841
