Metric,Mean,Standard Deviation
Overall F1,0.34272505722710206,0.0075669688837521785
Overall Precision,0.5538301891697976,0.1729597914752285
Overall Recall,0.50225,0.004181790733331079
Authentic F1,0.6665231,0.002619730379757865
Authentic Precision,0.57,0.4975698519562429
Authentic Recall,0.99485,0.00473835627639166
Synthetic F1,0.018928414805169737,0.013433931213683617
Synthetic Precision,0.6065238095238095,0.34420257698626466
Synthetic Recall,0.00965,0.006899531531454534
