Metric,Mean,Standard Deviation
Overall F1,0.9520617584545064,0.010218740923809162
Overall Precision,0.9525474270106769,0.010118731042741459
Overall Recall,0.9520750000000001,0.010212730963722378
Authentic F1,0.9526485000000001,0.010044594744730052
Authentic Precision,1.0,0.0
Authentic Recall,0.964,0.014016584693306943
Synthetic F1,0.9514756279383191,0.01042440091367713
Synthetic Precision,0.9633227557914071,0.013732827126315173
Synthetic Recall,0.9401500000000002,0.015945852188585005
