Metric,Mean,Standard Deviation
Overall F1,0.9442219496205889,0.006818050924382686
Overall Precision,0.9443939480583272,0.00673734934753928
Overall Recall,0.9442275280898876,0.006814521222513003
Authentic F1,0.9444889,0.006630080806826607
Authentic Precision,1.0,0.0
Authentic Recall,0.9486516853932585,0.009025927600934952
Synthetic F1,0.9439551199696434,0.007039040535617876
Synthetic Precision,0.9482887993852779,0.008473268137106048
Synthetic Recall,0.939803370786517,0.012740183350936934
