Metric,Mean,Standard Deviation
Overall F1,0.7638383262777301,0.021408653413104276
Overall Precision,0.7649759934009893,0.0214692992268736
Overall Recall,0.7640452261306531,0.02139174904203476
Authentic F1,0.7677187000000001,0.022773915774566982
Authentic Precision,1.0,0.0
Authentic Recall,0.7808040201005028,0.03494511235831423
Synthetic F1,0.7599576269736161,0.021611876966526247
Synthetic Precision,0.7740592931070539,0.0275661438367319
Synthetic Recall,0.747286432160804,0.029881331819391805
