Metric,Mean,Standard Deviation
Overall F1,0.37286246985602195,0.018010483924154375
Overall Precision,0.4504854261503729,0.04817817859726478
Overall Recall,0.48612500000000003,0.013616199316930682
Authentic F1,0.6390123,0.012763909968613402
Authentic Precision,0.18,0.38612291966536916
Authentic Recall,0.9102000000000001,0.029830497579802225
Synthetic F1,0.10671282538537236,0.034705256025834526
Synthetic Precision,0.40854243375013405,0.08967947265821219
Synthetic Recall,0.06205,0.022146151363205756
