Metric,Mean,Standard Deviation
Overall F1,0.9743510974504629,0.0068994914125920315
Overall Precision,0.9754303687391136,0.006362613602838724
Overall Recall,0.9743675213675215,0.006886912033712564
Authentic F1,0.9749725666666665,0.006572649706124635
Authentic Precision,1.0,0.0
Authentic Recall,0.996974358974359,0.0039408350121784156
Synthetic F1,0.9737294856222701,0.007228717645929953
Synthetic Precision,0.9968516308907768,0.004065859605637212
Synthetic Recall,0.9517606837606837,0.01352050671828171
