Metric,Mean,Standard Deviation
Overall F1,0.8692099276988074,0.01524043463015848
Overall Precision,0.8767433246736318,0.014456079524228862
Overall Recall,0.8698249999999998,0.015055683681291622
Authentic F1,0.8778686999999998,0.013526645582596286
Authentic Precision,1.0,0.0
Authentic Recall,0.9352499999999999,0.018928026891892376
Synthetic F1,0.8605511324591872,0.01727214806757062
Synthetic Precision,0.9259655834743878,0.0197334541194928
Synthetic Recall,0.8044,0.027324093042698776
