Metric,Mean,Standard Deviation
Overall F1,0.9114609203631555,0.014969556435886622
Overall Precision,0.9149135837724784,0.014230644045668482
Overall Recall,0.9116450216450217,0.01488719417003901
Authentic F1,0.9077171333333335,0.016230012779775038
Authentic Precision,1.0,0.0
Authentic Recall,0.8704545454545454,0.02637875291236947
Synthetic F1,0.9152042653003446,0.013850010733302722
Synthetic Precision,0.8808430745118407,0.021242400877492552
Synthetic Recall,0.9528354978354978,0.017853230003589977
