Metric,Mean,Standard Deviation
Overall F1,0.3796772973738048,0.014116023806987513
Overall Precision,0.6010256603281385,0.07704998285340751
Overall Recall,0.5226992287917738,0.007452863583079895
Authentic F1,0.6798641999999999,0.0045341091537568655
Authentic Precision,1.0,0.0
Authentic Recall,0.9857499999999999,0.00862738768004651
Synthetic F1,0.062019345753850895,0.026173663499954376
Synthetic Precision,0.6879593719833659,0.1553404967808072
Synthetic Recall,0.03269841269841265,0.014315868704777693
