domain,mean,min,max,std
M4_arxiv,0.4944,0.42,0.5575,0.027231517687333465
M4_peerread,0.617875,0.57,0.675,0.023122355158608048
M4_reddit,0.517675,0.4775,0.5475,0.014937813011808581
M4_wikihow,0.509325,0.4925,0.53,0.007367131138517987
M4_wikipedia,0.4839,0.42,0.545,0.027499586773754848
