Metric,Mean,Standard Deviation
Overall F1,0.31497319169324434,0.032224523008961455
Overall Precision,0.31077803187558595,0.03796561639983429
Overall Recall,0.344975,0.027410310583111355
Authentic F1,0.4554015,0.027946339756899845
Authentic Precision,0.0,0.0
Authentic Recall,0.549,0.047498006337746486
Synthetic F1,0.17454499794252226,0.0584796379545155
Synthetic Precision,0.23189003691761836,0.06315468452997502
Synthetic Recall,0.14095,0.05351623467451138
