,Key,Count,Mean Score
0,PRP,100,0.07475873385317107
1,of,100,0.06753974012174238
2,NN,100,0.05368941377967386
3,sentiment,100,0.060135258350526216
4,VB,100,0.052966976568533254
5,DT,97,0.03820572192654183
7,IN,94,0.039273507976201244
8,have,63,0.035346360145670025
12,to,54,0.03529464185349389
14,NNS,45,0.03270815903149592
6,the,38,0.03271045600776433
11,RB,35,0.0336690929988269
13,which,30,0.031315192450638206
10,i,25,0.031872899811464454
9,mean_sen_len,19,0.03312197419421707
