Metric,Mean,Standard Deviation
Overall F1,0.3794325295193948,0.022978747099845383
Overall Precision,0.46856411221290367,0.056784407772999326
Overall Recall,0.49139999999999995,0.01554693123118098
Authentic F1,0.6425758,0.01335949215601651
Authentic Precision,0.31,0.46482319871173167
Authentic Recall,0.9148999999999999,0.031212694904995352
Synthetic F1,0.11628934413871587,0.04350281653860424
Synthetic Precision,0.4418165288703312,0.10558650146347477
Synthetic Recall,0.0679,0.027890297360707483
