Metric,Mean,Standard Deviation
Overall F1,0.9714691666935367,0.008246622871935854
Overall Precision,0.9718195962290583,0.008030514648645709
Overall Recall,0.9714754098360656,0.008240943430592073
Authentic F1,0.9711486000000003,0.008473128889124555
Authentic Precision,1.0,0.0
Authentic Recall,0.9614207650273223,0.014875542533617867
Synthetic F1,0.9717904510440115,0.008028865085500525
Synthetic Precision,0.9623934738341654,0.013894045833478115
Synthetic Recall,0.9815300546448087,0.009083591819131768
