Metric,Mean,Standard Deviation
Overall F1,0.9348349408055268,0.013254566223893574
Overall Precision,0.9352239013132936,0.013144942601892634
Overall Recall,0.93485,0.01324697411608866
Authentic F1,0.9344426000000001,0.013234602001624908
Authentic Precision,1.0,0.0
Authentic Recall,0.9286000000000001,0.01800785462743487
Synthetic F1,0.9352272698864239,0.013344816720132938
Synthetic Precision,0.9297476792643407,0.016529450785329358
Synthetic Recall,0.9411000000000002,0.019625020105503415
