,Key,Count,Mean Score
0,i,100,0.04464730782724499
1,sentiment,100,0.03963404468621954
2,here,100,0.038489758460318234
3,you,100,0.037692275292914905
6,TTR,100,0.029952810188249947
5,and,99,0.034678169344717694
4,very,87,0.027126267341059673
10,but,63,0.0223803461453008
12,at,59,0.022458810432097968
8,so,50,0.02183489407408373
9,well,38,0.021408387859654415
15,JJS,24,0.02156806691701034
7,RB,22,0.02121207860128473
14,NN,18,0.019432218396781838
13,VB,16,0.019505932639447193
11,this,8,0.01937354387223271
18,only,3,0.020081071743657006
22,while,3,0.018268485152614554
16,DT,2,0.018326921941590132
20,just,2,0.019454932777068272
19,what,2,0.01682151909903228
17,VBD,1,0.021642367483640634
21,would,1,0.01834151758853974
23,male_pronouns,1,0.018525184231053544
24,PRP,1,0.018384946960244442
