Metric,Mean,Standard Deviation
Overall F1,0.9780311158269253,0.007182039802308803
Overall Precision,0.9789343241025908,0.006639905709818255
Overall Recall,0.9780434782608696,0.007170635122351051
Authentic F1,0.9785246999999999,0.0068730693090694765
Authentic Precision,1.0,0.0
Authentic Recall,0.9984239130434783,0.003479958824691744
Synthetic F1,0.9775370696297712,0.007493597515073255
Synthetic Precision,0.9983723197760916,0.003589029458171966
Synthetic Recall,0.9576630434782607,0.014102430782340625
