Metric,Mean,Standard Deviation
Overall F1,0.9422006505112936,0.01147059327508911
Overall Precision,0.942493275832508,0.011391919615562861
Overall Recall,0.9422105263157895,0.011465252889852572
Authentic F1,0.9419156,0.011698647692480363
Authentic Precision,1.0,0.0
Authentic Recall,0.9377894736842105,0.01821757512288129
Synthetic F1,0.9424855219028996,0.011287416170764841
Synthetic Precision,0.9386336795370338,0.016858454143328924
Synthetic Recall,0.9466315789473684,0.014648438540807721
