Metric,Mean,Standard Deviation
Overall F1,0.9214098592663382,0.01238173607135068
Overall Precision,0.9233575722994953,0.01200069657344456
Overall Recall,0.9214999999999999,0.012344998578330822
Authentic F1,0.9189445,0.013149963273367303
Authentic Precision,1.0,0.0
Authentic Recall,0.8908,0.020458383478306766
Synthetic F1,0.9238754082735053,0.011689235794724825
Synthetic Precision,0.8974325904544336,0.017246920750690335
Synthetic Recall,0.9521999999999998,0.014448095886568387
