Metric,Mean,Standard Deviation
Overall F1,0.9591424726974882,0.01112117697578491
Overall Precision,0.96036212410224,0.010683506105840521
Overall Recall,0.9591720430107527,0.011102089258105512
Authentic F1,0.9601207666666668,0.01065509863093747
Authentic Precision,1.0,0.0
Authentic Recall,0.9816129032258065,0.012217454635332229
Synthetic F1,0.9581643300720172,0.011608246924134745
Synthetic Precision,0.9809258264613085,0.012442098991576432
Synthetic Recall,0.9367311827956989,0.019844163920708237
