Metric,Mean,Standard Deviation
Overall F1,0.7739242878383088,0.018501164615041404
Overall Precision,0.7746746104790405,0.018651218709595244
Overall Recall,0.77405,0.01850395808054225
Authentic F1,0.7735066999999998,0.019633398726803697
Authentic Precision,1.0,0.0
Authentic Recall,0.7722999999999998,0.030841890704401097
Synthetic F1,0.7743421955713734,0.01887087216466639
Synthetic Precision,0.7737595468840189,0.02323220613011935
Synthetic Recall,0.7757999999999999,0.029333677683929207
