Metric,Mean,Standard Deviation
Overall F1,0.9585269773900942,0.007614217768327849
Overall Precision,0.9587765429564855,0.0075927199701800166
Overall Recall,0.9585331452750352,0.007612613758617673
Authentic F1,0.9589557999999999,0.00750278684654219
Authentic Precision,1.0,0.0
Authentic Recall,0.9672676056338028,0.009772642403332945
Synthetic F1,0.958097281265914,0.007738284649455461
Synthetic Precision,0.9666843749937881,0.009614943080894535
Synthetic Recall,0.9497740112994348,0.011723619344441317
