Metric,Mean,Standard Deviation
Overall F1,0.9880188050269858,0.00590794664200303
Overall Precision,0.9882528210723713,0.005688357967913627
Overall Recall,0.9880205655526992,0.005905423008025696
Authentic F1,0.9879153999999999,0.006029083623017123
Authentic Precision,1.0,0.0
Authentic Recall,0.9792307692307695,0.01167079997707988
Synthetic F1,0.988123908977499,0.005787709322656508
Synthetic Precision,0.9796217259204336,0.01119825908593605
Synthetic Recall,0.9968556701030928,0.004137680702122282
