Metric,Mean,Standard Deviation
Overall F1,0.9093535221387635,0.017204131929248318
Overall Precision,0.9127940524457814,0.016254998081670264
Overall Recall,0.9095454545454544,0.017105792957434134
Authentic F1,0.9054854,0.01866533780010207
Authentic Precision,1.0,0.0
Authentic Recall,0.8683116883116883,0.02898229381417772
Synthetic F1,0.9132216426389869,0.01587058250577531
Synthetic Precision,0.8789268943540332,0.023516318212839445
Synthetic Recall,0.950779220779221,0.017995806421511128
