Metric,Mean,Standard Deviation
Overall F1,0.5171246488026123,0.02952218980360863
Overall Precision,0.6415049253202819,0.03180184572006023
Overall Recall,0.57465,0.020028451984336896
Authentic F1,0.6832585999999999,0.012574216606720572
Authentic Precision,1.0,0.0
Authentic Recall,0.9174,0.023809852811579716
Synthetic F1,0.35099049041322017,0.0505282618393317
Synthetic Precision,0.7384475092225076,0.054137744511462395
Synthetic Recall,0.23190000000000002,0.0425795749394026
