Metric,Mean,Standard Deviation
Overall F1,0.7442685156380254,0.02159094129714043
Overall Precision,0.7450176341282048,0.02157729409860895
Overall Recall,0.7444277360066833,0.02155960851181234
Authentic F1,0.7457693000000001,0.02193188790018362
Authentic Precision,1.0,0.0
Authentic Recall,0.7482833333333334,0.03139940760932087
Synthetic F1,0.7427602021441521,0.023065747892903426
Synthetic Precision,0.7458963069452309,0.024229088270180398
Synthetic Recall,0.7405527638190954,0.03383576408251933
