Metric,Mean,Standard Deviation
Overall F1,0.3431898990207886,0.012588278535969442
Overall Precision,0.4574960700763357,0.12695689800312898
Overall Recall,0.49824999999999997,0.007164199716350564
Authentic F1,0.6622765000000002,0.004806848308046099
Authentic Precision,0.27,0.4461960433384737
Authentic Recall,0.98395,0.009777706037386046
Synthetic F1,0.024104169419635134,0.022733475316727765
Synthetic Precision,0.41587306699148796,0.25093321921505224
Synthetic Recall,0.01255,0.012154206986667105
