Metric,Mean,Standard Deviation
Overall F1,0.3888488067826215,0.024196409673167302
Overall Precision,0.49032831135270255,0.05343446457964323
Overall Recall,0.49790000000000006,0.015657798908744056
Authentic F1,0.6467251,0.011376403320696376
Authentic Precision,0.35,0.4793724854411022
Authentic Recall,0.9193500000000001,0.023318772513045167
Synthetic F1,0.13097285595409416,0.04306525976498746
Synthetic Precision,0.4817660702605023,0.09854427331045733
Synthetic Recall,0.07644999999999999,0.027379626355995793
