Metric,Mean,Standard Deviation
Overall F1,0.9550112986713449,0.009146028289502305
Overall Precision,0.9578075839177106,0.008107249615104475
Overall Recall,0.9550886075949365,0.0091004176156628
Authentic F1,0.9568752,0.008408858301778784
Authentic Precision,1.0,0.0
Authentic Recall,0.9925252525252524,0.006359335057183021
Synthetic F1,0.9531384787300803,0.00989634244215358
Synthetic Precision,0.9919400152873808,0.006806745358648307
Synthetic Recall,0.9174619289340101,0.018046229923733403
