Metric,Mean,Standard Deviation
Overall F1,0.9643956203038527,0.012123544820637896
Overall Precision,0.9656340814680456,0.011298030569067355
Overall Recall,0.9644247787610619,0.012096030342942694
Authentic F1,0.9652721,0.011509050834061433
Authentic Precision,1.0,0.0
Authentic Recall,0.9859292035398226,0.011044144072418131
Synthetic F1,0.9635189472367045,0.01275570883908441
Synthetic Precision,0.9854738947840876,0.011244702392100075
Synthetic Recall,0.942920353982301,0.02384475629361591
