Metric,Mean,Standard Deviation
Overall F1,0.9611807662577603,0.010572597657017903
Overall Precision,0.9637366192533078,0.009153386694778578
Overall Recall,0.9612418300653595,0.010520663310231567
Authentic F1,0.9626488000000001,0.009748131059414166
Authentic Precision,1.0,0.0
Authentic Recall,0.9962745098039217,0.005193566793038647
Synthetic F1,0.9597125511345338,0.011404901665880946
Synthetic Precision,0.9960482046513729,0.00545259760277336
Synthetic Recall,0.9262091503267975,0.021493273402945646
