Metric,Mean,Standard Deviation
Overall F1,0.7614666566529286,0.017402869971917673
Overall Precision,0.7621816630644535,0.017451202780858963
Overall Recall,0.7615989847715734,0.017387999496907273
Authentic F1,0.7623109000000001,0.017735671758272134
Authentic Precision,1.0,0.0
Authentic Recall,0.76497461928934,0.027807855783224457
Synthetic F1,0.7606223644670306,0.018816214370402262
Synthetic Precision,0.7638838164576737,0.020579383228582444
Synthetic Recall,0.7582233502538073,0.030453904384796802
