Metric,Mean,Standard Deviation
Overall F1,0.9488723819225646,0.008033892802752615
Overall Precision,0.9490113733689907,0.007999435107569326
Overall Recall,0.9488764044943823,0.008032316841920911
Authentic F1,0.9491448000000001,0.007961102974189978
Authentic Precision,1.0,0.0
Authentic Recall,0.9540730337078652,0.010008220190277136
Synthetic F1,0.9486000795937178,0.008123830502530256
Synthetic Precision,0.9536663893476387,0.009680430704924652
Synthetic Recall,0.943679775280899,0.011259869851003057
