Metric,Mean,Standard Deviation
Overall F1,0.4455657968198235,0.027482241014735724
Overall Precision,0.5827555031766131,0.03912982801124652
Overall Recall,0.53185,0.01647855968502495
Authentic F1,0.6638889,0.010411656821451464
Authentic Precision,0.97,0.1714466079977653
Authentic Recall,0.9246999999999999,0.021658739808700995
Synthetic F1,0.22724286880651193,0.049302916814771565
Synthetic Precision,0.6475412198512892,0.069927312213238
Synthetic Recall,0.139,0.03513322408125156
