,Key,Count,Mean Score
0,PRP,100,0.07570048413452396
1,of,100,0.06700908764502626
2,VB,100,0.051320849001442764
3,sentiment,100,0.06026181494850468
4,NN,100,0.0537459556444289
5,IN,96,0.03910853894362983
6,DT,96,0.038140151968967535
8,have,61,0.03528770839471214
7,to,55,0.03483307337155153
11,NNS,43,0.03369573900856841
10,the,42,0.03162506170087405
14,RB,37,0.033356264416594984
12,mean_sen_len,30,0.03245123247918139
13,i,25,0.03259927232233661
9,which,15,0.032660827243740344
