Metric,Mean,Standard Deviation
Overall F1,0.9671175014749561,0.010134969664988296
Overall Precision,0.9680067992090471,0.009631241188352424
Overall Recall,0.9671335504885995,0.010120852072623046
Authentic F1,0.9665343333333332,0.010528706509257557
Authentic Precision,1.0,0.0
Authentic Recall,0.9482900432900434,0.018521610145245452
Synthetic F1,0.9677045599937298,0.009748643571172074
Synthetic Precision,0.9501699705437503,0.01697995002820161
Synthetic Recall,0.9861002178649236,0.008776928230189624
