Metric,Mean,Standard Deviation
Overall F1,0.9104095546123385,0.012792687660834155
Overall Precision,0.9152533191596742,0.011906915897344411
Overall Recall,0.910666666666667,0.012691503196309958
Authentic F1,0.9150504999999999,0.011599934027590181
Authentic Precision,1.0,0.0
Authentic Recall,0.9615897435897436,0.013762252151133537
Synthetic F1,0.9057689815941526,0.01408531837271409
Synthetic Precision,0.9574524216236923,0.014555340539934231
Synthetic Recall,0.8597435897435898,0.022316160306637068
