Metric,Mean,Standard Deviation
Overall F1,0.9750348909395747,0.007912967031793738
Overall Precision,0.9760997894500106,0.007311157211697558
Overall Recall,0.975051282051282,0.007899774962473708
Authentic F1,0.9756459,0.007558718705888415
Authentic Precision,1.0,0.0
Authentic Recall,0.9972820512820513,0.0033761913169908357
Synthetic F1,0.9744239652788322,0.00826962958691152
Synthetic Precision,0.9971664729574202,0.0035038704527815333
Synthetic Recall,0.9528205128205128,0.01539324630556619
