Metric,Mean,Standard Deviation
Overall F1,0.8619861936729956,0.02103658165128417
Overall Precision,0.8640484572723185,0.02053534278704211
Overall Recall,0.8621750000000001,0.020948635475439164
Authentic F1,0.8578520000000001,0.022631980769153934
Authentic Precision,1.0,0.0
Authentic Recall,0.8330000000000001,0.033257489473208966
Synthetic F1,0.866120903276617,0.019867083208100312
Synthetic Precision,0.842941577965629,0.02646850123165043
Synthetic Recall,0.8913499999999999,0.026168210724565284
