Metric,Mean,Standard Deviation
Overall F1,0.9411075113642755,0.013128610484849873
Overall Precision,0.9460321399375103,0.011206268371966008
Overall Recall,0.941291810841984,0.01301734119859571
Authentic F1,0.9443994,0.01177484236337261
Authentic Precision,1.0,0.0
Authentic Recall,0.9914712643678161,0.007653081350995844
Synthetic F1,0.937792682670273,0.014512490431841617
Synthetic Precision,0.9905267979129584,0.008416915652462293
Synthetic Recall,0.8907638888888888,0.025314438655249807
