Metric,Mean,Standard Deviation
Overall F1,0.6398728569755209,0.029954109965355125
Overall Precision,0.6509429406911472,0.03348729857644137
Overall Recall,0.643775,0.0301856524049276
Authentic F1,0.6087243999999999,0.03680515566431893
Authentic Precision,1.0,0.0
Authentic Recall,0.55685,0.0594616207602378
Synthetic F1,0.671021469146286,0.036344234871521046
Synthetic Precision,0.6231512167119877,0.026847439944371047
Synthetic Recall,0.7306999999999999,0.07066430813674217
