Metric,Mean,Standard Deviation
Overall F1,0.3151292848474539,0.011831387377648623
Overall Precision,0.27861729497496523,0.030991470027643655
Overall Recall,0.4421,0.02235141737308528
Authentic F1,0.6095478,0.02229793252997038
Authentic Precision,0.0,0.0
Authentic Recall,0.8723000000000001,0.04616297436279645
Synthetic F1,0.02071108414606397,0.011907906870871031
Synthetic Precision,0.08868126359235338,0.055532979710738964
Synthetic Recall,0.011899999999999997,0.006991336630343863
