Metric,Mean,Standard Deviation
Overall F1,0.9143781199954799,0.014513196412672106
Overall Precision,0.9159595797768368,0.013956956804635412
Overall Recall,0.9144615384615384,0.014465876524447377
Authentic F1,0.9166188999999999,0.013670418324309472
Authentic Precision,1.0,0.0
Authentic Recall,0.9395384615384614,0.01751304595156567
Synthetic F1,0.9121371916121196,0.015493113105382088
Synthetic Precision,0.936681667049945,0.01687620119217837
Synthetic Recall,0.8893846153846156,0.02608020672351516
