Metric,Mean,Standard Deviation
Overall F1,0.9728595094116663,0.0059154675631263596
Overall Precision,0.9729600192692311,0.00589454271827427
Overall Recall,0.9728611500701264,0.0059148225697138734
Authentic F1,0.973,0.005867477044581158
Authentic Precision,1.0,0.0
Authentic Recall,0.976498599439776,0.008070391677557867
Synthetic F1,0.9727186450512665,0.005969014769524185
Synthetic Precision,0.9763280884790411,0.007931794577195617
Synthetic Recall,0.9692134831460675,0.009208111352743853
