Metric,Mean,Standard Deviation
Overall F1,0.9069872305417076,0.013754058917597834
Overall Precision,0.9073957901804774,0.013661111569949187
Overall Recall,0.9070103092783504,0.013744142366721886
Authentic F1,0.9076474999999999,0.013674501403574601
Authentic Precision,1.0,0.0
Authentic Recall,0.9139690721649485,0.018860470280207996
Synthetic F1,0.9063273795129215,0.013967556123556142
Synthetic Precision,0.9130487270789408,0.01736123395581357
Synthetic Recall,0.9000515463917529,0.020143104551657638
