Metric,Mean,Standard Deviation
Overall F1,0.845686338503711,0.02068338981089793
Overall Precision,0.8465379273112351,0.020541215683965403
Overall Recall,0.845775,0.020648253649833897
Authentic F1,0.8437197000000001,0.02117558106032569
Authentic Precision,1.0,0.0
Authentic Recall,0.8330000000000001,0.028480012484391762
Synthetic F1,0.8476533945917479,0.0207002605620578
Synthetic Precision,0.8376419772675469,0.023586171347141978
Synthetic Recall,0.8585499999999999,0.028905060547463415
