Metric,Mean,Standard Deviation
Overall F1,0.39960146359313825,0.01887861090271841
Overall Precision,0.7258269100956993,0.03287035698758667
Overall Recall,0.529925,0.009424440341875796
Authentic F1,0.6792581000000001,0.004553347241426916
Authentic Precision,1.0,0.0
Authentic Recall,0.9954,0.004907219995150831
Synthetic F1,0.11994532187919875,0.03365863008258034
Synthetic Precision,0.9361083674749443,0.06404322076047127
Synthetic Recall,0.06445000000000001,0.019252377526010663
