Metric,Mean,Standard Deviation
Overall F1,0.8765424283382369,0.02723880749261119
Overall Precision,0.8786514813839811,0.026352478033676168
Overall Recall,0.8767249999999998,0.02706075982344587
Authentic F1,0.8769956999999998,0.024202910888251578
Authentic Precision,1.0,0.0
Authentic Recall,0.8756,0.029493022629740493
Synthetic F1,0.8760892620729694,0.030871805668369754
Synthetic Precision,0.8766852265590521,0.0246402510361582
Synthetic Recall,0.87785,0.05689017862726768
