Metric,Mean,Standard Deviation
Overall F1,0.8459018961829771,0.01783967038693285
Overall Precision,0.852518497640814,0.017010781449071425
Overall Recall,0.8465981148243359,0.017621901142772484
Authentic F1,0.8560019999999999,0.01583292646781122
Authentic Precision,1.0,0.0
Authentic Recall,0.9091282051282054,0.02091720433937281
Synthetic F1,0.8357499542080452,0.02029773354941438
Synthetic Precision,0.896073741146218,0.021482152185723063
Synthetic Recall,0.7837457044673539,0.030449102407364023
