Metric,Mean,Standard Deviation
Overall F1,0.9670241663428168,0.010391123955620604
Overall Precision,0.9686881874075505,0.009389589313904953
Overall Recall,0.9670588235294119,0.01036217847614027
Authentic F1,0.9660146000000001,0.011006036398818654
Authentic Precision,1.0,0.0
Authentic Recall,0.9394771241830066,0.020681421285872595
Synthetic F1,0.9680331887258516,0.00978119037966426
Synthetic Precision,0.9430075466603399,0.018420132147034474
Synthetic Recall,0.994640522875817,0.005203941901851251
