Metric,Mean,Standard Deviation
Overall F1,0.4070662947071604,0.020551040488930274
Overall Precision,0.7318863013143015,0.026956235063742066
Overall Recall,0.5339,0.010337242662266667
Authentic F1,0.6812221999999999,0.0048686161682699345
Authentic Precision,1.0,0.0
Authentic Recall,0.9958999999999999,0.003785938897200185
Synthetic F1,0.13291063382686732,0.036475401630857655
Synthetic Precision,0.9460929119727882,0.05193207903645054
Synthetic Recall,0.0719,0.021115124552047636
