Metric,Mean,Standard Deviation
Overall F1,0.8960802992625037,0.009634379898402426
Overall Precision,0.8963440453302327,0.009661490701057632
Overall Recall,0.896096181046676,0.0096339335628167
Authentic F1,0.8960845,0.009776692896368329
Authentic Precision,1.0,0.0
Authentic Recall,0.8949152542372883,0.01608038048179845
Synthetic F1,0.8960768692931101,0.00966425818495556
Synthetic Precision,0.8951537510260745,0.014180629246602095
Synthetic Recall,0.8972804532577903,0.015425153903858568
