Metric,Mean,Standard Deviation
Overall F1,0.40396530810837805,0.023982601052284773
Overall Precision,0.6661410084245525,0.04821566172780448
Overall Recall,0.5280750000000001,0.012195042667271236
Authentic F1,0.6758009999999999,0.006234509935946372
Authentic Precision,1.0,0.0
Authentic Recall,0.9835999999999998,0.009823698412769536
Synthetic F1,0.13212947861673896,0.04312078016621115
Synthetic Precision,0.8175104861482722,0.09263924740417219
Synthetic Recall,0.07255,0.025667798086042724
