Metric,Mean,Standard Deviation
Overall F1,0.3489453623482862,0.010865264143526707
Overall Precision,0.5069787408786073,0.1153534768560107
Overall Recall,0.50115,0.006848099345545784
Authentic F1,0.6637067999999999,0.004745676794981316
Authentic Precision,0.47,0.5016135580465918
Authentic Recall,0.98455,0.009158949919961554
Synthetic F1,0.034184011344472756,0.01895291399987437
Synthetic Precision,0.5133707403707404,0.22765980028357943
Synthetic Recall,0.01775,0.009984204697137547
