Metric,Mean,Standard Deviation
Overall F1,0.4659264546000776,0.02866616223972407
Overall Precision,0.47330378404453577,0.02831099548622531
Overall Recall,0.475525,0.025771663927968667
Authentic F1,0.5273794999999999,0.03488443351650815
Authentic Precision,0.16,0.3684529491774707
Authentic Recall,0.58905,0.07013945344307246
Synthetic F1,0.4044735673213961,0.05821126451568762
Synthetic Precision,0.4664409544056268,0.03656353186833927
Synthetic Recall,0.36199999999999993,0.0772768864002502
