Metric,Mean,Standard Deviation
Overall F1,0.9245060882949879,0.012988900293783542
Overall Precision,0.9261648478307972,0.012541321320744729
Overall Recall,0.9245867393278837,0.012951840385966848
Authentic F1,0.9268062666666667,0.012266207845619142
Authentic Precision,1.0,0.0
Authentic Recall,0.9516123188405796,0.015621126470021809
Synthetic F1,0.9221934992692612,0.01380560313113852
Synthetic Precision,0.9488533426984582,0.015557955853122057
Synthetic Recall,0.8974134790528232,0.02291647598028807
