Metric,Mean,Standard Deviation
Overall F1,0.9730517536483406,0.007615742725433916
Overall Precision,0.9742448719913396,0.007004776670182426
Overall Recall,0.9730710659898477,0.007600576893482453
Authentic F1,0.9737433000000001,0.007238235717193709
Authentic Precision,1.0,0.0
Authentic Recall,0.9968697123519458,0.0038602604488167324
Synthetic F1,0.9723603786006056,0.007995106721064859
Synthetic Precision,0.9967281029902334,0.00402533459945644
Synthetic Recall,0.9492724196277497,0.01467213240906835
