Metric,Mean,Standard Deviation
Overall F1,0.34157077063012226,0.007841588740467984
Overall Precision,0.5642137170210728,0.1768503785594236
Overall Recall,0.5018999999999999,0.004280564486517199
Authentic F1,0.6664671999999999,0.0026773053240114054
Authentic Precision,0.57,0.497569851956243
Authentic Recall,0.9953000000000002,0.0049655378013429416
Synthetic F1,0.016675645057020672,0.014011648647529218
Synthetic Precision,0.6274675324675325,0.35210902161708346
Synthetic Recall,0.0085,0.007264831572567789
