Metric,Mean,Standard Deviation
Overall F1,0.5029401911226768,0.027375306084177924
Overall Precision,0.5050800249024947,0.02764431733903588
Overall Recall,0.505,0.027115074639898613
Authentic F1,0.5263465,0.03218710590618799
Authentic Precision,0.54,0.500908265962033
Authentic Recall,0.5518500000000001,0.051136848482549964
Synthetic F1,0.47953389661646395,0.03800244716920559
Synthetic Precision,0.5055054127960925,0.030928101739249488
Synthetic Recall,0.45815,0.05235202812198252
