Metric,Mean,Standard Deviation
Overall F1,0.9231430384599365,0.009740489710713956
Overall Precision,0.9245977174827867,0.009525671471434613
Overall Recall,0.923210749646393,0.009719294725057316
Authentic F1,0.9253019,0.00927717626133288
Authentic Precision,1.0,0.0
Authentic Recall,0.9496045197740112,0.01287157058511592
Synthetic F1,0.9209784116497391,0.010281031848584896
Synthetic Precision,0.9468424783399628,0.01278278084682578
Synthetic Recall,0.8967422096317279,0.016869711269853458
