,Key,Count,Mean Score
0,TTR,100,0.11048994984110108
1,lex_density,100,0.035042133043914014
2,and,100,0.029499455848934687
4,that,100,0.03124897569258052
3,VB,95,0.02760163234055315
6,is,92,0.026210337597347165
10,RB,71,0.023962006748772042
5,the,69,0.02390991227827753
9,can,69,0.024442586316312152
8,for,66,0.02418888162926608
7,be,62,0.024377771652640996
11,DT,60,0.023933818906059463
13,how,13,0.023385506402076577
14,JJ,2,0.022604753511009143
12,NN,1,0.02359389215597981
