Metric,Mean,Standard Deviation
Overall F1,0.49446685776276506,0.029217923952499884
Overall Precision,0.49972160297394785,0.02935697510383927
Overall Recall,0.4997999999999999,0.02821427749465604
Authentic F1,0.5395106999999999,0.03327121719210832
Authentic Precision,0.49,0.5024183937956913
Authentic Recall,0.5882999999999999,0.05733218814923949
Synthetic F1,0.4494229700001465,0.04508207024085349
Synthetic Precision,0.4995369088767185,0.03465052485012443
Synthetic Recall,0.4112999999999999,0.05943598542664506
