Metric,Mean,Standard Deviation
Overall F1,0.9814341957217099,0.0070978039862715225
Overall Precision,0.9816988454618917,0.006977660285253156
Overall Recall,0.9814366197183096,0.0070957704741717
Authentic F1,0.9812845,0.00720758934678712
Authentic Precision,1.0,0.0
Authentic Recall,0.9717415730337078,0.011501099255589602
Synthetic F1,0.9815842998872433,0.006990308420049525
Synthetic Precision,0.9722423746388794,0.01102814651966248
Synthetic Recall,0.9911864406779661,0.007106577123959776
