Metric,Mean,Standard Deviation
Overall F1,0.9450411717615596,0.008107490985439716
Overall Precision,0.9452733630463875,0.008035095721080139
Overall Recall,0.9450490883590463,0.008103317127021909
Authentic F1,0.9455189999999999,0.007963690898526428
Authentic Precision,1.0,0.0
Authentic Recall,0.9522128851540616,0.010945569786756594
Synthetic F1,0.9445618303937415,0.008283189958806853
Synthetic Precision,0.9515068353565078,0.010526395031600326
Synthetic Recall,0.937865168539326,0.012920484740674488
