Metric,Mean,Standard Deviation
Overall F1,0.39235747008013033,0.03383554380220704
Overall Precision,0.5396967024272807,0.08170822099159639
Overall Recall,0.5079,0.01683520841641833
Authentic F1,0.6562339,0.014685294430659248
Authentic Precision,0.7,0.4605661864718382
Authentic Recall,0.9403999999999999,0.04196366874987807
Synthetic F1,0.1284810127332362,0.06887544882086788
Synthetic Precision,0.575105550164677,0.15637361245465592
Synthetic Recall,0.0754,0.0454810427818586
