Metric,Mean,Standard Deviation
Overall F1,0.37547619468827237,0.014641282856921891
Overall Precision,0.6231160711054524,0.06777758294955967
Overall Recall,0.513975,0.008675512676609971
Authentic F1,0.669538,0.005397037346657148
Authentic Precision,0.93,0.2564323999762428
Authentic Recall,0.9847,0.008871131252380942
Synthetic F1,0.0814146715717678,0.02528918863621337
Synthetic Precision,0.7390181917755446,0.13159582278291773
Synthetic Recall,0.04325000000000001,0.013951123194346698
