Metric,Mean,Standard Deviation
Overall F1,0.5546025279261576,0.024422617699076336
Overall Precision,0.6460586848649771,0.02576774726550122
Overall Recall,0.5950753768844221,0.01809975565727316
Authentic F1,0.6888956999999999,0.012567877142488578
Authentic Precision,1.0,0.0
Authentic Recall,0.8921999999999999,0.024734141945452214
Synthetic F1,0.4189526888612273,0.04093176308822043
Synthetic Precision,0.7316858606004532,0.04273710481420217
Synthetic Recall,0.2949494949494949,0.03819461572444079
