Metric,Mean,Standard Deviation
Overall F1,0.9358952272167097,0.013236838656234625
Overall Precision,0.9399750974694092,0.011620890214202532
Overall Recall,0.9360526315789474,0.013135613777447817
Authentic F1,0.9389301,0.011921588557204653
Authentic Precision,1.0,0.0
Authentic Recall,0.9812500000000002,0.010470303860636038
Synthetic F1,0.9328608233620335,0.014586530709522195
Synthetic Precision,0.9795393580535474,0.011106533327898281
Synthetic Recall,0.8908552631578948,0.025627205299704078
