Metric,Mean,Standard Deviation
Overall F1,0.9577320250057271,0.010599030618857572
Overall Precision,0.9597723984625786,0.009614030599790161
Overall Recall,0.9577842003853565,0.01055993119949257
Authentic F1,0.9591259000000001,0.009887092301104941
Authentic Precision,1.0,0.0
Authentic Recall,0.9885934489402697,0.008468639538470227
Synthetic F1,0.9563381466556139,0.011325817994691147
Synthetic Precision,0.9879527177476006,0.008805559818164435
Synthetic Recall,0.9269749518304432,0.020912705392230738
