Metric,Mean,Standard Deviation
Overall F1,0.9488356997800742,0.009664550234444975
Overall Precision,0.9526322915804372,0.008358430414007974
Overall Recall,0.9489478114478116,0.009604131367792163
Authentic F1,0.9511718333333332,0.00880380483488767
Authentic Precision,1.0,0.0
Authentic Recall,0.992979797979798,0.006163958348874677
Synthetic F1,0.9465006583474569,0.010537481426100892
Synthetic Precision,0.9923636953706506,0.006657272146944461
Synthetic Recall,0.9049158249158249,0.019105995986861666
