Metric,Mean,Standard Deviation
Overall F1,0.9888740882346871,0.005578977093120323
Overall Precision,0.988976589564635,0.005467703576824971
Overall Recall,0.9888750000000001,0.005577450541730927
Authentic F1,0.9889404,0.005509268392647272
Authentic Precision,1.0,0.0
Authentic Recall,0.9934499999999999,0.005582032865282232
Synthetic F1,0.9888073851210948,0.005650583559607374
Synthetic Precision,0.9934209693388633,0.005559662498015941
Synthetic Recall,0.9843000000000001,0.009744721440841505
