Metric,Mean,Standard Deviation
Overall F1,0.39301758625041566,0.01614531567426692
Overall Precision,0.6592831093537067,0.05716824896020906
Overall Recall,0.522625,0.008575091659550763
Authentic F1,0.6734185,0.005199006388170952
Authentic Precision,0.99,0.09999999999999999
Authentic Recall,0.9843499999999998,0.010363470227270175
Synthetic F1,0.11261647855244043,0.029258584775381024
Synthetic Precision,0.806778147902411,0.1115127196096942
Synthetic Recall,0.06090000000000001,0.016883139638124305
