Metric,Mean,Standard Deviation
Overall F1,0.34337437733107096,0.008097709675572218
Overall Precision,0.5434805087812467,0.1581478308997297
Overall Recall,0.502025,0.004419524518508399
Authentic F1,0.6661197,0.0028449552924715016
Authentic Precision,0.54,0.5009082659620331
Authentic Recall,0.9934999999999998,0.005573204290227132
Synthetic F1,0.020630401547909124,0.014590685654006473
Synthetic Precision,0.5859365079365079,0.31449020111182546
Synthetic Recall,0.010549999999999999,0.0075510050170607594
