Metric,Mean,Standard Deviation
Overall F1,0.3604918421435647,0.013959205806061185
Overall Precision,0.6481569076455809,0.08660860616719317
Overall Recall,0.509825,0.007055471048567331
Authentic F1,0.6694843999999998,0.003892572133972832
Authentic Precision,0.91,0.2876234912646614
Authentic Recall,0.99285,0.006326750965367441
Synthetic F1,0.05150060915075041,0.025059075249951157
Synthetic Precision,0.791298076923077,0.17075735206619935
Synthetic Recall,0.026800000000000004,0.01343747210473966
