Metric,Mean,Standard Deviation
Overall F1,0.8761652264816883,0.014987350361128988
Overall Precision,0.876954731806565,0.015036771214778087
Overall Recall,0.8762249999999999,0.014981027563845098
Authentic F1,0.8781183,0.014991484724753758
Authentic Precision,1.0,0.0
Authentic Recall,0.8920999999999999,0.022032803826214333
Synthetic F1,0.8742124067448362,0.01522946094883949
Synthetic Precision,0.8889743444192321,0.02030753445222274
Synthetic Recall,0.8603500000000001,0.02071030339388265
