Metric,Mean,Standard Deviation
Overall F1,0.34143801600115936,0.007335462629823234
Overall Precision,0.5249683873894828,0.17129332016105225
Overall Recall,0.5006499999999999,0.00528983206088087
Authentic F1,0.6652328999999999,0.003861585034645484
Authentic Precision,0.46,0.5009082659620331
Authentic Recall,0.9922999999999998,0.007501514998500461
Synthetic F1,0.017644380063660817,0.012295783283758752
Synthetic Precision,0.549611111111111,0.3404132658182998
Synthetic Recall,0.009000000000000001,0.00631656472293207
