Metric,Mean,Standard Deviation
Overall F1,0.9532889515699607,0.008444584349215873
Overall Precision,0.9536867305806486,0.008328027942188343
Overall Recall,0.9533004231311708,0.008438595247013311
Authentic F1,0.9539507999999998,0.008217808535814955
Authentic Precision,1.0,0.0
Authentic Recall,0.9657464788732392,0.009796725294989343
Synthetic F1,0.9526247144892629,0.008688662723233851
Synthetic Precision,0.9648558895204488,0.009735849052225732
Synthetic Recall,0.940819209039548,0.013049780171008378
