Metric,Mean,Standard Deviation
Overall F1,0.34044893170933443,0.006729757264607633
Overall Precision,0.5363454166905769,0.18790091392479663
Overall Recall,0.5013,0.004058909641116369
Authentic F1,0.6661535,0.0027597278357245226
Authentic Precision,0.5,0.502518907629606
Authentic Recall,0.9951000000000001,0.005364492313143699
Synthetic F1,0.014745943985814304,0.011869084302350664
Synthetic Precision,0.5720357142857143,0.37422019728806144
Synthetic Recall,0.0075,0.006092717958449424
