Metric,Mean,Standard Deviation
Overall F1,0.9704963260568371,0.009907367380110806
Overall Precision,0.9707023952040679,0.009823130930296364
Overall Recall,0.9704999999999998,0.009904850357580408
Authentic F1,0.9705910999999999,0.009888537685909709
Authentic Precision,1.0,0.0
Authentic Recall,0.9737499999999999,0.014113089418312819
Synthetic F1,0.9704015262160759,0.00993889153417983
Synthetic Precision,0.9737678396801295,0.013749706729824996
Synthetic Recall,0.9672500000000003,0.013951123194346701
