Metric,Mean,Standard Deviation
Overall F1,0.47211352924213307,0.026348846586999153
Overall Precision,0.47353220822372066,0.02699766997693297
Overall Recall,0.47570694087403587,0.026786241642792943
Authentic F1,0.5164633,0.034117784250025866
Authentic Precision,0.35,0.4793724854411022
Authentic Recall,0.54665,0.05365459585688496
Synthetic F1,0.42518243686587937,0.03515258041463586
Synthetic Precision,0.455364728140789,0.030899352992492555
Synthetic Recall,0.4006349206349206,0.046126405184203016
