Metric,Mean,Standard Deviation
Overall F1,0.9541355792191598,0.01063043169179202
Overall Precision,0.9554569645433593,0.010045992581847666
Overall Recall,0.9541719745222932,0.010605041926562454
Authentic F1,0.9529926999999999,0.01120209665214688
Authentic Precision,1.0,0.0
Authentic Recall,0.930700636942675,0.02022878660012173
Synthetic F1,0.9552790337936998,0.01008937460797374
Synthetic Precision,0.9341807157832686,0.01777772254126276
Synthetic Recall,0.9776433121019109,0.011855598398125639
