Metric,Mean,Standard Deviation
Overall F1,0.9485041734516664,0.01107035620803341
Overall Precision,0.9519069981351889,0.009773353576123292
Overall Recall,0.9486133333333333,0.01100379691637756
Authentic F1,0.9508714000000001,0.010095112230653755
Authentic Precision,1.0,0.0
Authentic Recall,0.9901595744680851,0.006650279253989741
Synthetic F1,0.9461239701984198,0.012060921296755884
Synthetic Precision,0.9892518858299714,0.007171591706166672
Synthetic Recall,0.9068449197860963,0.0209838207744776
