Metric,Mean,Standard Deviation
Overall F1,0.9072042724846423,0.013238020655693974
Overall Precision,0.9075835110428706,0.013217195727457779
Overall Recall,0.907225,0.013233027055458825
Authentic F1,0.9073013999999998,0.013352765840677338
Authentic Precision,1.0,0.0
Authentic Recall,0.90835,0.020264102210160676
Synthetic F1,0.9071069048480129,0.013273548248173046
Synthetic Precision,0.9085159193983978,0.018288446531826187
Synthetic Recall,0.9061000000000001,0.01954766254852767
