Metric,Mean,Standard Deviation
Overall F1,0.8813512958928051,0.01540513687224845
Overall Precision,0.8935653763707776,0.013010033056965398
Overall Recall,0.882210796915167,0.015083870419177747
Authentic F1,0.8716115333333334,0.017997424852460295
Authentic Precision,1.0,0.0
Authentic Recall,0.7992649572649572,0.02852773177194808
Synthetic F1,0.8911413057599964,0.012936239697240948
Synthetic Precision,0.8276540268805691,0.02035064271653664
Synthetic Recall,0.9655841924398627,0.012799716315899322
