Metric,Mean,Standard Deviation
Overall F1,0.8697803965605984,0.016373590911547303
Overall Precision,0.8709099979472286,0.01614752149328177
Overall Recall,0.869875,0.016339110759280632
Authentic F1,0.8673205,0.01757649827658133
Authentic Precision,1.0,0.0
Authentic Recall,0.8516999999999999,0.02878183349604296
Synthetic F1,0.8722404424907895,0.01552605780477949
Synthetic Precision,0.8575736498589862,0.023627326161356328
Synthetic Recall,0.8880500000000001,0.021413379655785984
