Metric,Mean,Standard Deviation
Overall F1,0.3341639819037036,0.0030954414390648574
Overall Precision,0.3366499667702948,0.1428199640807464
Overall Recall,0.49795,0.003125732237444852
Authentic F1,0.6643889999999998,0.0027782995671540734
Authentic Precision,0.08,0.2726599243442907
Authentic Recall,0.9939,0.006497085593719794
Synthetic F1,0.003940158356595648,0.005765034429575018
Synthetic Precision,0.17433333333333334,0.2849618479198951
Synthetic Recall,0.002,0.002930163576638442
