Metric,Mean,Standard Deviation
Overall F1,0.9367637418197948,0.013011622918086524
Overall Precision,0.9391084871805011,0.012140972044648089
Overall Recall,0.9368530701754385,0.012954717443390384
Authentic F1,0.9345878666666666,0.01399874141914034
Authentic Precision,1.0,0.0
Authentic Recall,0.9040570175438596,0.024329038613767156
Synthetic F1,0.9389398019731497,0.01208104536494331
Synthetic Precision,0.910457261166497,0.020535325861196815
Synthetic Recall,0.9696491228070178,0.013660669454459822
