Metric,Mean,Standard Deviation
Overall F1,0.8504661309813534,0.019507930216204332
Overall Precision,0.8535567166876858,0.019481181713939602
Overall Recall,0.8507481296758105,0.01944747971898494
Authentic F1,0.8562294999999998,0.018643544465914347
Authentic Precision,1.0,0.0
Authentic Recall,0.8911500000000001,0.024932788440002858
Synthetic F1,0.8447317142185414,0.0207298716622486
Synthetic Precision,0.8826013356288948,0.024431545669497515
Synthetic Recall,0.8105472636815919,0.027611544150990954
