,Key,Count,Mean Score
0,TTR,100,0.060867014043386805
1,mean_sen_len,100,0.03467554618670814
2,don,99,0.026844666125305554
3,sentiment,99,0.02709224695956588
6,so,99,0.024610868275818303
7,VBP,84,0.01828985632380524
9,VBD,75,0.01892439346404298
5,i,74,0.017799852300397618
8,just,70,0.01971957699864928
10,the,44,0.017471834927393733
4,VBG,39,0.017881324879631844
11,NNS,37,0.016948926720179367
14,any,20,0.017442400234022756
12,have,12,0.017486849797943387
15,me,12,0.017588331992339907
18,NN,10,0.016728830122926273
16,is,8,0.01730644888073781
13,lex_density,7,0.01590038728318096
17,because,3,0.01873868161005139
19,and,2,0.016088396539183543
20,been,2,0.014529123386439712
22,VB,2,0.014439835049866498
21,am,1,0.016398434743208984
23,or,1,0.014286453935106587
