Metric,Mean,Standard Deviation
Overall F1,0.9121742788520684,0.014876747667211304
Overall Precision,0.9154530187368134,0.013859866395396988
Overall Recall,0.91235,0.014787296622917313
Authentic F1,0.9159013000000001,0.013561120797442526
Authentic Precision,1.0,0.0
Authentic Recall,0.9533499999999999,0.013182001043663712
Synthetic F1,0.9084471052349917,0.01626422627685778
Synthetic Precision,0.9493242197269565,0.013795445355085471
Synthetic Recall,0.87135,0.026023056987016256
