Metric,Mean,Standard Deviation
Overall F1,0.9299362968577013,0.00965828112745461
Overall Precision,0.9301281748060106,0.009660917065329963
Overall Recall,0.9299438202247192,0.00965720204059988
Authentic F1,0.929982,0.009678454776909734
Authentic Precision,1.0,0.0
Authentic Recall,0.9306179775280902,0.014270127615653284
Synthetic F1,0.9298903782967141,0.009694143146510842
Synthetic Precision,0.9307102423318326,0.013253537729273396
Synthetic Recall,0.9292696629213485,0.014083931812420694
