,Key,Count,Mean Score
0,mean_sen_len,100,0.10254551908570594
1,sentiment,100,0.04485907189175032
2,so,100,0.03452610308460319
3,any,100,0.036581678552203435
4,or,100,0.028410934202848886
5,don,100,0.02818181439333781
6,VBP,100,0.02458638810335022
7,been,100,0.027032272317372878
8,because,94,0.021244180022883134
10,VBG,72,0.01848190951544758
11,your,18,0.018853493772832082
9,have,7,0.016171751416225327
12,then,4,0.015915741437600363
13,you,2,0.01793481118330333
14,NNS,2,0.01542261610413731
15,DT,1,0.016323527485158112
