Metric,Mean,Standard Deviation
Overall F1,0.9411049356215441,0.012787234298825693
Overall Precision,0.9439275537959797,0.01175890250822136
Overall Recall,0.9412043010752689,0.012724770195336688
Authentic F1,0.9388133000000001,0.013787456908485492
Authentic Precision,1.0,0.0
Authentic Recall,0.9040215053763441,0.023019294638284594
Synthetic F1,0.9433965548875747,0.011821639988195564
Synthetic Precision,0.9110721238951381,0.01940946427958583
Synthetic Recall,0.9783870967741936,0.011207174988126501
