Metric,Mean,Standard Deviation
Overall F1,0.49509617620763985,0.028596866092612177
Overall Precision,0.49774309977778536,0.02841301857060043
Overall Recall,0.4979,0.027788250551030895
Authentic F1,0.5233397,0.029969163561159917
Authentic Precision,0.42,0.49604496374885826
Authentic Recall,0.5529,0.05055839707854191
Synthetic F1,0.46685219494650887,0.045186253457436217
Synthetic Precision,0.4968121019705782,0.03174433604132641
Synthetic Recall,0.4429,0.06252748890437605
