,Key,Count,Mean Score
0,of,100,0.06710976053751147
1,PRP,100,0.07555531078833001
2,sentiment,100,0.060384200068257184
3,NN,100,0.05272056598092915
4,VB,100,0.05271164248374025
5,DT,99,0.03825679040597648
9,IN,96,0.039006609994218726
7,have,65,0.03485462269985002
12,to,60,0.03541809159900511
13,NNS,40,0.033588968796805715
11,the,33,0.03298326886559788
14,i,31,0.03222888903581697
6,RB,30,0.032886561019104525
8,mean_sen_len,25,0.03261083954724156
10,which,21,0.032378485257707104
