Metric,Mean,Standard Deviation
Overall F1,0.33612505473265086,0.004869380716763291
Overall Precision,0.4070041186862119,0.18879584369920502
Overall Recall,0.49902499999999994,0.003387719205326993
Authentic F1,0.6649694999999999,0.002680568074498434
Authentic Precision,0.23,0.4229525846816507
Authentic Recall,0.9943500000000002,0.006015762124568591
Synthetic F1,0.007281859192070053,0.00888626692636849
Synthetic Precision,0.31450000000000006,0.37645084100083465
Synthetic Recall,0.0037,0.004529365464957703
