Metric,Mean,Standard Deviation
Overall F1,0.9441565366827278,0.01092550251926108
Overall Precision,0.9481819584046324,0.009588770884724134
Overall Recall,0.9442946990116802,0.010852057147784915
Authentic F1,0.9469282333333334,0.00991775846594641
Authentic Precision,1.0,0.0
Authentic Recall,0.9896774193548387,0.007853966197120253
Synthetic F1,0.9413701404666828,0.011957769977596957
Synthetic Precision,0.988669522313939,0.008526394378541864
Synthetic Recall,0.8986666666666667,0.021041542190168076
