Metric,Mean,Standard Deviation
Overall F1,0.8306986744925372,0.018931680419183552
Overall Precision,0.8360217489427548,0.0181192975373649
Overall Recall,0.8313131313131313,0.018695070682950937
Authentic F1,0.8401583000000001,0.01692323446500626
Authentic Precision,1.0,0.0
Authentic Recall,0.8863636363636362,0.024274500087115947
Synthetic F1,0.8212396667534297,0.021656319694135347
Synthetic Precision,0.8729151140616005,0.023571331184292974
Synthetic Recall,0.7762626262626263,0.03327360749789382
