Metric,Mean,Standard Deviation
Overall F1,0.4930396859407653,0.024922492382852036
Overall Precision,0.4954693534717697,0.025308505372730095
Overall Recall,0.4955250000000001,0.024815722350106505
Authentic F1,0.5214441,0.02976485969930301
Authentic Precision,0.45,0.5
Authentic Recall,0.5513000000000001,0.04859448777818572
Synthetic F1,0.4646357229696851,0.03583940890975221
Synthetic Precision,0.49491909079664026,0.028317793533062432
Synthetic Recall,0.43975000000000003,0.049616585488680656
