,Key,Count,Mean Score
0,NN,100,0.053724984128262356
1,PRP,100,0.07480496735635164
2,VB,100,0.051888374070950455
3,of,100,0.0681482172325657
4,sentiment,100,0.06015831383907088
8,IN,96,0.03892401684763868
6,DT,95,0.03825263601438652
9,have,64,0.0356186955929957
7,to,60,0.03602194542647439
11,RB,44,0.0328052930745082
5,NNS,43,0.033058889216574544
10,the,33,0.03354278390152748
12,i,33,0.03346931539856307
13,mean_sen_len,19,0.03342029982538835
14,which,13,0.03259732930789811
